session_number,session_date,session_start_time,session_end_time,market_ticker,starting_balance,ending_balance,session_pnl,session_pnl_percent,trade_number,side,buy_time,buy_price,buy_quantity,buy_cost,buy_order_id,sold,sell_time,sell_price,sell_quantity,sell_proceeds,sell_order_id,exit_type,trade_pnl,trade_pnl_percent,hold_duration_seconds,outcome,emergency_exit,emergency_exit_time,emergency_exit_price,boundary_difference,market_outcome
1,2026-05-31,2026-05-31 11:40:30,2026-05-31 11:44:58,KXETH15M-26MAY311145-45,23.77,23.814999999999998,0.04499999999999815,0.1893142616743717,1,NO,2026-05-31 11:42:52,0.995,9,8.955,729ba647-2051-442b-8b1f-1289e2af32b8,True,2026-05-31 11:44:58,1.0,9,9.0,,SETTLEMENT,0.04500000000000004,0.5025125628140708,126,WIN,False,,,,NO
1,2026-05-31,2026-05-31 12:12:09,2026-05-31 12:14:55,KXETH15M-26MAY311215-15,23.86,23.865,0.004999999999999005,0.020955574182728438,1,NO,2026-05-31 12:13:09,0.995,1,0.995,b70660c7-2b93-40f0-92ec-e569d7c8a684,True,2026-05-31 12:14:55,1.0,1,1.0,,SETTLEMENT,0.0050000000000000044,0.5025125628140708,106,WIN,False,,,,NO
2,2026-05-31,2026-05-31 12:16:07,2026-05-31 12:29:57,KXETH15M-26MAY311230-30,23.91,23.955,0.04499999999999815,0.188205771643656,1,NO,2026-05-31 12:29:26,0.995,9,8.955,f3ab5fbe-d2b2-4fd2-a00a-5ef30705e24e,True,2026-05-31 12:29:57,1.0,9,9.0,,SETTLEMENT,0.04500000000000004,0.5025125628140708,31,WIN,False,,,,NO
3,2026-05-31,2026-05-31 12:31:07,2026-05-31 12:44:59,KXETH15M-26MAY311245-45,24.1,24.145000000000003,0.045000000000001705,0.18672199170125187,1,NO,2026-05-31 12:41:22,0.9949999999999998,9,8.954999999999998,e568a625-244a-4dc0-931b-52d2fd47314c,True,2026-05-31 12:44:59,1.0,9,9.0,,SETTLEMENT,0.04500000000000204,0.5025125628140932,217,WIN,False,,,,NO
4,2026-05-31,2026-05-31 12:46:12,2026-05-31 12:59:58,KXETH15M-26MAY311300-00,24.18,24.225,0.045000000000001705,0.18610421836228994,1,YES,2026-05-31 12:59:33,0.995,9,8.955,45f221f3-ac1e-45d0-b892-803149181837,True,2026-05-31 12:59:58,1.0,9,9.0,,SETTLEMENT,0.04500000000000004,0.5025125628140708,25,WIN,False,,,,YES
5,2026-05-31,2026-05-31 13:01:07,2026-05-31 13:14:57,KXETH15M-26MAY311315-15,24.27,24.335,0.06500000000000128,0.26782035434693563,1,NO,2026-05-31 13:12:45,0.9927777777777776,9,8.934999999999999,b75a4917-8c05-4936-88e7-1230f00bbe71,True,2026-05-31 13:14:57,1.0,9,9.0,,SETTLEMENT,0.06500000000000117,0.7274762171236842,132,WIN,False,,,,NO
6,2026-05-31,2026-05-31 13:16:12,2026-05-31 13:29:55,KXETH15M-26MAY311330-30,24.42,24.465000000000003,0.045000000000001705,0.18427518427519124,1,YES,2026-05-31 13:28:22,0.995,9,8.955,4041e247-146e-4151-aac9-21465f5874d1,True,2026-05-31 13:29:55,1.0,9,9.0,,SETTLEMENT,0.04500000000000004,0.5025125628140708,93,WIN,False,,,,YES
7,2026-05-31,2026-05-31 13:31:07,2026-05-31 13:44:55,KXETH15M-26MAY311345-45,24.51,24.555,0.04499999999999815,0.18359853121174277,1,YES,2026-05-31 13:38:16,0.995,9,8.955,e541722e-ea9a-4c77-a27d-0480807207c6,True,2026-05-31 13:44:55,1.0,9,9.0,,SETTLEMENT,0.04500000000000004,0.5025125628140708,399,WIN,False,,,,YES
8,2026-05-31,2026-05-31 13:46:12,2026-05-31 13:59:55,KXETH15M-26MAY311400-00,24.59,24.61,0.019999999999999574,0.08133387555916866,1,YES,2026-05-31 13:59:16,0.995,4,3.98,b6c9d479-81e4-446f-9455-2d6d4923663e,True,2026-05-31 13:59:55,1.0,4,4.0,,SETTLEMENT,0.020000000000000018,0.5025125628140708,39,WIN,False,,,,YES
9,2026-05-31,2026-05-31 14:01:07,2026-05-31 14:14:56,KXETH15M-26MAY311415-15,24.61,24.615,0.004999999999999005,0.020316944331568488,1,NO,2026-05-31 14:13:32,0.995,1,0.995,6a94762e-5f4e-4338-86fa-c66c3cf1c73d,True,2026-05-31 14:14:56,1.0,1,1.0,,SETTLEMENT,0.0050000000000000044,0.5025125628140708,84,WIN,False,,,,NO
10,2026-05-31,2026-05-31 14:16:06,2026-05-31 14:29:56,KXETH15M-26MAY311430-30,24.66,24.705,0.04499999999999815,0.18248175182481002,1,NO,2026-05-31 14:29:28,0.995,9,8.955,5662b716-5694-4c29-bc66-a4f5787e4bd2,True,2026-05-31 14:29:56,1.0,9,9.0,,SETTLEMENT,0.04500000000000004,0.5025125628140708,28,WIN,False,,,,NO
11,2026-05-31,2026-05-31 14:31:07,2026-05-31 14:44:56,KXETH15M-26MAY311445-45,24.71,24.755000000000003,0.045000000000001705,0.1821125050586876,1,NO,2026-05-31 14:42:45,0.995,9,8.955,db014b10-536c-483b-92f7-d7dc521e6902,True,2026-05-31 14:44:56,1.0,9,9.0,,SETTLEMENT,0.04500000000000004,0.5025125628140708,131,WIN,False,,,,NO
13,2026-05-31,2026-05-31 15:01:02,2026-05-31 15:14:57,KXETH15M-26MAY311515-15,24.84,24.86,0.019999999999999574,0.08051529790660054,1,NO,2026-05-31 15:13:45,0.995,4,3.98,4f1a4b35-e628-4cf5-ac66-b5e9d8be4aed,True,2026-05-31 15:14:57,1.0,4,4.0,,SETTLEMENT,0.020000000000000018,0.5025125628140708,72,WIN,False,,,,NO
14,2026-05-31,2026-05-31 15:16:07,2026-05-31 15:29:57,KXETH15M-26MAY311530-30,24.91,24.96,0.05000000000000071,0.20072260136491654,1,NO,2026-05-31 15:26:23,0.9949999999999999,10,9.95,91bdee98-5c89-4687-a574-551f0bd73f9d,True,2026-05-31 15:29:57,1.0,10,10.0,,SETTLEMENT,0.050000000000001155,0.502512562814082,214,WIN,False,,,,NO
16,2026-05-31,2026-05-31 15:31:34,2026-05-31 15:44:59,KXETH15M-26MAY311545-45,25.01,25.015,0.004999999999999005,0.019992003198716534,1,YES,2026-05-31 15:43:57,0.995,1,0.995,67b21b38-22b3-4e1d-883f-bec6bec57c58,True,2026-05-31 15:44:59,1.0,1,1.0,,SETTLEMENT,0.0050000000000000044,0.5025125628140708,62,WIN,False,,,,YES
17,2026-05-31,2026-05-31 15:46:07,2026-05-31 15:59:59,KXETH15M-26MAY311600-00,25.07,25.105,0.03500000000000014,0.13960909453530174,1,YES,2026-05-31 15:58:13,0.995,7,6.965,aaf34a1b-81ba-4cf7-a062-cecdbf0c917c,True,2026-05-31 15:59:59,1.0,7,7.0,,SETTLEMENT,0.03500000000000003,0.5025125628140708,106,WIN,False,,,,YES
18,2026-05-31,2026-05-31 16:01:07,2026-05-31 16:14:57,KXETH15M-26MAY311615-15,25.15,25.154999999999998,0.004999999999999005,0.019880715705761453,1,YES,2026-05-31 16:11:52,0.995,1,0.995,36e2c7c5-148e-4fcf-8ba7-b56e59796ce3,True,2026-05-31 16:14:57,1.0,1,1.0,,SETTLEMENT,0.0050000000000000044,0.5025125628140708,185,WIN,False,,,,YES
19,2026-05-31,2026-05-31 16:16:07,2026-05-31 16:29:57,KXETH15M-26MAY311630-30,25.21,25.245,0.03500000000000014,0.13883379611265426,1,YES,2026-05-31 16:27:56,0.995,7,6.965,6c5519b7-6634-4514-af96-905a8a67bcd9,True,2026-05-31 16:29:57,1.0,7,7.0,,SETTLEMENT,0.03500000000000003,0.5025125628140708,121,WIN,False,,,,YES
20,2026-05-31,2026-05-31 16:31:06,2026-05-31 16:44:59,KXETH15M-26MAY311645-45,25.29,25.34,0.05000000000000071,0.1977066034005564,1,NO,2026-05-31 16:44:08,0.9949999999999999,10,9.95,104abad8-224a-458e-b1ce-652497090e14,True,2026-05-31 16:44:59,1.0,10,10.0,,SETTLEMENT,0.050000000000001155,0.502512562814082,51,WIN,False,,,,NO
21,2026-05-31,2026-05-31 16:46:07,2026-05-31 16:59:57,KXETH15M-26MAY311700-00,25.39,25.42,0.030000000000001137,0.11815675462781071,1,YES,2026-05-31 16:56:13,0.995,6,5.97,7e7f2539-fada-4d40-998e-9797af2dbfb1,True,2026-05-31 16:59:57,1.0,6,6.0,,SETTLEMENT,0.030000000000000027,0.5025125628140708,224,WIN,False,,,,YES
22,2026-05-31,2026-05-31 17:01:11,2026-05-31 17:14:57,KXETH15M-26MAY311715-15,25.47,25.52,0.05000000000000071,0.19630938358853833,1,NO,2026-05-31 17:14:19,0.9949999999999999,10,9.95,a473164e-d295-4afd-990d-f8b314b156e2,True,2026-05-31 17:14:57,1.0,10,10.0,,SETTLEMENT,0.050000000000001155,0.502512562814082,38,WIN,False,,,,NO
2,2026-05-31,2026-05-31 17:46:01,2026-05-31 17:59:55,KXETH15M-26MAY311800-00,25.57,25.62,0.05000000000000071,0.19554165037153193,1,YES,2026-05-31 17:57:59,0.9949999999999999,10,9.95,d865722f-142a-4c0f-ba5f-354e63e07a9c,True,2026-05-31 17:59:55,1.0,10,10.0,,SETTLEMENT,0.050000000000001155,0.502512562814082,116,WIN,False,,,,YES
3,2026-05-31,2026-05-31 18:01:12,2026-05-31 18:14:55,KXETH15M-26MAY311815-15,25.67,25.675,0.004999999999999005,0.019477989871441392,1,NO,2026-05-31 18:12:31,0.995,1,0.995,1faea383-61a5-4781-ba7c-49ccf562a2b5,True,2026-05-31 18:14:55,1.0,1,1.0,,SETTLEMENT,0.0050000000000000044,0.5025125628140708,144,WIN,False,,,,NO
5,2026-05-31,2026-05-31 18:31:02,2026-05-31 18:44:59,KXETH15M-26MAY311845-45,17.35,17.355,0.004999999999999005,0.02881844380402885,1,YES,2026-05-31 18:44:28,0.995,1,0.995,1a5fe866-b80a-49bb-85bf-478dade0fb42,True,2026-05-31 18:44:59,1.0,1,1.0,,SETTLEMENT,0.0050000000000000044,0.5025125628140708,31,WIN,False,,,,YES
6,2026-05-31,2026-05-31 18:46:14,2026-05-31 18:59:57,KXETH15M-26MAY311900-00,17.38,17.41,0.030000000000001137,0.17261219792866017,1,YES,2026-05-31 18:58:46,0.995,6,5.97,e74ee058-28dc-48fe-a4ff-4cd36a747e0c,True,2026-05-31 18:59:57,1.0,6,6.0,,SETTLEMENT,0.030000000000000027,0.5025125628140708,71,WIN,False,,,,YES
1,2026-05-31,2026-05-31 19:13:19,2026-05-31 19:14:59,KXETH15M-26MAY311915-15,17.43,17.465,0.03500000000000014,0.20080321285140643,1,YES,2026-05-31 19:13:30,0.995,7,6.965,4620a4db-c861-4791-b5e3-dac575e4ae19,True,2026-05-31 19:14:59,1.0,7,7.0,,SETTLEMENT,0.03500000000000003,0.5025125628140708,89,WIN,False,,,,YES
2,2026-05-31,2026-05-31 19:16:13,2026-05-31 19:29:56,KXETH15M-26MAY311930-30,17.47,17.505,0.03500000000000014,0.20034344590727043,1,NO,2026-05-31 19:26:24,0.995,7,6.965,88bf6493-e47d-49b0-a46e-51408066ff63,True,2026-05-31 19:29:56,1.0,7,7.0,,SETTLEMENT,0.03500000000000003,0.5025125628140708,212,WIN,False,,,,NO
3,2026-05-31,2026-05-31 19:31:13,2026-05-31 19:44:55,KXETH15M-26MAY311945-45,17.54,17.575,0.03500000000000014,0.19954389965792557,1,NO,2026-05-31 19:42:59,0.995,7,6.965,9ef838af-9c9e-4e77-9219-2a1d9076466d,True,2026-05-31 19:44:55,1.0,7,7.0,,SETTLEMENT,0.03500000000000003,0.5025125628140708,116,WIN,False,,,,NO
4,2026-05-31,2026-05-31 19:46:08,2026-05-31 19:59:55,KXETH15M-26MAY312000-00,17.61,17.645,0.03500000000000014,0.19875070982396445,1,YES,2026-05-31 19:56:30,0.995,7,6.965,8f948668-1efa-4aed-8de5-96f918216059,True,2026-05-31 19:59:55,1.0,7,7.0,,SETTLEMENT,0.03500000000000003,0.5025125628140708,205,WIN,False,,,,YES
5,2026-05-31,2026-05-31 20:01:14,2026-05-31 20:14:59,KXETH15M-26MAY312015-15,17.67,17.740000000000002,0.07000000000000028,0.396151669496323,1,YES,2026-05-31 20:13:38,0.99,7,6.93,922d39bc-4f17-4f43-ba42-988ba150eff0,True,2026-05-31 20:14:59,1.0,7,7.0,,SETTLEMENT,0.07000000000000006,1.010101010101011,81,WIN,False,,,,YES
6,2026-05-31,2026-05-31 20:16:08,2026-05-31 20:29:59,KXETH15M-26MAY312030-30,17.78,17.815,0.03500000000000014,0.1968503937007882,1,YES,2026-05-31 20:27:47,0.995,7,6.965,1adceea2-3f15-41f5-bed0-71b5f81b2d58,True,2026-05-31 20:29:59,1.0,7,7.0,,SETTLEMENT,0.03500000000000003,0.5025125628140708,132,WIN,False,,,,YES
8,2026-05-31,2026-05-31 20:46:02,2026-05-31 20:59:59,KXETH15M-26MAY312100-00,17.85,17.885,0.03500000000000014,0.1960784313725498,1,NO,2026-05-31 20:59:17,0.995,7,6.965,d3f5c53b-9828-404d-8b08-869c8ac8cb44,True,2026-05-31 20:59:59,1.0,7,7.0,,SETTLEMENT,0.03500000000000003,0.5025125628140708,42,WIN,False,,,,NO
9,2026-05-31,2026-05-31 21:01:07,2026-05-31 21:14:59,KXETH15M-26MAY312115-15,17.93,17.935,0.004999999999999005,0.02788622420523706,1,NO,2026-05-31 21:10:12,0.995,1,0.995,dbb5c0f2-9eb5-4af0-8cea-3de95125feaa,True,2026-05-31 21:14:59,1.0,1,1.0,,SETTLEMENT,0.0050000000000000044,0.5025125628140708,287,WIN,False,,,,NO
10,2026-05-31,2026-05-31 21:16:08,2026-05-31 21:29:58,KXETH15M-26MAY312130-30,17.96,17.990000000000002,0.030000000000001137,0.1670378619153738,1,NO,2026-05-31 21:28:43,0.995,6,5.97,e911b9d2-6c98-4c4b-936c-57a562d4586d,True,2026-05-31 21:29:58,1.0,6,6.0,,SETTLEMENT,0.030000000000000027,0.5025125628140708,75,WIN,False,,,,NO
11,2026-05-31,2026-05-31 21:31:08,2026-05-31 21:44:57,KXETH15M-26MAY312145-45,18.02,18.055,0.03500000000000014,0.19422863485016728,1,NO,2026-05-31 21:43:28,0.995,7,6.965,1ca0e6be-63db-48dd-bb03-2b80a2954022,True,2026-05-31 21:44:57,1.0,7,7.0,,SETTLEMENT,0.03500000000000003,0.5025125628140708,89,WIN,False,,,,NO
12,2026-05-31,2026-05-31 21:46:07,2026-05-31 21:59:56,KXETH15M-26MAY312200-00,18.1,18.163,0.06299999999999883,0.34806629834253494,1,NO,2026-05-31 21:57:20,0.991,7,6.937,16b86cb5-5d88-4c73-93a9-0e63f4e4d20f,True,2026-05-31 21:59:56,1.0,7,7.0,,SETTLEMENT,0.06300000000000006,0.9081735620585275,156,WIN,False,,,,NO
13,2026-05-31,2026-05-31 22:01:14,2026-05-31 22:14:58,KXETH15M-26MAY312215-15,18.19,18.213,0.022999999999999687,0.12644310060472616,1,YES,2026-05-31 22:10:03,0.9923333333333333,3,2.977,f898072e-b24f-467b-8f8f-504ec8df363e,True,2026-05-31 22:14:58,1.0,3,3.0,,SETTLEMENT,0.02300000000000013,0.7725898555592924,295,WIN,False,,,,YES
14,2026-05-31,2026-05-31 22:16:07,2026-05-31 22:29:57,KXETH15M-26MAY312230-30,18.24,18.275,0.03500000000000014,0.1918859649122815,1,NO,2026-05-31 22:29:34,0.995,7,6.965,a631eae2-66f1-477e-ae46-1cfa3b85d990,True,2026-05-31 22:29:57,1.0,7,7.0,,SETTLEMENT,0.03500000000000003,0.5025125628140708,23,WIN,False,,,,NO
15,2026-05-31,2026-05-31 22:31:02,2026-05-31 22:44:57,KXETH15M-26MAY312245-45,18.31,18.314999999999998,0.004999999999999005,0.027307482250131108,1,YES,2026-05-31 22:42:21,0.995,1,0.995,1126a0c5-8f17-4fde-8186-655618931e60,True,2026-05-31 22:44:57,1.0,1,1.0,,SETTLEMENT,0.0050000000000000044,0.5025125628140708,156,WIN,False,,,,YES
16,2026-05-31,2026-05-31 22:46:07,2026-05-31 22:59:55,KXETH15M-26MAY312300-00,18.35,18.385,0.03500000000000014,0.19073569482288905,1,NO,2026-05-31 22:59:23,0.995,7,6.965,1470715a-7505-4201-a990-d5d05e495c9c,True,2026-05-31 22:59:55,1.0,7,7.0,,SETTLEMENT,0.03500000000000003,0.5025125628140708,32,WIN,False,,,,NO
17,2026-05-31,2026-05-31 23:01:07,2026-05-31 23:14:56,KXETH15M-26MAY312315-15,18.39,18.46,0.07000000000000028,0.38064165307232345,1,YES,2026-05-31 23:12:30,0.99,7,6.93,eff93d9b-24da-42b0-89c7-e95f9659bb39,True,2026-05-31 23:14:56,1.0,7,7.0,,SETTLEMENT,0.07000000000000006,1.010101010101011,146,WIN,False,,,,YES
18,2026-05-31,2026-05-31 23:16:12,2026-05-31 23:29:56,KXETH15M-26MAY312330-30,18.48,18.515,0.03500000000000014,0.18939393939394017,1,YES,2026-05-31 23:29:05,0.995,7,6.965,1ce9842a-c8bf-47cc-8014-92c526932959,True,2026-05-31 23:29:56,1.0,7,7.0,,SETTLEMENT,0.03500000000000003,0.5025125628140708,51,WIN,False,,,,YES
19,2026-05-31,2026-05-31 23:31:07,2026-05-31 23:44:58,KXETH15M-26MAY312345-45,18.55,18.585,0.03500000000000014,0.18867924528301963,1,NO,2026-05-31 23:41:50,0.995,7,6.965,9bd518f9-a79e-4cf2-8649-e447d91346e5,True,2026-05-31 23:44:58,1.0,7,7.0,,SETTLEMENT,0.03500000000000003,0.5025125628140708,188,WIN,False,,,,NO
20,2026-05-31,2026-05-31 23:46:12,2026-05-31 23:59:55,KXETH15M-26JUN010000-00,18.62,18.630000000000003,0.010000000000001563,0.05370569280344555,1,NO,2026-05-31 23:57:12,0.995,2,1.99,d3d562fb-a876-4b11-8891-799a0639e1ff,True,2026-05-31 23:59:55,1.0,2,2.0,,SETTLEMENT,0.010000000000000009,0.5025125628140708,163,WIN,False,,,,NO
21,2026-06-01,2026-06-01 00:01:12,2026-06-01 00:14:55,KXETH15M-26JUN010015-15,18.66,18.695,0.03500000000000014,0.18756698821007578,1,NO,2026-06-01 00:11:00,0.995,7,6.965,55f30840-3f07-4213-9b1c-0a971afdca62,True,2026-06-01 00:14:55,1.0,7,7.0,,SETTLEMENT,0.03500000000000003,0.5025125628140708,235,WIN,False,,,,NO
22,2026-06-01,2026-06-01 00:16:12,2026-06-01 00:30:00,KXETH15M-26JUN010030-30,18.74,18.775,0.03500000000000014,0.18676627534685242,1,NO,2026-06-01 00:24:51,0.995,7,6.965,882b1077-9cda-4705-ae1f-b1b925fd7785,True,2026-06-01 00:30:00,1.0,7,7.0,,SETTLEMENT,0.03500000000000003,0.5025125628140708,309,WIN,False,,,,NO
23,2026-06-01,2026-06-01 00:31:11,2026-06-01 00:44:56,KXETH15M-26JUN010045-45,18.8,18.830000000000002,0.030000000000001137,0.15957446808511241,1,YES,2026-06-01 00:42:00,0.995,6,5.97,656f5749-371b-4506-a36a-2a5019197939,True,2026-06-01 00:44:56,1.0,6,6.0,,SETTLEMENT,0.030000000000000027,0.5025125628140708,176,WIN,False,,,,YES
24,2026-06-01,2026-06-01 00:46:12,2026-06-01 00:59:59,KXETH15M-26JUN010100-00,18.87,18.875,0.004999999999999005,0.02649708532060946,1,YES,2026-06-01 00:59:00,0.995,1,0.995,df1fff92-f428-4535-a1dc-ca85ecef6c9d,True,2026-06-01 00:59:59,1.0,1,1.0,,SETTLEMENT,0.0050000000000000044,0.5025125628140708,59,WIN,False,,,,YES
25,2026-06-01,2026-06-01 01:01:07,2026-06-01 01:14:59,KXETH15M-26JUN010115-15,18.91,18.945,0.03500000000000014,0.18508725542041324,1,NO,2026-06-01 01:14:12,0.995,7,6.965,5414d27e-63c3-40c6-80a5-b268256e7010,True,2026-06-01 01:14:59,1.0,7,7.0,,SETTLEMENT,0.03500000000000003,0.5025125628140708,47,WIN,False,,,,NO
27,2026-06-01,2026-06-01 01:31:01,2026-06-01 01:44:55,KXETH15M-26JUN010145-45,19.01,19.045,0.03500000000000014,0.18411362440820694,1,YES,2026-06-01 01:43:40,0.995,7,6.965,d7272088-185f-4974-bcfc-a520079f418c,True,2026-06-01 01:44:55,1.0,7,7.0,,SETTLEMENT,0.03500000000000003,0.5025125628140708,75,WIN,False,,,,YES
28,2026-06-01,2026-06-01 01:46:13,2026-06-01 01:59:56,KXETH15M-26JUN010200-00,19.08,19.115,0.03500000000000014,0.1834381551362691,1,NO,2026-06-01 01:58:48,0.995,7,6.965,f10e15b5-6e3f-4fd2-9afe-26705578a2e4,True,2026-06-01 01:59:56,1.0,7,7.0,,SETTLEMENT,0.03500000000000003,0.5025125628140708,68,WIN,False,,,,NO
29,2026-06-01,2026-06-01 02:01:12,2026-06-01 02:14:59,KXETH15M-26JUN010215-15,19.15,19.185,0.03500000000000014,0.18276762402088848,1,NO,2026-06-01 02:11:34,0.995,7,6.965,87030bdb-b612-4de0-8f16-c78407924209,True,2026-06-01 02:14:59,1.0,7,7.0,,SETTLEMENT,0.03500000000000003,0.5025125628140708,205,WIN,False,,,,NO
30,2026-06-01,2026-06-01 02:16:18,2026-06-01 02:29:55,KXETH15M-26JUN010230-30,19.22,19.255,0.03500000000000014,0.18210197710718076,1,NO,2026-06-01 02:26:32,0.995,7,6.965,e80b85a5-607b-4f23-a86d-d0f33baa379c,True,2026-06-01 02:29:55,1.0,7,7.0,,SETTLEMENT,0.03500000000000003,0.5025125628140708,203,WIN,False,,,,NO
31,2026-06-01,2026-06-01 02:31:07,2026-06-01 02:45:00,KXETH15M-26JUN010245-45,19.29,19.387999999999998,0.09799999999999898,0.5080352514256039,1,NO,2026-06-01 02:43:17,0.986,7,6.902,c7da7db6-c8e1-4e81-8cd9-36d5c3930a84,True,2026-06-01 02:45:00,1.0,7,7.0,,SETTLEMENT,0.09800000000000009,1.4198782961460459,103,WIN,False,,,,NO
32,2026-06-01,2026-06-01 02:46:17,2026-06-01 02:59:56,KXETH15M-26JUN010300-00,19.42,19.455000000000002,0.03500000000000014,0.18022657054582977,1,YES,2026-06-01 02:57:02,0.995,7,6.965,8eb461ef-36e8-4da3-af54-c8680116508d,True,2026-06-01 02:59:56,1.0,7,7.0,,SETTLEMENT,0.03500000000000003,0.5025125628140708,174,WIN,False,,,,YES
33,2026-06-01,2026-06-01 03:01:12,2026-06-01 03:14:55,KXETH15M-26JUN010315-15,5.49,5.5,0.009999999999999787,0.18214936247722746,1,YES,2026-06-01 03:14:33,0.995,2,1.99,da9af17e-d5af-423e-b0a3-3080097b17b8,True,2026-06-01 03:14:55,1.0,2,2.0,,SETTLEMENT,0.010000000000000009,0.5025125628140708,22,WIN,False,,,,YES
34,2026-06-01,2026-06-01 03:16:12,2026-06-01 03:30:00,KXETH15M-26JUN010330-30,19.51,19.545,0.03500000000000014,0.179395181957971,1,NO,2026-06-01 03:28:17,0.995,7,6.965,483adb75-b4c4-4dd8-b474-66939c6142b7,True,2026-06-01 03:30:00,1.0,7,7.0,,SETTLEMENT,0.03500000000000003,0.5025125628140708,103,WIN,False,,,,NO
35,2026-06-01,2026-06-01 03:31:12,2026-06-01 03:44:56,KXETH15M-26JUN010345-45,19.57,19.605,0.03500000000000014,0.17884517118037885,1,NO,2026-06-01 03:43:01,0.995,7,6.965,3f8247cb-76ec-4e77-9fac-3647ba67da69,True,2026-06-01 03:44:56,1.0,7,7.0,,SETTLEMENT,0.03500000000000003,0.5025125628140708,115,WIN,False,,,,NO
36,2026-06-01,2026-06-01 03:46:12,2026-06-01 03:59:59,KXETH15M-26JUN010400-00,19.64,19.675,0.03500000000000014,0.17820773930753636,1,NO,2026-06-01 03:58:28,0.995,7,6.965,15efd328-b645-4f84-b09a-bca029fc16f5,True,2026-06-01 03:59:59,1.0,7,7.0,,SETTLEMENT,0.03500000000000003,0.5025125628140708,91,WIN,False,,,,NO
37,2026-06-01,2026-06-01 04:01:07,2026-06-01 04:14:56,KXETH15M-26JUN010415-15,19.71,19.745,0.03500000000000014,0.1775748351090824,1,YES,2026-06-01 04:13:25,0.995,7,6.965,0e452c63-7874-4c89-b98d-103645108356,True,2026-06-01 04:14:56,1.0,7,7.0,,SETTLEMENT,0.03500000000000003,0.5025125628140708,91,WIN,False,,,,YES
38,2026-06-01,2026-06-01 04:16:06,2026-06-01 04:29:59,KXETH15M-26JUN010430-30,19.75,19.785,0.03500000000000014,0.17721518987341844,1,NO,2026-06-01 04:28:46,0.995,7,6.965,15e2cf11-c68b-4784-9aca-38e9f16bb1a0,True,2026-06-01 04:29:59,1.0,7,7.0,,SETTLEMENT,0.03500000000000003,0.5025125628140708,73,WIN,False,,,,NO
39,2026-06-01,2026-06-01 04:31:07,2026-06-01 04:45:00,KXETH15M-26JUN010445-45,19.81,19.894,0.08399999999999963,0.4240282685512349,1,YES,2026-06-01 04:43:42,0.9880000000000001,7,6.916,c6f7ac7f-2d85-4b68-995c-11c86835fdcb,True,2026-06-01 04:45:00,1.0,7,7.0,,SETTLEMENT,0.0839999999999993,1.2145748987854148,78,WIN,False,,,,YES
40,2026-06-01,2026-06-01 04:46:17,2026-06-01 04:59:58,KXETH15M-26JUN010500-00,19.89,19.915,0.02499999999999858,0.12569130216188326,1,YES,2026-06-01 04:57:50,0.9949999999999999,5,4.975,edd12c11-13c0-4891-823d-69a4d8d29969,True,2026-06-01 04:59:58,1.0,5,5.0,,SETTLEMENT,0.025000000000000577,0.502512562814082,128,WIN,False,,,,YES
42,2026-06-01,2026-06-01 05:16:01,2026-06-01 05:29:59,KXETH15M-26JUN010530-30,20.0,20.04,0.03999999999999915,0.19999999999999576,1,YES,2026-06-01 05:28:04,0.995,8,7.96,410d014d-b79e-4f92-84ea-01bc8cc38aad,True,2026-06-01 05:29:59,1.0,8,8.0,,SETTLEMENT,0.040000000000000036,0.5025125628140708,115,WIN,False,,,,YES
45,2026-06-01,2026-06-01 06:01:01,2026-06-01 06:14:55,KXETH15M-26JUN010615-15,20.15,20.189999999999998,0.03999999999999915,0.19851116625309753,1,NO,2026-06-01 06:13:07,0.995,8,7.96,7e360062-3ab7-4db5-ae59-777d4f4dcb77,True,2026-06-01 06:14:55,1.0,8,8.0,,SETTLEMENT,0.040000000000000036,0.5025125628140708,108,WIN,False,,,,NO
46,2026-06-01,2026-06-01 06:16:06,2026-06-01 06:29:58,KXETH15M-26JUN010630-30,20.23,20.27,0.03999999999999915,0.19772614928323848,1,NO,2026-06-01 06:28:01,0.995,8,7.96,6fd38700-a760-41c0-a6a4-64cf43df37bb,True,2026-06-01 06:29:58,1.0,8,8.0,,SETTLEMENT,0.040000000000000036,0.5025125628140708,117,WIN,False,,,,NO
47,2026-06-01,2026-06-01 06:31:07,2026-06-01 06:45:00,KXETH15M-26JUN010645-45,20.31,20.314999999999998,0.004999999999999005,0.02461841457409653,1,YES,2026-06-01 06:43:50,0.995,1,0.995,bc1cc91b-5833-43ee-8bb7-3c7fafa93929,True,2026-06-01 06:45:00,1.0,1,1.0,,SETTLEMENT,0.0050000000000000044,0.5025125628140708,70,WIN,False,,,,YES
48,2026-06-01,2026-06-01 06:46:11,2026-06-01 06:59:58,KXETH15M-26JUN010700-00,20.31,20.381999999999998,0.07199999999999918,0.35450516986705655,1,NO,2026-06-01 06:59:17,0.991,8,7.928,a0a43773-92b6-4a37-ad93-97c81bc4f5ea,True,2026-06-01 06:59:58,1.0,8,8.0,,SETTLEMENT,0.07200000000000006,0.9081735620585276,41,WIN,False,,,,NO
49,2026-06-01,2026-06-01 07:01:12,2026-06-01 07:14:59,KXETH15M-26JUN010715-15,20.42,20.46,0.03999999999999915,0.19588638589617602,1,NO,2026-06-01 07:14:24,0.995,8,7.96,82333ffe-8fc4-423d-8f4f-686a19ec09de,True,2026-06-01 07:14:59,1.0,8,8.0,,SETTLEMENT,0.040000000000000036,0.5025125628140708,35,WIN,False,,,,NO
50,2026-06-01,2026-06-01 07:16:11,2026-06-01 07:29:59,KXETH15M-26JUN010730-30,20.5,20.505,0.004999999999999005,0.02439024390243417,1,YES,2026-06-01 07:29:25,0.995,1,0.995,d5f23e73-fed0-4a92-adb7-68e203ec2a65,True,2026-06-01 07:29:59,1.0,1,1.0,,SETTLEMENT,0.0050000000000000044,0.5025125628140708,34,WIN,False,,,,YES
51,2026-06-01,2026-06-01 07:31:06,2026-06-01 07:44:58,KXETH15M-26JUN010745-45,20.54,20.58,0.03999999999999915,0.1947419668938615,1,YES,2026-06-01 07:43:21,0.995,8,7.96,44031860-46c6-4eed-86c2-a21807b9f333,True,2026-06-01 07:44:58,1.0,8,8.0,,SETTLEMENT,0.040000000000000036,0.5025125628140708,97,WIN,False,,,,YES
52,2026-06-01,2026-06-01 07:46:07,2026-06-01 08:00:00,KXETH15M-26JUN010800-00,20.62,20.630000000000003,0.010000000000001563,0.04849660523764095,1,NO,2026-06-01 07:57:00,0.995,2,1.99,bf57f58b-086f-425e-b83a-40b46e84ea5c,True,2026-06-01 08:00:00,1.0,2,2.0,,SETTLEMENT,0.010000000000000009,0.5025125628140708,180,WIN,False,,,,NO
53,2026-06-01,2026-06-01 08:01:06,2026-06-01 08:14:56,KXETH15M-26JUN010815-15,20.67,20.71,0.03999999999999915,0.19351717464924598,1,NO,2026-06-01 08:11:07,0.995,8,7.96,c332b854-3942-44ee-878c-62ecba85d389,True,2026-06-01 08:14:56,1.0,8,8.0,,SETTLEMENT,0.040000000000000036,0.5025125628140708,229,WIN,False,,,,NO
2,2026-06-01,2026-06-01 09:01:02,2026-06-01 09:14:57,KXETH15M-26JUN010915-15,20.75,20.79,0.03999999999999915,0.1927710843373453,1,NO,2026-06-01 09:10:12,0.995,8,7.96,436fcb57-23de-4741-ae9d-587e110ca494,True,2026-06-01 09:14:57,1.0,8,8.0,,SETTLEMENT,0.040000000000000036,0.5025125628140708,285,WIN,False,,,,NO
3,2026-06-01,2026-06-01 09:16:07,2026-06-01 09:29:55,KXETH15M-26JUN010930-30,20.83,20.901999999999997,0.07199999999999918,0.3456553048487719,1,YES,2026-06-01 09:29:34,0.99,8,7.92,64de755e-929e-455b-9c6d-69427b3a0858,True,2026-06-01 09:29:55,0.999,8,7.992,1257ed0e-2162-467e-9786-498292fa5ccb,MANUAL_STOP_LOSS,0.07200000000000006,0.90909090909091,21,WIN,False,,,,
2,2026-06-01,2026-06-01 10:16:06,2026-06-01 10:29:58,KXETH15M-26JUN011030-30,20.89,20.93,0.03999999999999915,0.19147917663953637,1,NO,2026-06-01 10:29:13,0.995,8,7.96,d1e4bd52-1f9c-4f10-8f90-3383f881f3db,True,2026-06-01 10:29:58,1.0,8,8.0,,SETTLEMENT,0.040000000000000036,0.5025125628140708,45,WIN,False,,,,NO
3,2026-06-01,2026-06-01 10:31:08,2026-06-01 10:45:00,KXETH15M-26JUN011045-45,20.97,20.974999999999998,0.004999999999999005,0.02384358607534099,1,NO,2026-06-01 10:44:07,0.995,1,0.995,d8bbce60-6fd1-455d-8341-96ce8622fa41,True,2026-06-01 10:45:00,1.0,1,1.0,,SETTLEMENT,0.0050000000000000044,0.5025125628140708,53,WIN,False,,,,NO
5,2026-06-01,2026-06-01 11:01:02,2026-06-01 11:14:59,KXETH15M-26JUN011115-15,21.06,21.09,0.030000000000001137,0.14245014245014787,1,YES,2026-06-01 11:13:29,0.995,6,5.97,eaaef771-6292-47d0-b27f-97e8bc068856,True,2026-06-01 11:14:59,1.0,6,6.0,,SETTLEMENT,0.030000000000000027,0.5025125628140708,90,WIN,False,,,,YES
6,2026-06-01,2026-06-01 11:16:12,2026-06-01 11:29:56,KXETH15M-26JUN011130-30,21.08,21.128,0.04800000000000182,0.227703984819743,1,NO,2026-06-01 11:25:48,0.994,8,7.952,9d951aff-dc50-4836-9e55-0c88b287115d,True,2026-06-01 11:29:56,1.0,8,8.0,,SETTLEMENT,0.04800000000000004,0.6036217303822944,248,WIN,False,,,,NO
7,2026-06-01,2026-06-01 11:31:07,2026-06-01 11:45:00,KXETH15M-26JUN011145-45,21.17,21.200000000000003,0.030000000000001137,0.1417099669343464,1,YES,2026-06-01 11:39:09,0.995,6,5.97,dcc86c9b-7b95-42c1-8153-21acdb730925,True,2026-06-01 11:45:00,1.0,6,6.0,,SETTLEMENT,0.030000000000000027,0.5025125628140708,351,WIN,False,,,,YES
8,2026-06-01,2026-06-01 11:46:07,2026-06-01 11:59:57,KXETH15M-26JUN011200-00,21.24,21.279999999999998,0.03999999999999915,0.18832391713747246,1,NO,2026-06-01 11:56:22,0.995,8,7.96,beb2d94d-2cae-4c3d-bd0f-3ba292e18950,True,2026-06-01 11:59:57,1.0,8,8.0,,SETTLEMENT,0.040000000000000036,0.5025125628140708,215,WIN,False,,,,NO
9,2026-06-01,2026-06-01 12:01:14,2026-06-01 12:15:00,KXETH15M-26JUN011215-15,21.32,21.36,0.03999999999999915,0.1876172607879885,1,NO,2026-06-01 12:11:59,0.995,8,7.96,92aa7398-0d8f-4e2c-a9fd-ab544debba49,True,2026-06-01 12:15:00,1.0,8,8.0,,SETTLEMENT,0.040000000000000036,0.5025125628140708,181,WIN,False,,,,NO
10,2026-06-01,2026-06-01 12:16:07,2026-06-01 12:29:59,KXETH15M-26JUN011230-30,21.4,21.439999999999998,0.03999999999999915,0.1869158878504633,1,YES,2026-06-01 12:27:42,0.995,8,7.96,7bf2e5a0-81ad-40a8-80d4-f6c8ccdc6ec3,True,2026-06-01 12:29:59,1.0,8,8.0,,SETTLEMENT,0.040000000000000036,0.5025125628140708,137,WIN,False,,,,YES
11,2026-06-01,2026-06-01 12:31:11,2026-06-01 12:45:00,KXETH15M-26JUN011245-45,21.47,21.518,0.04800000000000182,0.22356776897998054,1,YES,2026-06-01 12:42:55,0.994,8,7.952,a1be9a33-83f5-416b-a942-9d55bc178827,True,2026-06-01 12:45:00,1.0,8,8.0,,SETTLEMENT,0.04800000000000004,0.6036217303822944,125,WIN,False,,,,YES
12,2026-06-01,2026-06-01 12:46:07,2026-06-01 12:59:58,KXETH15M-26JUN011300-00,21.56,21.599999999999998,0.03999999999999915,0.18552875695732443,1,YES,2026-06-01 12:57:57,0.995,8,7.96,af1181a3-5456-4a83-8d0b-a90c09d62b00,True,2026-06-01 12:59:58,1.0,8,8.0,,SETTLEMENT,0.040000000000000036,0.5025125628140708,121,WIN,False,,,,YES
13,2026-06-01,2026-06-01 13:01:12,2026-06-01 13:14:59,KXETH15M-26JUN011315-15,21.63,21.669999999999998,0.03999999999999915,0.18492834026814217,1,YES,2026-06-01 13:12:40,0.995,8,7.96,ce09a08c-9e51-4cc6-b512-e2fb61fa7120,True,2026-06-01 13:14:59,1.0,8,8.0,,SETTLEMENT,0.040000000000000036,0.5025125628140708,139,WIN,False,,,,YES
14,2026-06-01,2026-06-01 13:16:11,2026-06-01 13:29:59,KXETH15M-26JUN011330-30,21.71,21.75,0.03999999999999915,0.18424689083371323,1,YES,2026-06-01 13:29:14,0.995,8,7.96,b6efa2d5-ccb6-42ef-a430-238545710434,True,2026-06-01 13:29:59,1.0,8,8.0,,SETTLEMENT,0.040000000000000036,0.5025125628140708,45,WIN,False,,,,YES
15,2026-06-01,2026-06-01 13:31:11,2026-06-01 13:45:00,KXETH15M-26JUN011345-45,21.8,21.84,0.03999999999999915,0.1834862385321062,1,YES,2026-06-01 13:43:29,0.995,8,7.96,5cfbaa37-fe19-4e3f-898a-531810bf3519,True,2026-06-01 13:45:00,1.0,8,8.0,,SETTLEMENT,0.040000000000000036,0.5025125628140708,91,WIN,False,,,,YES
16,2026-06-01,2026-06-01 13:46:11,2026-06-01 13:59:58,KXETH15M-26JUN011400-00,21.88,21.919999999999998,0.03999999999999915,0.18281535648994127,1,NO,2026-06-01 13:59:04,0.995,8,7.96,d36de054-4dcf-4b7e-91c6-f693c134be8b,True,2026-06-01 13:59:58,1.0,8,8.0,,SETTLEMENT,0.040000000000000036,0.5025125628140708,54,WIN,False,,,,NO
17,2026-06-01,2026-06-01 14:01:13,2026-06-01 14:14:58,KXETH15M-26JUN011415-15,21.95,21.99,0.03999999999999915,0.18223234624145399,1,NO,2026-06-01 14:11:15,0.995,8,7.96,1788f684-cdbd-4cc0-b954-db8bd16da813,True,2026-06-01 14:14:58,1.0,8,8.0,,SETTLEMENT,0.040000000000000036,0.5025125628140708,223,WIN,False,,,,NO
18,2026-06-01,2026-06-01 14:16:06,2026-06-01 14:29:59,KXETH15M-26JUN011430-30,22.04,22.08,0.03999999999999915,0.1814882032667838,1,YES,2026-06-01 14:27:03,0.995,8,7.96,3fd929b0-6b12-4dde-bf1a-3f67cb032f7d,True,2026-06-01 14:29:59,1.0,8,8.0,,SETTLEMENT,0.040000000000000036,0.5025125628140708,176,WIN,False,,,,YES
19,2026-06-01,2026-06-01 14:31:05,2026-06-01 14:44:59,KXETH15M-26JUN011445-45,22.03,22.035,0.004999999999999005,0.022696323195637788,1,YES,2026-06-01 14:43:44,0.995,1,0.995,1d48fe1e-e200-4213-bf47-dd12eb6799d2,True,2026-06-01 14:44:59,1.0,1,1.0,,SETTLEMENT,0.0050000000000000044,0.5025125628140708,75,WIN,False,,,,YES
20,2026-06-01,2026-06-01 14:46:11,2026-06-01 14:59:59,KXETH15M-26JUN011500-00,22.08,22.119999999999997,0.03999999999999915,0.18115942028985121,1,YES,2026-06-01 14:58:55,0.995,8,7.96,0964f552-878a-453c-a3f0-bb8184a65d76,True,2026-06-01 14:59:59,1.0,8,8.0,,SETTLEMENT,0.040000000000000036,0.5025125628140708,64,WIN,False,,,,YES
21,2026-06-01,2026-06-01 15:01:11,2026-06-01 15:15:00,KXETH15M-26JUN011515-15,22.16,22.165,0.004999999999999005,0.02256317689530237,1,YES,2026-06-01 15:13:58,0.995,1,0.995,1bac42df-d398-4c07-ae29-c6d270de42ad,True,2026-06-01 15:15:00,1.0,1,1.0,,SETTLEMENT,0.0050000000000000044,0.5025125628140708,62,WIN,False,,,,YES
22,2026-06-01,2026-06-01 15:16:12,2026-06-01 15:29:59,KXETH15M-26JUN011530-30,22.2,22.24,0.03999999999999915,0.18018018018017634,1,YES,2026-06-01 15:27:03,0.995,8,7.96,2b92a73c-6ef8-4fc6-983d-a58534529cd9,True,2026-06-01 15:29:59,1.0,8,8.0,,SETTLEMENT,0.040000000000000036,0.5025125628140708,176,WIN,False,,,,YES
23,2026-06-01,2026-06-01 15:31:11,2026-06-01 15:45:00,KXETH15M-26JUN011545-45,22.29,22.338,0.04800000000000182,0.21534320323015624,1,YES,2026-06-01 15:39:35,0.994,8,7.952,2477a912-4c8f-488d-a3c0-362099ebf548,True,2026-06-01 15:45:00,1.0,8,8.0,,SETTLEMENT,0.04800000000000004,0.6036217303822944,325,WIN,False,,,,YES
24,2026-06-01,2026-06-01 15:46:06,2026-06-01 15:59:58,KXETH15M-26JUN011600-00,22.37,22.506,0.13599999999999923,0.6079570853822049,1,NO,2026-06-01 15:57:58,0.983,8,7.864,af22538e-5d54-4029-88c3-88ed89389d4a,True,2026-06-01 15:59:58,1.0,8,8.0,,SETTLEMENT,0.13600000000000012,1.729399796541202,120,WIN,False,,,,NO
1,2026-06-01,2026-06-01 16:41:10,2026-06-01 16:44:57,KXETH15M-26JUN011645-45,22.54,22.564999999999998,0.02499999999999858,0.11091393078970088,1,YES,2026-06-01 16:42:01,0.9949999999999999,5,4.975,ceea3993-780a-4eba-8b32-c7d018c2d00d,True,2026-06-01 16:44:57,1.0,5,5.0,,SETTLEMENT,0.025000000000000577,0.502512562814082,176,WIN,False,,,,YES
2,2026-06-01,2026-06-01 16:46:12,2026-06-01 16:59:58,KXETH15M-26JUN011700-00,22.56,22.604999999999997,0.04499999999999815,0.19946808510637482,1,NO,2026-06-01 16:57:31,0.995,9,8.955,93a6e925-9826-4415-b168-ebc73c01c003,True,2026-06-01 16:59:58,1.0,9,9.0,,SETTLEMENT,0.04500000000000004,0.5025125628140708,147,WIN,False,,,,NO
3,2026-06-01,2026-06-01 17:01:08,2026-06-01 17:14:59,KXETH15M-26JUN011715-15,22.64,22.685000000000002,0.045000000000001705,0.19876325088339974,1,NO,2026-06-01 17:10:44,0.995,9,8.955,43d64c73-ec14-422d-93b4-1ed918d07d8d,True,2026-06-01 17:14:59,1.0,9,9.0,,SETTLEMENT,0.04500000000000004,0.5025125628140708,255,WIN,False,,,,NO
1,2026-06-01,2026-06-01 17:27:44,2026-06-01 17:29:59,KXETH15M-26JUN011730-30,31.45,31.509999999999998,0.05999999999999872,0.190779014308422,1,NO,2026-06-01 17:28:27,0.995,12,11.94,b798bd30-d025-4a71-94c9-fef4d9520bf3,True,2026-06-01 17:29:59,1.0,12,12.0,,SETTLEMENT,0.06000000000000005,0.5025125628140708,92,WIN,False,,,,NO
2,2026-06-01,2026-06-01 17:31:08,2026-06-01 17:44:58,KXETH15M-26JUN011745-45,31.6,31.650000000000002,0.05000000000000071,0.15822784810126805,1,NO,2026-06-01 17:43:57,0.9949999999999999,10,9.95,7b167244-1c02-47b4-8a90-6080225106f6,True,2026-06-01 17:44:58,1.0,10,10.0,,SETTLEMENT,0.050000000000001155,0.502512562814082,61,WIN,False,,,,NO
3,2026-06-01,2026-06-01 17:46:08,2026-06-01 17:59:56,KXETH15M-26JUN011800-00,31.71,31.715,0.004999999999999005,0.01576789656259541,1,YES,2026-06-01 17:58:43,0.995,1,0.995,0de0fcf4-3084-49b6-aac6-34280dfeb730,True,2026-06-01 17:59:56,1.0,1,1.0,,SETTLEMENT,0.0050000000000000044,0.5025125628140708,73,WIN,False,,,,YES
4,2026-06-01,2026-06-01 18:01:09,2026-06-01 18:14:59,KXETH15M-26JUN011815-15,31.91,31.97,0.05999999999999872,0.18802883108742938,1,NO,2026-06-01 18:10:18,0.995,12,11.94,0e52ebb7-92c8-4c5c-83df-01d26d803856,True,2026-06-01 18:14:59,1.0,12,12.0,,SETTLEMENT,0.06000000000000005,0.5025125628140708,281,WIN,False,,,,NO
1,2026-06-01,2026-06-01 18:40:17,2026-06-01 18:45:00,KXETH15M-26JUN011845-45,32.0,32.045,0.045000000000001705,0.14062500000000533,1,NO,2026-06-01 18:40:19,0.995,9,8.955,20ceac3d-e477-4068-9e43-2d483783dd7f,True,2026-06-01 18:45:00,1.0,9,9.0,,SETTLEMENT,0.04500000000000004,0.5025125628140708,281,WIN,False,,,,NO
2,2026-06-01,2026-06-01 18:46:08,2026-06-01 18:59:55,KXETH15M-26JUN011900-00,32.09,32.150000000000006,0.060000000000002274,0.18697413524463158,1,YES,2026-06-01 18:55:02,0.995,12,11.94,5d6f9926-41f8-4f8e-ba93-d539d8e360d8,True,2026-06-01 18:59:55,1.0,12,12.0,,SETTLEMENT,0.06000000000000005,0.5025125628140708,293,WIN,False,,,,YES
1,2026-06-01,2026-06-01 22:07:55,2026-06-01 22:15:00,KXETH15M-26JUN012215-15,32.2,32.260000000000005,0.060000000000002274,0.18633540372671512,1,NO,2026-06-01 22:08:26,0.995,12,11.94,b263f3f6-9c02-45f8-93b6-bb2e03a6a5a2,True,2026-06-01 22:15:00,1.0,12,12.0,,SETTLEMENT,0.06000000000000005,0.5025125628140708,394,WIN,False,,,,NO
2,2026-06-01,2026-06-01 22:16:08,2026-06-01 22:29:59,KXETH15M-26JUN012230-30,32.31,32.370000000000005,0.060000000000002274,0.1857010213556245,1,YES,2026-06-01 22:24:40,0.995,12,11.94,cd4cd33a-dabf-479e-9dcf-58939cf941a6,True,2026-06-01 22:29:59,1.0,12,12.0,,SETTLEMENT,0.06000000000000005,0.5025125628140708,319,WIN,False,,,,YES
3,2026-06-01,2026-06-01 22:32:14,2026-06-01 22:45:00,KXETH15M-26JUN012245-45,32.42,32.485,0.06499999999999773,0.20049352251695782,1,NO,2026-06-01 22:43:38,0.995,13,12.935,9dc15970-22ad-4289-84fc-e6e42cdd8b70,True,2026-06-01 22:45:00,1.0,13,13.0,,SETTLEMENT,0.06500000000000006,0.5025125628140708,82,WIN,False,,,,NO
4,2026-06-01,2026-06-01 22:46:13,2026-06-01 22:59:55,KXETH15M-26JUN012300-00,32.56,32.565,0.0049999999999954525,0.015356265356251389,1,YES,2026-06-01 22:56:35,0.995,1,0.995,dd113175-ffcf-4a31-8e59-d8b2fb51ccd2,True,2026-06-01 22:59:55,1.0,1,1.0,,SETTLEMENT,0.0050000000000000044,0.5025125628140708,200,WIN,False,,,,YES
5,2026-06-01,2026-06-01 23:01:14,2026-06-01 23:14:59,KXETH15M-26JUN012315-15,32.63,32.69500000000001,0.06500000000000483,0.1992031872510108,1,YES,2026-06-01 23:10:23,0.9949999999999999,13,12.934999999999999,c23e99f7-6a05-46ce-b65b-470e45dfa395,True,2026-06-01 23:14:59,1.0,13,13.0,,SETTLEMENT,0.0650000000000015,0.502512562814082,276,WIN,False,,,,YES
6,2026-06-01,2026-06-01 23:16:18,2026-06-01 23:29:58,KXETH15M-26JUN012330-30,32.75,32.815,0.06499999999999773,0.19847328244274118,1,YES,2026-06-01 23:28:42,0.995,13,12.935,801b18cc-b792-4eef-8b8a-9869e0cb4f61,True,2026-06-01 23:29:58,1.0,13,13.0,,SETTLEMENT,0.06500000000000006,0.5025125628140708,76,WIN,False,,,,YES
7,2026-06-01,2026-06-01 23:31:07,2026-06-01 23:45:00,KXETH15M-26JUN012345-45,32.88,32.945,0.06499999999999773,0.19768856447687871,1,YES,2026-06-01 23:43:26,0.995,13,12.935,c88075f7-bf98-4bd4-9ee3-83aee980a5a5,True,2026-06-01 23:45:00,1.0,13,13.0,,SETTLEMENT,0.06500000000000006,0.5025125628140708,94,WIN,False,,,,YES
9,2026-06-02,2026-06-02 00:01:06,2026-06-02 00:15:00,KXETH15M-26JUN020015-15,33.01,33.074999999999996,0.06499999999999773,0.19691002726445844,1,NO,2026-06-02 00:11:05,0.995,13,12.935,e063aeda-40e6-42b9-b86e-c66e3868a6cf,True,2026-06-02 00:15:00,1.0,13,13.0,,SETTLEMENT,0.06500000000000006,0.5025125628140708,235,WIN,False,,,,NO
10,2026-06-02,2026-06-02 00:16:13,2026-06-02 00:29:59,KXETH15M-26JUN020030-30,33.17,33.2,0.030000000000001137,0.0904431715405521,1,YES,2026-06-02 00:26:51,0.995,6,5.97,46d706c6-b627-40da-922c-e1891a229596,True,2026-06-02 00:29:59,1.0,6,6.0,,SETTLEMENT,0.030000000000000027,0.5025125628140708,188,WIN,False,,,,YES
11,2026-06-02,2026-06-02 00:31:18,2026-06-02 00:44:56,KXETH15M-26JUN020045-45,33.27,33.335,0.06499999999999773,0.19537120529004426,1,NO,2026-06-02 00:42:19,0.995,13,12.935,6121ba79-1853-4e62-97ae-389359410283,True,2026-06-02 00:44:56,1.0,13,13.0,,SETTLEMENT,0.06500000000000006,0.5025125628140708,157,WIN,False,,,,NO
12,2026-06-02,2026-06-02 00:46:07,2026-06-02 01:00:00,KXETH15M-26JUN020100-00,33.4,33.528,0.1280000000000001,0.3832335329341321,1,NO,2026-06-02 00:55:17,0.9901538461538462,13,12.872,2ce94c49-273b-487c-bc94-b5c2514e5bd3,True,2026-06-02 01:00:00,1.0,13,13.0,,SETTLEMENT,0.1279999999999999,0.9944064636420129,283,WIN,False,,,,NO
14,2026-06-02,2026-06-02 01:01:46,2026-06-02 01:14:59,KXETH15M-26JUN020115-15,33.58,33.625,0.045000000000001705,0.1340083382966102,1,YES,2026-06-02 01:14:09,0.995,9,8.955,b36e9294-44d0-4826-a6b5-4182392d671d,True,2026-06-02 01:14:59,1.0,9,9.0,,SETTLEMENT,0.04500000000000004,0.5025125628140708,50,WIN,False,,,,YES
15,2026-06-02,2026-06-02 01:16:12,2026-06-02 01:30:00,KXETH15M-26JUN020130-30,33.62,33.699999999999996,0.0799999999999983,0.23795359904818053,1,NO,2026-06-02 01:26:10,0.992,10,9.92,a991e106-5b16-4032-8172-326d680710a0,True,2026-06-02 01:30:00,1.0,10,10.0,,SETTLEMENT,0.08000000000000007,0.8064516129032264,230,WIN,False,,,,NO
16,2026-06-02,2026-06-02 01:31:12,2026-06-02 01:45:00,KXETH15M-26JUN020145-45,33.77,33.775000000000006,0.005000000000002558,0.014806040864680358,1,NO,2026-06-02 01:43:48,0.995,1,0.995,40739511-9c3c-4bb3-9a29-3db93631cfea,True,2026-06-02 01:45:00,1.0,1,1.0,,SETTLEMENT,0.0050000000000000044,0.5025125628140708,72,WIN,False,,,,NO
17,2026-06-02,2026-06-02 01:46:13,2026-06-02 01:59:58,KXETH15M-26JUN020200-00,33.84,33.905,0.06499999999999773,0.19208037825058427,1,NO,2026-06-02 01:56:47,0.995,13,12.935,cd01f62f-efe6-45c9-805f-6139ce9d17c7,True,2026-06-02 01:59:58,1.0,13,13.0,,SETTLEMENT,0.06500000000000006,0.5025125628140708,191,WIN,False,,,,NO
18,2026-06-02,2026-06-02 02:01:13,2026-06-02 02:15:00,KXETH15M-26JUN020215-15,33.96,34.010000000000005,0.05000000000000426,0.1472320376914142,1,NO,2026-06-02 02:12:57,0.9949999999999999,10,9.95,b4fa58ee-9c14-4596-b8ce-7eacd07d89d7,True,2026-06-02 02:15:00,1.0,10,10.0,,SETTLEMENT,0.050000000000001155,0.502512562814082,123,WIN,False,,,,NO
19,2026-06-02,2026-06-02 02:16:13,2026-06-02 02:29:59,KXETH15M-26JUN020230-30,34.01,34.074999999999996,0.06499999999999773,0.19112025874742056,1,YES,2026-06-02 02:28:44,0.995,13,12.935,77c1a08b-9925-4e9d-a1c3-7555a6dc1440,True,2026-06-02 02:29:59,1.0,13,13.0,,SETTLEMENT,0.06500000000000006,0.5025125628140708,75,WIN,False,,,,YES
20,2026-06-02,2026-06-02 02:31:12,2026-06-02 02:44:59,KXETH15M-26JUN020245-45,34.15,34.214999999999996,0.06499999999999773,0.19033674963396113,1,YES,2026-06-02 02:44:35,0.995,13,12.935,5b5f64fe-e808-4d7c-8d88-db66bad99305,True,2026-06-02 02:44:59,1.0,13,13.0,,SETTLEMENT,0.06500000000000006,0.5025125628140708,24,WIN,False,,,,YES
21,2026-06-02,2026-06-02 02:46:12,2026-06-02 02:59:59,KXETH15M-26JUN020300-00,34.28,34.345,0.06499999999999773,0.18961493582263048,1,NO,2026-06-02 02:56:48,0.995,13,12.935,1a1ff9bd-5cb8-4b00-b93b-25c882c33718,True,2026-06-02 02:59:59,1.0,13,13.0,,SETTLEMENT,0.06500000000000006,0.5025125628140708,191,WIN,False,,,,NO
22,2026-06-02,2026-06-02 03:01:06,2026-06-02 03:14:59,KXETH15M-26JUN020315-15,34.4,34.464999999999996,0.06499999999999773,0.18895348837208642,1,NO,2026-06-02 03:14:31,0.995,13,12.935,1f052fca-5a74-455b-af93-3f2816176d84,True,2026-06-02 03:14:59,1.0,13,13.0,,SETTLEMENT,0.06500000000000006,0.5025125628140708,28,WIN,False,,,,NO
23,2026-06-02,2026-06-02 03:16:07,2026-06-02 03:30:00,KXETH15M-26JUN020330-30,34.53,34.595,0.06499999999999773,0.1882421083116065,1,NO,2026-06-02 03:28:59,0.995,13,12.935,43945941-a498-4889-97c2-089a91c4ad8b,True,2026-06-02 03:30:00,1.0,13,13.0,,SETTLEMENT,0.06500000000000006,0.5025125628140708,61,WIN,False,,,,NO
24,2026-06-02,2026-06-02 03:31:07,2026-06-02 03:45:00,KXETH15M-26JUN020345-45,34.65,34.714999999999996,0.06499999999999773,0.18759018759018103,1,YES,2026-06-02 03:40:59,0.995,13,12.935,baee8707-2639-453a-b167-9112f35b719d,True,2026-06-02 03:45:00,1.0,13,13.0,,SETTLEMENT,0.06500000000000006,0.5025125628140708,241,WIN,False,,,,YES
26,2026-06-02,2026-06-02 04:01:01,2026-06-02 04:14:59,KXETH15M-26JUN020415-15,34.85,34.92,0.07000000000000028,0.20086083213773395,1,YES,2026-06-02 04:14:25,0.995,14,13.93,44744d17-1465-4b72-915c-e270cda8e0de,True,2026-06-02 04:14:59,1.0,14,14.0,,SETTLEMENT,0.07000000000000006,0.5025125628140708,34,WIN,False,,,,YES
27,2026-06-02,2026-06-02 04:16:07,2026-06-02 04:29:59,KXETH15M-26JUN020430-30,34.99,35.06,0.07000000000000028,0.20005715918834036,1,YES,2026-06-02 04:29:34,0.995,14,13.93,1cf75042-3162-43c8-9a64-14e45f7e85fd,True,2026-06-02 04:29:59,1.0,14,14.0,,SETTLEMENT,0.07000000000000006,0.5025125628140708,25,WIN,False,,,,YES
28,2026-06-02,2026-06-02 04:31:06,2026-06-02 04:45:00,KXETH15M-26JUN020445-45,35.13,35.175000000000004,0.045000000000001705,0.1280956447480834,1,NO,2026-06-02 04:43:33,0.995,9,8.955,b9598ee2-ee1f-4eec-8e3f-f7d6bfc166d9,True,2026-06-02 04:45:00,1.0,9,9.0,,SETTLEMENT,0.04500000000000004,0.5025125628140708,87,WIN,False,,,,NO
29,2026-06-02,2026-06-02 04:46:13,2026-06-02 04:59:57,KXETH15M-26JUN020500-00,35.24,35.285000000000004,0.045000000000001705,0.1276958002270196,1,NO,2026-06-02 04:58:36,0.995,9,8.955,559248ae-9280-4e25-b230-a88da60ce3b7,True,2026-06-02 04:59:57,1.0,9,9.0,,SETTLEMENT,0.04500000000000004,0.5025125628140708,81,WIN,False,,,,NO
30,2026-06-02,2026-06-02 05:01:08,2026-06-02 05:15:00,KXETH15M-26JUN020515-15,35.35,35.42,0.07000000000000028,0.1980198019801988,1,NO,2026-06-02 05:12:03,0.995,14,13.93,29a64516-ebdf-423a-9c3d-3df408bc73e5,True,2026-06-02 05:15:00,1.0,14,14.0,,SETTLEMENT,0.07000000000000006,0.5025125628140708,177,WIN,False,,,,NO
31,2026-06-02,2026-06-02 05:16:07,2026-06-02 05:30:00,KXETH15M-26JUN020530-30,35.48,35.525,0.045000000000001705,0.12683201803833627,1,NO,2026-06-02 05:27:48,0.995,9,8.955,5db1968e-7f2e-49ca-a4ce-b103f46f6ba1,True,2026-06-02 05:30:00,1.0,9,9.0,,SETTLEMENT,0.04500000000000004,0.5025125628140708,132,WIN,False,,,,NO
33,2026-06-02,2026-06-02 05:46:06,2026-06-02 06:00:00,KXETH15M-26JUN020600-00,35.67,35.74,0.07000000000000028,0.19624334174376304,1,YES,2026-06-02 05:59:22,0.995,14,13.93,7cde5cc5-96d1-48f9-901f-72f380381222,True,2026-06-02 06:00:00,1.0,14,14.0,,SETTLEMENT,0.07000000000000006,0.5025125628140708,38,WIN,False,,,,YES
34,2026-06-02,2026-06-02 06:01:07,2026-06-02 06:14:59,KXETH15M-26JUN020615-15,35.8,35.87,0.07000000000000028,0.19553072625698403,1,YES,2026-06-02 06:13:11,0.995,14,13.93,d4cdba2a-5d48-4c73-b3ff-9565889502bc,True,2026-06-02 06:14:59,1.0,14,14.0,,SETTLEMENT,0.07000000000000006,0.5025125628140708,108,WIN,False,,,,YES
35,2026-06-02,2026-06-02 06:16:07,2026-06-02 06:29:59,KXETH15M-26JUN020630-30,35.94,36.01,0.07000000000000028,0.1947690595436847,1,YES,2026-06-02 06:29:09,0.995,14,13.93,5eb43f65-0161-4c37-8475-cdc45e0725f4,True,2026-06-02 06:29:59,1.0,14,14.0,,SETTLEMENT,0.07000000000000006,0.5025125628140708,50,WIN,False,,,,YES
36,2026-06-02,2026-06-02 06:31:06,2026-06-02 06:44:59,KXETH15M-26JUN020645-45,36.07,36.085,0.015000000000000568,0.04158580537843241,1,NO,2026-06-02 06:43:03,0.995,3,2.985,078fd597-aaad-4b31-8cb2-99705ffb20b2,True,2026-06-02 06:44:59,1.0,3,3.0,,SETTLEMENT,0.015000000000000013,0.5025125628140708,116,WIN,False,,,,NO
37,2026-06-02,2026-06-02 06:46:12,2026-06-02 07:00:00,KXETH15M-26JUN020700-00,36.15,36.195,0.045000000000001705,0.1244813278008346,1,YES,2026-06-02 06:56:03,0.995,9,8.955,0eb3a207-7b77-4a9c-860f-922d1130f49f,True,2026-06-02 07:00:00,1.0,9,9.0,,SETTLEMENT,0.04500000000000004,0.5025125628140708,237,WIN,False,,,,YES
38,2026-06-02,2026-06-02 07:01:13,2026-06-02 07:14:59,KXETH15M-26JUN020715-15,36.26,36.33,0.07000000000000028,0.19305019305019383,1,NO,2026-06-02 07:11:46,0.995,14,13.93,dff4b2b7-d2d2-45ae-9f46-f19923240b59,True,2026-06-02 07:14:59,1.0,14,14.0,,SETTLEMENT,0.07000000000000006,0.5025125628140708,193,WIN,False,,,,NO
39,2026-06-02,2026-06-02 07:16:12,2026-06-02 07:30:00,KXETH15M-26JUN020730-30,36.39,36.46,0.07000000000000028,0.19236053860950889,1,NO,2026-06-02 07:28:49,0.995,14,13.93,ca6ca2e8-1a75-49f0-8b51-86c231f8b435,True,2026-06-02 07:30:00,1.0,14,14.0,,SETTLEMENT,0.07000000000000006,0.5025125628140708,71,WIN,False,,,,NO
40,2026-06-02,2026-06-02 07:31:07,2026-06-02 07:45:00,KXETH15M-26JUN020745-45,36.53,36.6,0.07000000000000028,0.1916233232959219,1,YES,2026-06-02 07:43:29,0.995,14,13.93,d148d733-6db6-4cc7-8f1f-6a7610b3b3d8,True,2026-06-02 07:45:00,1.0,14,14.0,,SETTLEMENT,0.07000000000000006,0.5025125628140708,91,WIN,False,,,,YES
42,2026-06-02,2026-06-02 08:01:03,2026-06-02 08:15:00,KXETH15M-26JUN020815-15,36.67,36.74,0.07000000000000028,0.1908917371148085,1,NO,2026-06-02 08:14:13,0.995,14,13.93,3214b447-92fb-4768-bed7-c81bbd58aea6,True,2026-06-02 08:15:00,1.0,14,14.0,,SETTLEMENT,0.07000000000000006,0.5025125628140708,47,WIN,False,,,,NO
44,2026-06-02,2026-06-02 08:31:07,2026-06-02 08:44:59,KXETH15M-26JUN020845-45,36.8,36.87,0.07000000000000028,0.19021739130434862,1,NO,2026-06-02 08:40:10,0.995,14,13.93,651d1061-a799-4d2c-b3ba-f057d65e3eb4,True,2026-06-02 08:44:59,1.0,14,14.0,,SETTLEMENT,0.07000000000000006,0.5025125628140708,289,WIN,False,,,,NO
45,2026-06-02,2026-06-02 08:46:07,2026-06-02 08:59:55,KXETH15M-26JUN020900-00,36.93,37.0,0.07000000000000028,0.18954779312212372,1,NO,2026-06-02 08:59:07,0.995,14,13.93,b0e679d7-c4f1-4a44-a6d0-788afb1c1762,True,2026-06-02 08:59:55,1.0,14,14.0,,SETTLEMENT,0.07000000000000006,0.5025125628140708,48,WIN,False,,,,NO
47,2026-06-02,2026-06-02 09:16:06,2026-06-02 09:29:59,KXETH15M-26JUN020930-30,37.14,37.185,0.045000000000001705,0.12116316639741978,1,YES,2026-06-02 09:26:51,0.995,9,8.955,5afff911-3bca-40b5-a33e-fa80a61de6f4,True,2026-06-02 09:29:59,1.0,9,9.0,,SETTLEMENT,0.04500000000000004,0.5025125628140708,188,WIN,False,,,,YES
48,2026-06-02,2026-06-02 09:31:07,2026-06-02 09:45:00,KXETH15M-26JUN020945-45,37.25,37.27,0.020000000000003126,0.05369127516779363,1,NO,2026-06-02 09:44:01,0.995,4,3.98,bc69ff03-99fe-49df-8978-9b70ec710801,True,2026-06-02 09:45:00,1.0,4,4.0,,SETTLEMENT,0.020000000000000018,0.5025125628140708,59,WIN,False,,,,NO
49,2026-06-02,2026-06-02 09:46:08,2026-06-02 09:59:57,KXETH15M-26JUN021000-00,37.34,37.415000000000006,0.07500000000000284,0.20085698982325342,1,NO,2026-06-02 09:58:36,0.995,15,14.925,6ae1cce4-241f-40f6-911f-8dc10858d198,True,2026-06-02 09:59:57,1.0,15,15.0,,SETTLEMENT,0.07500000000000007,0.5025125628140708,81,WIN,False,,,,NO
50,2026-06-02,2026-06-02 10:01:15,2026-06-02 10:14:59,KXETH15M-26JUN021015-15,37.49,37.595,0.10499999999999687,0.2800746865830805,1,NO,2026-06-02 10:10:06,0.993,15,14.895,1cd6a914-928f-4cc7-877a-8948aa5d271d,True,2026-06-02 10:14:59,1.0,15,15.0,,SETTLEMENT,0.1050000000000001,0.7049345417925484,293,WIN,False,,,,NO
51,2026-06-02,2026-06-02 10:16:06,2026-06-02 10:30:00,KXETH15M-26JUN021030-30,37.67,37.760000000000005,0.09000000000000341,0.23891691000797294,1,NO,2026-06-02 10:23:53,0.991,10,9.91,64b93852-53c3-4e31-ab5f-7947a4f1de91,True,2026-06-02 10:30:00,1.0,10,10.0,,SETTLEMENT,0.09000000000000008,0.9081735620585275,367,WIN,False,,,,NO
52,2026-06-02,2026-06-02 10:31:13,2026-06-02 10:44:58,KXETH15M-26JUN021045-45,37.82,37.894999999999996,0.07499999999999574,0.1983077736647164,1,NO,2026-06-02 10:43:32,0.995,15,14.925,7d434f6b-705d-4350-b608-f89f7cdf7251,True,2026-06-02 10:44:58,1.0,15,15.0,,SETTLEMENT,0.07500000000000007,0.5025125628140708,86,WIN,False,,,,NO
1,2026-06-02,2026-06-02 11:04:41,2026-06-02 11:15:00,KXETH15M-26JUN021115-15,37.89,37.965,0.07500000000000284,0.197941409342842,1,NO,2026-06-02 11:12:40,0.995,15,14.925,feb70100-9a17-483c-9b3c-3b31a082c3dd,True,2026-06-02 11:15:00,1.0,15,15.0,,SETTLEMENT,0.07500000000000007,0.5025125628140708,140,WIN,False,,,,NO
2,2026-06-02,2026-06-02 11:16:14,2026-06-02 11:30:00,KXETH15M-26JUN021130-30,37.97,38.045,0.07500000000000284,0.19752436133790582,1,NO,2026-06-02 11:25:22,0.995,15,14.925,285811e3-56b7-4753-a598-a0354a7640a3,True,2026-06-02 11:30:00,1.0,15,15.0,,SETTLEMENT,0.07500000000000007,0.5025125628140708,278,WIN,False,,,,NO
3,2026-06-02,2026-06-02 11:31:07,2026-06-02 11:44:59,KXETH15M-26JUN021145-45,38.04,38.115,0.07500000000000284,0.1971608832807646,1,NO,2026-06-02 11:43:06,0.9949999999999999,15,14.924999999999999,848cf9ca-1018-4560-a80b-fcdf7e0a049b,True,2026-06-02 11:44:59,1.0,15,15.0,,SETTLEMENT,0.07500000000000173,0.502512562814082,113,WIN,False,,,,NO
4,2026-06-02,2026-06-02 11:46:12,2026-06-02 11:59:59,KXETH15M-26JUN021200-00,38.11,38.185,0.07500000000000284,0.19679874048806834,1,YES,2026-06-02 11:58:12,0.995,15,14.925,5d606d93-d75c-45d5-b08e-6fae01c62e15,True,2026-06-02 11:59:59,1.0,15,15.0,,SETTLEMENT,0.07500000000000007,0.5025125628140708,107,WIN,False,,,,YES
5,2026-06-02,2026-06-02 12:01:14,2026-06-02 12:14:59,KXETH15M-26JUN021215-15,38.19,38.355,0.16499999999999915,0.43205027494108184,1,YES,2026-06-02 12:11:08,0.989,15,14.834999999999999,30d447ba-fec5-43b4-bbc1-ec6e3f96cfe4,True,2026-06-02 12:14:59,1.0,15,15.0,,SETTLEMENT,0.16500000000000015,1.1122345803842277,231,WIN,False,,,,YES
6,2026-06-02,2026-06-02 12:16:12,2026-06-02 12:30:00,KXETH15M-26JUN021230-30,38.34,38.415000000000006,0.07500000000000284,0.1956181533646396,1,NO,2026-06-02 12:28:49,0.995,15,14.925,5094d0c3-8f2e-44d3-a0a7-0a3b3913ae83,True,2026-06-02 12:30:00,1.0,15,15.0,,SETTLEMENT,0.07500000000000007,0.5025125628140708,71,WIN,False,,,,NO
7,2026-06-02,2026-06-02 12:31:18,2026-06-02 12:44:59,KXETH15M-26JUN021245-45,38.42,38.495000000000005,0.07500000000000284,0.19521082769391682,1,NO,2026-06-02 12:43:00,0.995,15,14.925,9fcb4cc7-8165-44cf-b598-e543e94cf86e,True,2026-06-02 12:44:59,1.0,15,15.0,,SETTLEMENT,0.07500000000000007,0.5025125628140708,119,WIN,False,,,,NO
9,2026-06-02,2026-06-02 12:46:44,2026-06-02 12:59:57,KXETH15M-26JUN021300-00,38.49,38.565,0.07499999999999574,0.19485580670302866,1,NO,2026-06-02 12:58:30,0.995,15,14.925,403a7e8e-9eb4-416f-80b9-0f818b2e42c9,True,2026-06-02 12:59:57,1.0,15,15.0,,SETTLEMENT,0.07500000000000007,0.5025125628140708,87,WIN,False,,,,NO
10,2026-06-02,2026-06-02 13:01:08,2026-06-02 13:15:00,KXETH15M-26JUN021315-15,38.57,38.644999999999996,0.07499999999999574,0.19445164635726145,1,YES,2026-06-02 13:13:29,0.995,15,14.925,ed989ba7-aadb-4ee0-8fc7-e8c12fe1283f,True,2026-06-02 13:15:00,1.0,15,15.0,,SETTLEMENT,0.07500000000000007,0.5025125628140708,91,WIN,False,,,,YES
11,2026-06-02,2026-06-02 13:16:12,2026-06-02 13:30:00,KXETH15M-26JUN021330-30,38.64,38.730000000000004,0.09000000000000341,0.23291925465839391,1,YES,2026-06-02 13:27:47,0.994,15,14.91,bafc0f06-b262-40a2-849f-2ec5667c5fc2,True,2026-06-02 13:30:00,1.0,15,15.0,,SETTLEMENT,0.09000000000000008,0.6036217303822944,133,WIN,False,,,,YES
12,2026-06-02,2026-06-02 13:31:12,2026-06-02 13:45:00,KXETH15M-26JUN021345-45,38.73,38.80499999999999,0.07499999999999574,0.19364833462431125,1,NO,2026-06-02 13:43:00,0.995,15,14.925,b59c624a-ea98-4c3f-9774-3b29c97c6866,True,2026-06-02 13:45:00,1.0,15,15.0,,SETTLEMENT,0.07500000000000007,0.5025125628140708,120,WIN,False,,,,NO
15,2026-06-02,2026-06-02 14:01:37,2026-06-02 14:14:18,KXETH15M-26JUN021415-15,38.8,38.65,-0.14999999999999858,-0.38659793814432625,1,YES,2026-06-02 14:14:17,0.75,15,11.25,a4f25a04-01f6-4184-94ba-a64cade05ac6,True,2026-06-02 14:14:18,0.7400000000000001,15,11.100000000000001,3ec64926-f08b-401c-a0ef-0e0081bbfaec,MANUAL_STOP_LOSS,-0.14999999999999847,-1.3333333333333197,1,LOSS,False,,,,
16,2026-06-02,2026-06-02 14:16:05,2026-06-02 14:30:00,KXETH15M-26JUN021430-30,38.45,38.525000000000006,0.07500000000000284,0.19505851755527395,1,NO,2026-06-02 14:25:26,0.995,15,14.925,fd012513-d691-4611-9c2a-bb54e2824a92,True,2026-06-02 14:30:00,1.0,15,15.0,,SETTLEMENT,0.07500000000000007,0.5025125628140708,274,WIN,False,,,,NO
17,2026-06-02,2026-06-02 14:31:07,2026-06-02 14:45:00,KXETH15M-26JUN021445-45,38.53,38.56,0.030000000000001137,0.07786140669608393,1,NO,2026-06-02 14:42:52,0.995,6,5.97,4ec8d0e0-0a55-49ed-963f-f430b940085c,True,2026-06-02 14:45:00,1.0,6,6.0,,SETTLEMENT,0.030000000000000027,0.5025125628140708,128,WIN,False,,,,NO
18,2026-06-02,2026-06-02 14:46:13,2026-06-02 14:59:59,KXETH15M-26JUN021500-00,38.56,38.635000000000005,0.07500000000000284,0.19450207468880404,1,YES,2026-06-02 14:59:27,0.995,15,14.925,c709d14a-c326-4cd3-9a40-2eca056f8e6d,True,2026-06-02 14:59:59,1.0,15,15.0,,SETTLEMENT,0.07500000000000007,0.5025125628140708,32,WIN,False,,,,YES
19,2026-06-02,2026-06-02 15:01:06,2026-06-02 15:15:00,KXETH15M-26JUN021515-15,38.63,38.64,0.00999999999999801,0.025886616619202718,1,YES,2026-06-02 15:13:55,0.995,2,1.99,f1c70dd6-9d9c-46a0-910a-70b911f150f0,True,2026-06-02 15:15:00,1.0,2,2.0,,SETTLEMENT,0.010000000000000009,0.5025125628140708,65,WIN,False,,,,YES
20,2026-06-02,2026-06-02 15:16:14,2026-06-02 15:29:57,KXETH15M-26JUN021530-30,38.64,38.660000000000004,0.020000000000003126,0.051759834368538114,1,NO,2026-06-02 15:27:29,0.995,4,3.98,6c1c3dab-12b3-4174-bc79-55f7631fae4f,True,2026-06-02 15:29:57,1.0,4,4.0,,SETTLEMENT,0.020000000000000018,0.5025125628140708,148,WIN,False,,,,NO
21,2026-06-02,2026-06-02 15:31:08,2026-06-02 15:44:59,KXETH15M-26JUN021545-45,38.66,38.735,0.07500000000000284,0.19399896533885888,1,NO,2026-06-02 15:40:53,0.995,15,14.925,5669205d-8b3d-425e-aa60-bb9852d2c79e,True,2026-06-02 15:44:59,1.0,15,15.0,,SETTLEMENT,0.07500000000000007,0.5025125628140708,246,WIN,False,,,,NO
22,2026-06-02,2026-06-02 15:46:13,2026-06-02 15:59:56,KXETH15M-26JUN021600-00,38.73,38.81999999999999,0.0899999999999963,0.23237800154917715,1,YES,2026-06-02 15:57:07,0.994,15,14.91,20c30239-5f59-4797-838c-74aff5d3ddb3,True,2026-06-02 15:59:56,1.0,15,15.0,,SETTLEMENT,0.09000000000000008,0.6036217303822944,169,WIN,False,,,,YES
1,2026-06-02,2026-06-02 16:22:05,2026-06-02 16:29:57,KXETH15M-26JUN021630-30,38.82,38.91,0.0899999999999963,0.2318392581143645,1,NO,2026-06-02 16:24:16,0.991,10,9.91,21649b73-4fa8-4e44-9386-ce1d5fac26f1,True,2026-06-02 16:29:57,1.0,10,10.0,,SETTLEMENT,0.09000000000000008,0.9081735620585275,341,WIN,False,,,,NO
2,2026-06-02,2026-06-02 16:31:08,2026-06-02 16:44:59,KXETH15M-26JUN021645-45,38.9,38.989999999999995,0.0899999999999963,0.23136246786631443,1,YES,2026-06-02 16:43:13,0.994,15,14.91,8f1e7536-1d36-40f8-871a-439981d775e4,True,2026-06-02 16:44:59,1.0,15,15.0,,SETTLEMENT,0.09000000000000008,0.6036217303822944,106,WIN,False,,,,YES
3,2026-06-02,2026-06-02 16:46:08,2026-06-02 16:59:56,KXETH15M-26JUN021700-00,38.98,39.05499999999999,0.07499999999999574,0.1924063622370337,1,YES,2026-06-02 16:55:27,0.995,15,14.925,977a6660-3444-43b6-b088-34c6b1f55b78,True,2026-06-02 16:59:56,1.0,15,15.0,,SETTLEMENT,0.07500000000000007,0.5025125628140708,269,WIN,False,,,,YES
4,2026-06-02,2026-06-02 17:01:15,2026-06-02 17:14:56,KXETH15M-26JUN021715-15,39.05,39.125,0.07500000000000284,0.19206145966710078,1,NO,2026-06-02 17:13:08,0.995,15,14.925,02d31273-5484-48c7-81bf-ebe761f8c91c,True,2026-06-02 17:14:56,1.0,15,15.0,,SETTLEMENT,0.07500000000000007,0.5025125628140708,108,WIN,False,,,,NO
5,2026-06-02,2026-06-02 17:16:07,2026-06-02 17:29:58,KXETH15M-26JUN021730-30,39.19,39.265,0.07500000000000284,0.19137535085481716,1,YES,2026-06-02 17:25:26,0.995,15,14.925,150bb5d1-0ad4-48cc-917d-3f18573a8a78,True,2026-06-02 17:29:58,1.0,15,15.0,,SETTLEMENT,0.07500000000000007,0.5025125628140708,272,WIN,False,,,,YES
6,2026-06-02,2026-06-02 17:31:08,2026-06-02 17:44:57,KXETH15M-26JUN021745-45,39.32,39.394999999999996,0.07499999999999574,0.1907426246185039,1,NO,2026-06-02 17:43:23,0.995,15,14.925,1a8f63f0-de52-4abc-b8ec-075c9810058d,True,2026-06-02 17:44:57,1.0,15,15.0,,SETTLEMENT,0.07500000000000007,0.5025125628140708,94,WIN,False,,,,NO
7,2026-06-02,2026-06-02 17:46:09,2026-06-02 17:59:58,KXETH15M-26JUN021800-00,39.47,39.545,0.07500000000000284,0.19001773498860614,1,NO,2026-06-02 17:55:15,0.995,15,14.925,fa0bd8c6-88bb-44ba-bf23-a9f6aa9d88cd,True,2026-06-02 17:59:58,1.0,15,15.0,,SETTLEMENT,0.07500000000000007,0.5025125628140708,283,WIN,False,,,,NO
8,2026-06-02,2026-06-02 18:01:08,2026-06-02 18:14:56,KXETH15M-26JUN021815-15,39.6,39.675,0.07499999999999574,0.18939393939392862,1,NO,2026-06-02 18:11:03,0.995,15,14.925,38f2a3c8-0ee7-4f35-90fc-b13f3e5b2ab2,True,2026-06-02 18:14:56,1.0,15,15.0,,SETTLEMENT,0.07500000000000007,0.5025125628140708,233,WIN,False,,,,NO
9,2026-06-02,2026-06-02 18:16:14,2026-06-02 18:29:59,KXETH15M-26JUN021830-30,39.73,39.80499999999999,0.07499999999999574,0.18877422602566257,1,YES,2026-06-02 18:26:14,0.995,15,14.925,7be77847-8fdd-446e-b8db-86891c6f3b34,True,2026-06-02 18:29:59,1.0,15,15.0,,SETTLEMENT,0.07500000000000007,0.5025125628140708,225,WIN,False,,,,YES
10,2026-06-02,2026-06-02 18:31:09,2026-06-02 18:44:56,KXETH15M-26JUN021845-45,39.89,40.018,0.1280000000000001,0.32088242667335204,1,NO,2026-06-02 18:40:05,0.992,16,15.872,2121e4de-03e1-4108-8b7d-2c942a1b529c,True,2026-06-02 18:44:56,1.0,16,16.0,,SETTLEMENT,0.1280000000000001,0.8064516129032264,291,WIN,False,,,,NO
11,2026-06-02,2026-06-02 18:46:08,2026-06-02 18:59:57,KXETH15M-26JUN021900-00,40.09,40.17,0.0799999999999983,0.199551010226985,1,NO,2026-06-02 18:56:12,0.995,16,15.92,42d9086c-ea59-4949-b915-aa6d024369a0,True,2026-06-02 18:59:57,1.0,16,16.0,,SETTLEMENT,0.08000000000000007,0.5025125628140708,225,WIN,False,,,,NO
12,2026-06-02,2026-06-02 19:01:15,2026-06-02 19:14:56,KXETH15M-26JUN021915-15,40.23,40.309999999999995,0.0799999999999983,0.19885657469549664,1,YES,2026-06-02 19:12:55,0.995,16,15.92,a5aadf0e-2e2d-4819-af6f-97528b6e5e53,True,2026-06-02 19:14:56,1.0,16,16.0,,SETTLEMENT,0.08000000000000007,0.5025125628140708,121,WIN,False,,,,YES
13,2026-06-02,2026-06-02 19:16:14,2026-06-02 19:29:59,KXETH15M-26JUN021930-30,40.36,40.44,0.0799999999999983,0.19821605550049132,1,NO,2026-06-02 19:26:21,0.995,16,15.92,ce44cdfe-23ee-415f-a1ea-412b677805f0,True,2026-06-02 19:29:59,1.0,16,16.0,,SETTLEMENT,0.08000000000000007,0.5025125628140708,218,WIN,False,,,,NO
14,2026-06-02,2026-06-02 19:31:08,2026-06-02 19:44:55,KXETH15M-26JUN021945-45,40.5,40.55,0.04999999999999716,0.12345679012344976,1,YES,2026-06-02 19:43:56,0.9949999999999999,10,9.95,8eb7b29a-1359-42bd-acac-3be93db0a1a7,True,2026-06-02 19:44:55,1.0,10,10.0,,SETTLEMENT,0.050000000000001155,0.502512562814082,59,WIN,False,,,,YES
15,2026-06-02,2026-06-02 19:46:14,2026-06-02 19:59:59,KXETH15M-26JUN022000-00,40.61,40.69,0.0799999999999983,0.19699581383895173,1,YES,2026-06-02 19:57:13,0.995,16,15.92,c9a71606-da2e-4afa-90a3-63392e17ea5b,True,2026-06-02 19:59:59,1.0,16,16.0,,SETTLEMENT,0.08000000000000007,0.5025125628140708,166,WIN,False,,,,YES
16,2026-06-02,2026-06-02 20:01:13,2026-06-02 20:14:58,KXETH15M-26JUN022015-15,40.75,40.91,0.1599999999999966,0.3926380368098076,1,YES,2026-06-02 20:12:32,0.99,16,15.84,61d40cf1-75cd-4807-b3bb-fa0a710e50e2,True,2026-06-02 20:14:58,1.0,16,16.0,,SETTLEMENT,0.16000000000000014,1.010101010101011,146,WIN,False,,,,YES
17,2026-06-02,2026-06-02 20:16:14,2026-06-02 20:29:57,KXETH15M-26JUN022030-30,40.96,41.056,0.09599999999999653,0.23437499999999153,1,NO,2026-06-02 20:28:33,0.994,16,15.904,63eb4441-b18c-404a-9dbf-4476bcf7d50e,True,2026-06-02 20:29:57,1.0,16,16.0,,SETTLEMENT,0.09600000000000009,0.6036217303822944,84,WIN,False,,,,NO
1,2026-06-02,2026-06-02 20:38:40,2026-06-02 20:44:55,KXETH15M-26JUN022045-45,41.12,41.263999999999996,0.14399999999999835,0.3501945525291789,1,YES,2026-06-02 20:42:00,0.991,16,15.856,1677394b-add3-4e34-ad06-6572bf00a4c7,True,2026-06-02 20:44:55,1.0,16,16.0,,SETTLEMENT,0.14400000000000013,0.9081735620585276,175,WIN,False,,,,YES
2,2026-06-02,2026-06-02 20:46:14,2026-06-02 20:59:55,KXETH15M-26JUN022100-00,41.32,41.384,0.06400000000000006,0.154888673765731,1,NO,2026-06-02 20:59:21,0.996,16,15.936,e2096947-6ea9-4a2f-9670-7115c49b858d,True,2026-06-02 20:59:55,1.0,16,16.0,,SETTLEMENT,0.06400000000000006,0.40160642570281163,34,WIN,False,,,,NO
3,2026-06-02,2026-06-02 21:01:13,2026-06-02 21:14:57,KXETH15M-26JUN022115-15,41.45,41.53,0.0799999999999983,0.19300361881784872,1,NO,2026-06-02 21:10:18,0.995,16,15.92,47e90b65-142d-460e-a3b1-cd8501603cf6,True,2026-06-02 21:14:57,1.0,16,16.0,,SETTLEMENT,0.08000000000000007,0.5025125628140708,279,WIN,False,,,,NO
4,2026-06-02,2026-06-02 21:16:14,2026-06-02 21:29:57,KXETH15M-26JUN022130-30,41.58,41.644,0.06400000000000006,0.15392015392015407,1,YES,2026-06-02 21:25:38,0.996,16,15.936,c1fad39f-2a03-4827-9396-65588156c2ae,True,2026-06-02 21:29:57,1.0,16,16.0,,SETTLEMENT,0.06400000000000006,0.40160642570281163,259,WIN,False,,,,YES
5,2026-06-02,2026-06-02 21:31:08,2026-06-02 21:44:59,KXETH15M-26JUN022145-45,41.7,41.764,0.06400000000000006,0.1534772182254198,1,NO,2026-06-02 21:40:22,0.996,16,15.936,8f4ba6ad-abf2-4a03-b29b-32b8b67ffd3e,True,2026-06-02 21:44:59,1.0,16,16.0,,SETTLEMENT,0.06400000000000006,0.40160642570281163,277,WIN,False,,,,NO
6,2026-06-02,2026-06-02 21:46:09,2026-06-02 21:59:56,KXETH15M-26JUN022200-00,41.83,41.894,0.06400000000000006,0.1530002390628737,1,YES,2026-06-02 21:54:30,0.996,16,15.936,f1174996-d38e-4cdb-9c38-207f0f72701d,True,2026-06-02 21:59:56,1.0,16,16.0,,SETTLEMENT,0.06400000000000006,0.40160642570281163,326,WIN,False,,,,YES
7,2026-06-02,2026-06-02 22:01:14,2026-06-02 22:14:57,KXETH15M-26JUN022215-15,41.98,41.988,0.008000000000002672,0.01905669366365572,1,NO,2026-06-02 22:13:38,0.996,2,1.992,d99ecaeb-0395-4d3f-8cda-11d49b15d3b9,True,2026-06-02 22:14:57,1.0,2,2.0,,SETTLEMENT,0.008000000000000007,0.40160642570281163,79,WIN,False,,,,NO
8,2026-06-02,2026-06-02 22:16:13,2026-06-02 22:29:58,KXETH15M-26JUN022230-30,42.05,42.129999999999995,0.0799999999999983,0.19024970273483544,1,NO,2026-06-02 22:26:21,0.995,16,15.92,1f3ed9f0-3d45-4310-b802-ece02796dc63,True,2026-06-02 22:29:58,1.0,16,16.0,,SETTLEMENT,0.08000000000000007,0.5025125628140708,217,WIN,False,,,,NO
9,2026-06-02,2026-06-02 22:31:08,2026-06-02 22:44:55,KXETH15M-26JUN022245-45,42.21,42.323,0.11299999999999955,0.26770907367922187,1,YES,2026-06-02 22:41:56,0.9929374999999999,16,15.886999999999999,43895e81-34fd-4c46-b2ee-f87d78affc61,True,2026-06-02 22:44:55,1.0,16,16.0,,SETTLEMENT,0.11300000000000132,0.7112733681626571,179,WIN,False,,,,YES
10,2026-06-02,2026-06-02 22:46:08,2026-06-02 22:59:55,KXETH15M-26JUN022300-00,42.47,42.534,0.06400000000000006,0.15069460795855913,1,NO,2026-06-02 22:57:49,0.996,16,15.936,b375cd5e-bd9e-430a-8475-92dd713ca210,True,2026-06-02 22:59:55,1.0,16,16.0,,SETTLEMENT,0.06400000000000006,0.40160642570281163,126,WIN,False,,,,NO
11,2026-06-02,2026-06-02 23:01:14,2026-06-02 23:14:56,KXETH15M-26JUN022315-15,42.6,42.668000000000006,0.06800000000000495,0.1596244131455515,1,NO,2026-06-02 23:14:11,0.9959999999999999,17,16.932,52f33689-ad8b-4b86-b564-6043ee97c0b8,True,2026-06-02 23:14:56,1.0,17,17.0,,SETTLEMENT,0.06800000000000195,0.40160642570282273,45,WIN,False,,,,NO
12,2026-06-02,2026-06-02 23:16:09,2026-06-02 23:29:58,KXETH15M-26JUN022330-30,42.73,42.798,0.06800000000000495,0.15913877837585994,1,NO,2026-06-02 23:27:05,0.9959999999999999,17,16.932,f903b6cf-8487-4d08-b073-1bb703713f96,True,2026-06-02 23:29:58,1.0,17,17.0,,SETTLEMENT,0.06800000000000195,0.40160642570282273,173,WIN,False,,,,NO
13,2026-06-02,2026-06-02 23:31:14,2026-06-02 23:44:58,KXETH15M-26JUN022345-45,42.87,42.938,0.06800000000000495,0.15861908094239552,1,NO,2026-06-02 23:42:09,0.9959999999999999,17,16.932,e148a215-bc3e-4156-a1ef-1373f4c3149e,True,2026-06-02 23:44:58,1.0,17,17.0,,SETTLEMENT,0.06800000000000195,0.40160642570282273,169,WIN,False,,,,NO
15,2026-06-03,2026-06-03 00:01:03,2026-06-03 00:14:55,KXETH15M-26JUN030015-15,43.0,43.04,0.03999999999999915,0.09302325581395152,1,YES,2026-06-03 00:12:10,0.9960000000000001,10,9.96,e36f41df-aefc-4559-9843-6461eb361445,True,2026-06-03 00:14:55,1.0,10,10.0,,SETTLEMENT,0.039999999999998925,0.4016064257028005,165,WIN,False,,,,YES
17,2026-06-03,2026-06-03 00:16:45,2026-06-03 00:29:57,KXETH15M-26JUN030030-30,43.1,43.168000000000006,0.06800000000000495,0.15777262180975626,1,YES,2026-06-03 00:27:59,0.9959999999999999,17,16.932,a64e9a2c-c942-4c70-82c1-7f620b796777,True,2026-06-03 00:29:57,1.0,17,17.0,,SETTLEMENT,0.06800000000000195,0.40160642570282273,118,WIN,False,,,,YES
18,2026-06-03,2026-06-03 00:31:14,2026-06-03 00:44:55,KXETH15M-26JUN030045-45,43.23,43.274,0.044000000000004036,0.10178117048346991,1,NO,2026-06-03 00:44:01,0.996,11,10.956,f05c17fa-ac36-430d-9647-4aaeabb4877b,True,2026-06-03 00:44:55,1.0,11,11.0,,SETTLEMENT,0.04400000000000004,0.40160642570281163,54,WIN,False,,,,NO
19,2026-06-03,2026-06-03 00:46:08,2026-06-03 00:59:59,KXETH15M-26JUN030100-00,43.34,43.38,0.03999999999999915,0.09229349330871976,1,YES,2026-06-03 00:57:50,0.9960000000000001,10,9.96,c6dcd97e-50d0-4103-b26b-8c93b3fb745c,True,2026-06-03 00:59:59,1.0,10,10.0,,SETTLEMENT,0.039999999999998925,0.4016064257028005,129,WIN,False,,,,YES
20,2026-06-03,2026-06-03 01:01:14,2026-06-03 01:14:55,KXETH15M-26JUN030115-15,43.38,43.384,0.003999999999997783,0.009220839096352658,1,YES,2026-06-03 01:09:56,0.996,1,0.996,a0b7d45b-16e7-49bb-904a-4f73d940bc3d,True,2026-06-03 01:14:55,1.0,1,1.0,,SETTLEMENT,0.0040000000000000036,0.40160642570281163,299,WIN,False,,,,YES
21,2026-06-03,2026-06-03 01:16:13,2026-06-03 01:29:48,KXETH15M-26JUN030130-30,42.39,42.373000000000005,-0.016999999999995907,-0.04010379806557185,1,NO,2026-06-03 01:29:00,0.9959999999999999,17,16.932,aa5cdc42-9ba5-4f24-8eed-4f18a5617a39,True,2026-06-03 01:29:48,0.995,17,16.915,0665103e-f88f-4b95-bef2-8ed0cd12044d,MANUAL_STOP_LOSS,-0.016999999999998128,-0.10040160642569176,48,LOSS,False,,,,
23,2026-06-03,2026-06-03 01:46:03,2026-06-03 01:59:57,KXETH15M-26JUN030200-00,25.47,25.509999999999998,0.03999999999999915,0.15704750687082508,1,YES,2026-06-03 01:55:28,0.9960000000000001,10,9.96,323f6b75-8fd2-4212-a91e-9167a2138c71,True,2026-06-03 01:59:57,1.0,10,10.0,,SETTLEMENT,0.039999999999998925,0.4016064257028005,269,WIN,False,,,,YES
25,2026-06-03,2026-06-03 02:16:01,2026-06-03 02:29:59,KXETH15M-26JUN030230-30,43.62,43.73,0.10999999999999943,0.2521779000458492,1,NO,2026-06-03 02:29:00,0.9890000000000001,10,9.89,1b6dc5dd-d485-41d5-a57b-0d53769f73bf,True,2026-06-03 02:29:59,1.0,10,10.0,,SETTLEMENT,0.10999999999999899,1.1122345803842162,59,WIN,False,,,,NO
26,2026-06-03,2026-06-03 02:31:14,2026-06-03 02:44:57,KXETH15M-26JUN030245-45,43.78,43.848,0.06799999999999784,0.15532206486979863,1,YES,2026-06-03 02:40:08,0.9960000000000001,17,16.932000000000002,b58b3555-f7da-4a4d-9744-5fd80381f868,True,2026-06-03 02:44:57,1.0,17,17.0,,SETTLEMENT,0.06799999999999817,0.40160642570280036,289,WIN,False,,,,YES
27,2026-06-03,2026-06-03 02:46:14,2026-06-03 02:59:57,KXETH15M-26JUN030300-00,43.91,43.977999999999994,0.06799999999999784,0.15486221817353188,1,NO,2026-06-03 02:55:22,0.9959999999999999,17,16.932,fac32373-3f04-406b-926b-b4168db0fd26,True,2026-06-03 02:59:57,1.0,17,17.0,,SETTLEMENT,0.06800000000000195,0.40160642570282273,275,WIN,False,,,,NO
28,2026-06-03,2026-06-03 03:01:15,2026-06-03 03:14:58,KXETH15M-26JUN030315-15,44.04,44.108,0.06799999999999784,0.15440508628519037,1,YES,2026-06-03 03:12:50,0.9960000000000001,17,16.932000000000002,bd994fe4-3625-4c3b-9766-05620e6b19a4,True,2026-06-03 03:14:58,1.0,17,17.0,,SETTLEMENT,0.06799999999999817,0.40160642570280036,128,WIN,False,,,,YES
29,2026-06-03,2026-06-03 03:16:09,2026-06-03 03:29:57,KXETH15M-26JUN030330-30,44.18,44.248000000000005,0.06800000000000495,0.15391579900408545,1,YES,2026-06-03 03:27:50,0.9959999999999999,17,16.932,dddd42fd-998d-4de5-80a2-5de9ffe80536,True,2026-06-03 03:29:57,1.0,17,17.0,,SETTLEMENT,0.06800000000000195,0.40160642570282273,127,WIN,False,,,,YES
30,2026-06-03,2026-06-03 03:31:15,2026-06-03 03:44:56,KXETH15M-26JUN030345-45,44.3,44.367999999999995,0.06799999999999784,0.15349887133182358,1,NO,2026-06-03 03:44:27,0.9959999999999999,17,16.932,0e3cb225-51d4-4eaa-b7d8-a0c5ebd555f3,True,2026-06-03 03:44:56,1.0,17,17.0,,SETTLEMENT,0.06800000000000195,0.40160642570282273,29,WIN,False,,,,NO
31,2026-06-03,2026-06-03 03:46:14,2026-06-03 03:59:55,KXETH15M-26JUN030400-00,44.37,44.373999999999995,0.003999999999997783,0.009015100292985764,1,YES,2026-06-03 03:59:13,0.996,1,0.996,39e385e1-7a31-44e1-99d2-8e178d5fe5fd,True,2026-06-03 03:59:55,1.0,1,1.0,,SETTLEMENT,0.0040000000000000036,0.40160642570281163,42,WIN,False,,,,YES
32,2026-06-03,2026-06-03 04:01:08,2026-06-03 04:14:58,KXETH15M-26JUN030415-15,44.37,44.438,0.06800000000000495,0.15325670498085406,1,NO,2026-06-03 04:13:19,0.9959999999999999,17,16.932,c96aff44-f0e7-4148-bd18-082d16e65752,True,2026-06-03 04:14:58,1.0,17,17.0,,SETTLEMENT,0.06800000000000195,0.40160642570282273,99,WIN,False,,,,NO
34,2026-06-03,2026-06-03 04:31:02,2026-06-03 04:44:56,KXETH15M-26JUN030445-45,44.57,44.638000000000005,0.06800000000000495,0.15256899259592763,1,YES,2026-06-03 04:43:26,0.9959999999999999,17,16.932,99ff0690-559f-4a3f-bad1-ad91cdb938a5,True,2026-06-03 04:44:56,1.0,17,17.0,,SETTLEMENT,0.06800000000000195,0.40160642570282273,90,WIN,False,,,,YES
36,2026-06-03,2026-06-03 05:01:02,2026-06-03 05:14:57,KXETH15M-26JUN030515-15,44.77,44.782000000000004,0.012000000000000455,0.026803663167300543,1,NO,2026-06-03 05:14:34,0.996,3,2.988,62dc4245-436c-4ee5-8788-e0ded003b198,True,2026-06-03 05:14:57,1.0,3,3.0,,SETTLEMENT,0.01200000000000001,0.40160642570281163,23,WIN,False,,,,NO
37,2026-06-03,2026-06-03 05:16:14,2026-06-03 05:29:56,KXETH15M-26JUN030530-30,44.84,44.912000000000006,0.07200000000000273,0.160570918822486,1,NO,2026-06-03 05:29:18,0.996,18,17.928,43ea4688-9dec-4ef6-b410-c92986abae82,True,2026-06-03 05:29:56,1.0,18,18.0,,SETTLEMENT,0.07200000000000006,0.4016064257028116,38,WIN,False,,,,NO
38,2026-06-03,2026-06-03 05:31:08,2026-06-03 05:44:55,KXETH15M-26JUN030545-45,44.92,44.992000000000004,0.07200000000000273,0.1602849510240488,1,NO,2026-06-03 05:41:51,0.996,18,17.928,ebf48f04-2911-40d7-85a0-2d1603474703,True,2026-06-03 05:44:55,1.0,18,18.0,,SETTLEMENT,0.07200000000000006,0.4016064257028116,184,WIN,False,,,,NO
39,2026-06-03,2026-06-03 05:46:13,2026-06-03 05:59:56,KXETH15M-26JUN030600-00,45.05,45.099999999999994,0.04999999999999716,0.11098779134294597,1,YES,2026-06-03 05:56:17,0.9949999999999999,10,9.95,ecfd06cc-fa8c-4255-875b-169ff3229861,True,2026-06-03 05:59:56,1.0,10,10.0,,SETTLEMENT,0.050000000000001155,0.502512562814082,219,WIN,False,,,,YES
40,2026-06-03,2026-06-03 06:01:08,2026-06-03 06:14:57,KXETH15M-26JUN030615-15,45.23,45.30199999999999,0.07199999999999562,0.1591863807207509,1,YES,2026-06-03 06:12:54,0.996,18,17.928,2455c66d-c686-4ef6-b4a3-935410bc30fe,True,2026-06-03 06:14:57,1.0,18,18.0,,SETTLEMENT,0.07200000000000006,0.4016064257028116,123,WIN,False,,,,YES
42,2026-06-03,2026-06-03 06:31:02,2026-06-03 06:44:55,KXETH15M-26JUN030645-45,45.45,45.67400000000001,0.22400000000000375,0.4928492849285011,1,NO,2026-06-03 06:44:00,0.986,16,15.776,bf007fa3-04eb-4e2a-902c-bcd8afc6c5a1,True,2026-06-03 06:44:55,1.0,16,16.0,,SETTLEMENT,0.2240000000000002,1.4198782961460459,55,WIN,False,,,,NO
44,2026-06-03,2026-06-03 07:01:04,2026-06-03 07:14:59,KXETH15M-26JUN030715-15,45.82,45.888000000000005,0.06800000000000495,0.14840680925361183,1,YES,2026-06-03 07:13:59,0.9959999999999999,17,16.932,2ade4b42-b855-4682-a819-a2bda7cbe7f6,True,2026-06-03 07:14:59,1.0,17,17.0,,SETTLEMENT,0.06800000000000195,0.40160642570282273,60,WIN,False,,,,YES
46,2026-06-03,2026-06-03 07:31:03,2026-06-03 07:44:55,KXETH15M-26JUN030745-45,45.95,46.040000000000006,0.09000000000000341,0.19586507072906073,1,NO,2026-06-03 07:40:18,0.995,18,17.91,b3c66cf4-f64c-496b-96ad-125555769a1e,True,2026-06-03 07:44:55,1.0,18,18.0,,SETTLEMENT,0.09000000000000008,0.5025125628140708,277,WIN,False,,,,NO
47,2026-06-03,2026-06-03 07:46:14,2026-06-03 07:59:58,KXETH15M-26JUN030800-00,46.1,46.244,0.14399999999999835,0.3123644251626862,1,NO,2026-06-03 07:56:26,0.9920000000000001,18,17.856,47e6b64a-09a0-405e-b165-7e15fcb16e22,True,2026-06-03 07:59:58,1.0,18,18.0,,SETTLEMENT,0.14399999999999813,0.8064516129032152,212,WIN,False,,,,NO
48,2026-06-03,2026-06-03 08:01:14,2026-06-03 08:14:56,KXETH15M-26JUN030815-15,46.31,46.382000000000005,0.07200000000000273,0.1554739797020141,1,NO,2026-06-03 08:13:41,0.996,18,17.928,1d437386-fa23-439a-a641-e6b59a080d68,True,2026-06-03 08:14:56,1.0,18,18.0,,SETTLEMENT,0.07200000000000006,0.4016064257028116,75,WIN,False,,,,NO
49,2026-06-03,2026-06-03 08:16:14,2026-06-03 08:29:56,KXETH15M-26JUN030830-30,46.44,46.48,0.03999999999999915,0.08613264427217732,1,NO,2026-06-03 08:28:47,0.9960000000000001,10,9.96,f422d75e-b348-4e0c-8c06-104fd9afb318,True,2026-06-03 08:29:56,1.0,10,10.0,,SETTLEMENT,0.039999999999998925,0.4016064257028005,69,WIN,False,,,,NO
50,2026-06-03,2026-06-03 08:31:08,2026-06-03 08:44:56,KXETH15M-26JUN030845-45,46.55,46.622,0.07200000000000273,0.1546723952739049,1,NO,2026-06-03 08:43:54,0.996,18,17.928,9ee3547a-bb31-4ee9-a8f7-7e0c2556f109,True,2026-06-03 08:44:56,1.0,18,18.0,,SETTLEMENT,0.07200000000000006,0.4016064257028116,62,WIN,False,,,,NO
51,2026-06-03,2026-06-03 08:46:08,2026-06-03 08:59:55,KXETH15M-26JUN030900-00,46.71,46.782,0.07199999999999562,0.15414258188823726,1,YES,2026-06-03 08:58:00,0.996,18,17.928,4d1ca7eb-9774-43cf-afc9-7ae1cb2c090b,True,2026-06-03 08:59:55,1.0,18,18.0,,SETTLEMENT,0.07200000000000006,0.4016064257028116,115,WIN,False,,,,YES
52,2026-06-03,2026-06-03 09:01:08,2026-06-03 09:14:59,KXETH15M-26JUN030915-15,46.85,46.89,0.03999999999999915,0.08537886872998751,1,NO,2026-06-03 09:14:25,0.9960000000000001,10,9.96,dfb365a3-77d2-48f1-a092-47d9bbecc486,True,2026-06-03 09:14:59,1.0,10,10.0,,SETTLEMENT,0.039999999999998925,0.4016064257028005,34,WIN,False,,,,NO
1,2026-06-03,2026-06-03 10:02:14,2026-06-03 10:14:59,KXETH15M-26JUN031015-15,47.26,47.331999999999994,0.07199999999999562,0.15234870926787056,1,NO,2026-06-03 10:13:00,0.996,18,17.928,b1f08d99-4c00-467a-b857-b37a0fc97660,True,2026-06-03 10:14:59,1.0,18,18.0,,SETTLEMENT,0.07200000000000006,0.4016064257028116,119,WIN,False,,,,NO
2,2026-06-03,2026-06-03 10:16:08,2026-06-03 10:29:57,KXETH15M-26JUN031030-30,47.4,47.476,0.07600000000000051,0.1603375527426171,1,NO,2026-06-03 10:27:30,0.996,19,18.924,ea5219de-800f-4295-8a09-f3bc6a9391ca,True,2026-06-03 10:29:57,1.0,19,19.0,,SETTLEMENT,0.07600000000000007,0.40160642570281163,147,WIN,False,,,,NO
3,2026-06-03,2026-06-03 10:31:14,2026-06-03 10:44:59,KXETH15M-26JUN031045-45,47.55,47.622,0.07200000000000273,0.1514195583596272,1,NO,2026-06-03 10:44:11,0.996,18,17.928,6206f510-441a-4c9e-a4bb-1f598caca009,True,2026-06-03 10:44:59,1.0,18,18.0,,SETTLEMENT,0.07200000000000006,0.4016064257028116,48,WIN,False,,,,NO
5,2026-06-03,2026-06-03 11:01:03,2026-06-03 11:14:59,KXETH15M-26JUN031115-15,47.69,47.766,0.07600000000000051,0.1593625498007979,1,NO,2026-06-03 11:11:54,0.996,19,18.924,160acc8b-6d9c-4bd5-977e-5c430517920a,True,2026-06-03 11:14:59,1.0,19,19.0,,SETTLEMENT,0.07600000000000007,0.40160642570281163,185,WIN,False,,,,NO
6,2026-06-03,2026-06-03 11:16:08,2026-06-03 11:29:59,KXETH15M-26JUN031130-30,47.85,47.926,0.07600000000000051,0.15882967607105644,1,YES,2026-06-03 11:28:00,0.996,19,18.924,4a4355e1-632b-4215-aecf-762dd54c185f,True,2026-06-03 11:29:59,1.0,19,19.0,,SETTLEMENT,0.07600000000000007,0.40160642570281163,119,WIN,False,,,,YES
7,2026-06-03,2026-06-03 11:31:08,2026-06-03 11:44:59,KXETH15M-26JUN031145-45,48.0,48.076,0.07600000000000051,0.15833333333333438,1,NO,2026-06-03 11:41:02,0.996,19,18.924,1a2f09a7-cc5e-40b2-9355-d220f0cff31a,True,2026-06-03 11:44:59,1.0,19,19.0,,SETTLEMENT,0.07600000000000007,0.40160642570281163,237,WIN,False,,,,NO
8,2026-06-03,2026-06-03 11:46:14,2026-06-03 11:59:56,KXETH15M-26JUN031200-00,48.16,48.236,0.07600000000000051,0.15780730897010073,1,NO,2026-06-03 11:56:53,0.996,19,18.924,a3c58671-bda5-4d24-b7b9-023e576547ea,True,2026-06-03 11:59:56,1.0,19,19.0,,SETTLEMENT,0.07600000000000007,0.40160642570281163,183,WIN,False,,,,NO
10,2026-06-03,2026-06-03 12:16:03,2026-06-03 12:29:56,KXETH15M-26JUN031230-30,48.38,48.506,0.12599999999999767,0.26043819760231013,1,NO,2026-06-03 12:25:02,0.9933684210526316,19,18.874,9c70eb5d-9acf-45a4-8c19-7f19ce43e4ae,True,2026-06-03 12:29:56,1.0,19,19.0,,SETTLEMENT,0.12600000000000022,0.6675850376178882,294,WIN,False,,,,NO
12,2026-06-03,2026-06-03 12:46:03,2026-06-03 12:59:56,KXETH15M-26JUN031300-00,48.65,48.802,0.15200000000000102,0.3124357656731779,1,YES,2026-06-03 12:58:18,0.992,19,18.848,66a76cf3-c9fb-4d9d-b2fe-b0c3221a20b2,True,2026-06-03 12:59:56,1.0,19,19.0,,SETTLEMENT,0.15200000000000014,0.8064516129032266,98,WIN,False,,,,YES
1,2026-06-03,2026-06-03 13:03:45,2026-06-03 13:14:54,KXETH15M-26JUN031315-15,48.87,48.946,0.07600000000000051,0.15551463065275326,1,NO,2026-06-03 13:10:05,0.996,19,18.924,9e828c47-8386-4162-ab26-20a69196eefe,True,2026-06-03 13:14:54,1.0,19,19.0,,SETTLEMENT,0.07600000000000007,0.40160642570281163,289,WIN,False,,,,NO
3,2026-06-03,2026-06-03 13:31:02,2026-06-03 13:44:58,KXETH15M-26JUN031345-45,49.08,49.194,0.11400000000000432,0.23227383863081563,1,YES,2026-06-03 13:40:15,0.994,19,18.886,b064fede-6aa6-4a0d-848e-b1076b6ce8cf,True,2026-06-03 13:44:58,1.0,19,19.0,,SETTLEMENT,0.1140000000000001,0.6036217303822944,283,WIN,False,,,,YES
7,2026-06-03,2026-06-03 13:47:49,2026-06-03 13:59:58,KXETH15M-26JUN031400-00,49.3,49.376,0.07600000000000051,0.15415821501014304,1,NO,2026-06-03 13:54:54,0.996,19,18.924,36e1217e-08f0-4343-b879-ea78e1570763,True,2026-06-03 13:59:58,1.0,19,19.0,,SETTLEMENT,0.07600000000000007,0.40160642570281163,304,WIN,False,,,,NO
8,2026-06-03,2026-06-03 14:01:15,2026-06-03 14:14:58,KXETH15M-26JUN031415-15,49.44,49.512,0.07200000000000273,0.1456310679611706,1,YES,2026-06-03 14:14:32,0.996,18,17.928,380d30dc-5f33-406b-a3f9-ca6e016d10c1,True,2026-06-03 14:14:58,1.0,18,18.0,,SETTLEMENT,0.07200000000000006,0.4016064257028116,26,WIN,False,,,,YES
9,2026-06-03,2026-06-03 14:16:09,2026-06-03 14:30:01,KXETH15M-26JUN031430-30,49.52,49.596000000000004,0.07600000000000051,0.15347334410339358,1,NO,2026-06-03 14:28:22,0.996,19,18.924,8c2551cf-ce75-4921-ab49-f41bd1272c9d,True,2026-06-03 14:30:01,1.0,19,19.0,,SETTLEMENT,0.07600000000000007,0.40160642570281163,99,WIN,False,,,,NO
10,2026-06-03,2026-06-03 14:31:09,2026-06-03 14:44:59,KXETH15M-26JUN031445-45,49.59,49.70400000000001,0.11400000000000432,0.22988505747127308,1,YES,2026-06-03 14:41:47,0.994,19,18.886,188a954f-313d-47b4-977b-adb177f92a4c,True,2026-06-03 14:44:59,1.0,19,19.0,,SETTLEMENT,0.1140000000000001,0.6036217303822944,192,WIN,False,,,,YES
11,2026-06-03,2026-06-03 14:46:08,2026-06-03 14:59:55,KXETH15M-26JUN031500-00,49.78,49.856,0.07600000000000051,0.15267175572519187,1,YES,2026-06-03 14:58:20,0.996,19,18.924,cfa88526-5979-46ea-9441-bedbb115877a,True,2026-06-03 14:59:55,1.0,19,19.0,,SETTLEMENT,0.07600000000000007,0.40160642570281163,95,WIN,False,,,,YES
12,2026-06-03,2026-06-03 15:01:13,2026-06-03 15:14:57,KXETH15M-26JUN031515-15,49.86,49.896,0.036000000000001364,0.07220216606498468,1,NO,2026-06-03 15:11:51,0.9940000000000001,6,5.964,b3d84420-c80f-4403-81ef-63b5d1c747d9,True,2026-06-03 15:14:57,1.0,6,6.0,,SETTLEMENT,0.035999999999999366,0.6036217303822831,186,WIN,False,,,,NO
13,2026-06-03,2026-06-03 15:16:08,2026-06-03 15:29:58,KXETH15M-26JUN031530-30,49.97,49.978,0.008000000000002672,0.01600960576346342,1,NO,2026-06-03 15:27:21,0.996,2,1.992,1b39eb2a-40a2-40a2-a9bc-4a6434bd828d,True,2026-06-03 15:29:58,1.0,2,2.0,,SETTLEMENT,0.008000000000000007,0.40160642570281163,157,WIN,False,,,,NO
14,2026-06-03,2026-06-03 15:31:08,2026-06-03 15:44:59,KXETH15M-26JUN031545-45,50.05,50.129999999999995,0.0799999999999983,0.15984015984015643,1,YES,2026-06-03 15:41:50,0.9960000000000001,20,19.92,df17e882-da36-4431-bd7c-a030c705b58b,True,2026-06-03 15:44:59,1.0,20,20.0,,SETTLEMENT,0.07999999999999785,0.4016064257028005,189,WIN,False,,,,YES
3,2026-06-03,2026-06-03 16:31:02,2026-06-03 16:44:58,KXETH15M-26JUN031645-45,50.22,50.3,0.0799999999999983,0.15929908403026344,1,NO,2026-06-03 16:42:47,0.9960000000000001,20,19.92,61c6a69b-6626-4a45-aacd-2052fb0ef520,True,2026-06-03 16:44:58,1.0,20,20.0,,SETTLEMENT,0.07999999999999785,0.4016064257028005,131,WIN,False,,,,NO
4,2026-06-03,2026-06-03 16:46:14,2026-06-03 16:59:59,KXETH15M-26JUN031700-00,50.37,50.449999999999996,0.0799999999999983,0.1588246972404175,1,NO,2026-06-03 16:55:59,0.9960000000000001,20,19.92,ce7f5b1e-9a66-4008-abf5-8984374a05b4,True,2026-06-03 16:59:59,1.0,20,20.0,,SETTLEMENT,0.07999999999999785,0.4016064257028005,240,WIN,False,,,,NO
5,2026-06-03,2026-06-03 17:01:15,2026-06-03 17:14:59,KXETH15M-26JUN031715-15,50.52,50.6,0.0799999999999983,0.15835312747426422,1,YES,2026-06-03 17:10:43,0.9960000000000001,20,19.92,cce1e05f-775f-48d0-827b-a80a8638e1bf,True,2026-06-03 17:14:59,1.0,20,20.0,,SETTLEMENT,0.07999999999999785,0.4016064257028005,256,WIN,False,,,,YES
6,2026-06-03,2026-06-03 17:16:09,2026-06-03 17:29:57,KXETH15M-26JUN031730-30,50.7,50.78,0.0799999999999983,0.1577909270216929,1,YES,2026-06-03 17:28:39,0.9960000000000001,20,19.92,b016c280-5d59-4477-af61-d243e2ed96c6,True,2026-06-03 17:29:57,1.0,20,20.0,,SETTLEMENT,0.07999999999999785,0.4016064257028005,78,WIN,False,,,,YES
8,2026-06-03,2026-06-03 17:46:03,2026-06-03 17:59:57,KXETH15M-26JUN031800-00,37.53,37.59,0.060000000000002274,0.15987210231815152,1,YES,2026-06-03 17:55:44,0.996,15,14.94,ebb9ab17-22c6-4b64-85ce-73db87ab43ff,True,2026-06-03 17:59:57,1.0,15,15.0,,SETTLEMENT,0.06000000000000005,0.40160642570281163,253,WIN,False,,,,YES
9,2026-06-03,2026-06-03 18:01:14,2026-06-03 18:14:57,KXETH15M-26JUN031815-15,37.65,37.71,0.060000000000002274,0.15936254980080286,1,NO,2026-06-03 18:13:03,0.996,15,14.94,8c9663df-2bd9-4579-bf64-5f5cebe50cc0,True,2026-06-03 18:14:57,1.0,15,15.0,,SETTLEMENT,0.06000000000000005,0.40160642570281163,114,WIN,False,,,,NO
10,2026-06-03,2026-06-03 18:16:13,2026-06-03 18:29:55,KXETH15M-26JUN031830-30,37.76,37.82,0.060000000000002274,0.1588983050847518,1,NO,2026-06-03 18:27:56,0.996,15,14.94,212cb3fc-26d4-4da5-a708-0030f02d18bb,True,2026-06-03 18:29:55,1.0,15,15.0,,SETTLEMENT,0.06000000000000005,0.40160642570281163,119,WIN,False,,,,NO
1,2026-06-03,2026-06-03 18:35:47,2026-06-03 18:44:55,KXETH15M-26JUN031845-45,37.89,37.95,0.060000000000002274,0.1583531274742736,1,YES,2026-06-03 18:44:14,0.996,15,14.94,ea23e789-7e6a-449d-887b-155d45506922,True,2026-06-03 18:44:55,1.0,15,15.0,,SETTLEMENT,0.06000000000000005,0.40160642570281163,41,WIN,False,,,,YES
2,2026-06-03,2026-06-03 18:46:14,2026-06-03 18:59:57,KXETH15M-26JUN031900-00,38.01,38.07,0.060000000000002274,0.15785319652723567,1,NO,2026-06-03 18:58:53,0.996,15,14.94,92a6e006-825b-40f5-9fbe-67b1427fe8b3,True,2026-06-03 18:59:57,1.0,15,15.0,,SETTLEMENT,0.06000000000000005,0.40160642570281163,64,WIN,False,,,,NO
3,2026-06-03,2026-06-03 19:01:15,2026-06-03 19:14:55,KXETH15M-26JUN031915-15,38.12,38.3,0.17999999999999972,0.4721930745015732,1,NO,2026-06-03 19:12:59,0.988,15,14.82,887f93c3-cdde-4656-829e-795ca3526339,True,2026-06-03 19:14:55,1.0,15,15.0,,SETTLEMENT,0.18000000000000016,1.2145748987854261,116,WIN,False,,,,NO
4,2026-06-03,2026-06-03 19:16:08,2026-06-03 19:29:58,KXETH15M-26JUN031930-30,38.38,38.440000000000005,0.060000000000002274,0.15633142261595173,1,NO,2026-06-03 19:28:53,0.996,15,14.94,d9c40017-e314-457b-8c17-c3fff2761acf,True,2026-06-03 19:29:58,1.0,15,15.0,,SETTLEMENT,0.06000000000000005,0.40160642570281163,65,WIN,False,,,,NO
5,2026-06-03,2026-06-03 19:31:08,2026-06-03 19:44:55,KXETH15M-26JUN031945-45,38.53,38.68,0.14999999999999858,0.3893070334804012,1,NO,2026-06-03 19:43:05,0.99,15,14.85,bd759f8d-e485-4921-850b-2998b162e981,True,2026-06-03 19:44:55,1.0,15,15.0,,SETTLEMENT,0.15000000000000013,1.010101010101011,110,WIN,False,,,,NO
6,2026-06-03,2026-06-03 19:46:09,2026-06-03 19:59:58,KXETH15M-26JUN032000-00,38.74,38.800000000000004,0.060000000000002274,0.15487867836861713,1,NO,2026-06-03 19:58:52,0.996,15,14.94,6096c8d2-e1b9-45fc-b93a-550c2f281d63,True,2026-06-03 19:59:58,1.0,15,15.0,,SETTLEMENT,0.06000000000000005,0.40160642570281163,66,WIN,False,,,,NO
7,2026-06-03,2026-06-03 20:01:16,2026-06-03 20:14:57,KXETH15M-26JUN032015-15,38.9,38.96,0.060000000000002274,0.1542416452442218,1,YES,2026-06-03 20:13:54,0.996,15,14.94,77b0bade-7baa-4438-bfc3-cc9a35f46b00,True,2026-06-03 20:14:57,1.0,15,15.0,,SETTLEMENT,0.06000000000000005,0.40160642570281163,63,WIN,False,,,,YES
8,2026-06-03,2026-06-03 20:16:08,2026-06-03 20:29:59,KXETH15M-26JUN032030-30,39.03,39.09,0.060000000000002274,0.1537279016141488,1,NO,2026-06-03 20:26:16,0.996,15,14.94,a245af52-c0f3-4e67-bd21-765d4cc3b588,True,2026-06-03 20:29:59,1.0,15,15.0,,SETTLEMENT,0.06000000000000005,0.40160642570281163,223,WIN,False,,,,NO
9,2026-06-03,2026-06-03 20:31:14,2026-06-03 20:44:59,KXETH15M-26JUN032045-45,39.14,39.2,0.060000000000002274,0.1532958610117585,1,YES,2026-06-03 20:44:08,0.996,15,14.94,a1b671fe-0b1b-4f4c-8f51-46c4a35101e4,True,2026-06-03 20:44:59,1.0,15,15.0,,SETTLEMENT,0.06000000000000005,0.40160642570281163,51,WIN,False,,,,YES
10,2026-06-03,2026-06-03 20:46:14,2026-06-03 20:59:55,KXETH15M-26JUN032100-00,39.2,39.260000000000005,0.060000000000002274,0.1530612244898017,1,NO,2026-06-03 20:57:15,0.996,15,14.94,24ab8cd5-946b-4f5c-bca6-cac49fa5ea84,True,2026-06-03 20:59:55,1.0,15,15.0,,SETTLEMENT,0.06000000000000005,0.40160642570281163,160,WIN,False,,,,NO
12,2026-06-03,2026-06-03 21:16:02,2026-06-03 21:29:59,KXETH15M-26JUN032130-30,39.48,39.54,0.060000000000002274,0.15197568389058327,1,NO,2026-06-03 21:27:42,0.996,15,14.94,a5f43167-5f68-4a8f-b30d-f6633f6ab4c0,True,2026-06-03 21:29:59,1.0,15,15.0,,SETTLEMENT,0.06000000000000005,0.40160642570281163,137,WIN,False,,,,NO
13,2026-06-03,2026-06-03 21:31:15,2026-06-03 21:44:55,KXETH15M-26JUN032145-45,39.6,39.660000000000004,0.060000000000002274,0.15151515151515726,1,YES,2026-06-03 21:43:02,0.996,15,14.94,f65bd052-6263-4644-8d50-d2f901a51335,True,2026-06-03 21:44:55,1.0,15,15.0,,SETTLEMENT,0.06000000000000005,0.40160642570281163,113,WIN,False,,,,YES
15,2026-06-03,2026-06-03 21:46:46,2026-06-03 21:59:58,KXETH15M-26JUN032200-00,39.8,39.815999999999995,0.015999999999998238,0.04020100502512121,1,NO,2026-06-03 21:55:44,0.996,4,3.984,fb838301-b66b-410d-bcf6-08cc447594cc,True,2026-06-03 21:59:58,1.0,4,4.0,,SETTLEMENT,0.016000000000000014,0.40160642570281163,254,WIN,False,,,,NO
16,2026-06-03,2026-06-03 22:01:11,2026-06-03 22:14:55,KXETH15M-26JUN032215-15,39.87,39.949999999999996,0.0799999999999983,0.20065211938800676,1,NO,2026-06-03 22:12:06,0.995,16,15.92,50b72060-157e-4706-89ee-1967ea5d60a2,True,2026-06-03 22:14:55,1.0,16,16.0,,SETTLEMENT,0.08000000000000007,0.5025125628140708,169,WIN,False,,,,NO
17,2026-06-03,2026-06-03 22:16:08,2026-06-03 22:29:58,KXETH15M-26JUN032230-30,40.01,40.074,0.06400000000000006,0.15996000999750076,1,YES,2026-06-03 22:26:50,0.996,16,15.936,b04147f6-a4ed-4497-9c0f-53c1b989fb81,True,2026-06-03 22:29:58,1.0,16,16.0,,SETTLEMENT,0.06400000000000006,0.40160642570281163,188,WIN,False,,,,YES
18,2026-06-03,2026-06-03 22:31:20,2026-06-03 22:44:58,KXETH15M-26JUN032245-45,40.13,40.21,0.0799999999999983,0.19935210565661174,1,YES,2026-06-03 22:42:44,0.995,16,15.92,5539bef9-f474-4707-97be-3609aef777c9,True,2026-06-03 22:44:58,1.0,16,16.0,,SETTLEMENT,0.08000000000000007,0.5025125628140708,134,WIN,False,,,,YES
19,2026-06-03,2026-06-03 22:46:09,2026-06-03 22:59:58,KXETH15M-26JUN032300-00,40.27,40.35,0.0799999999999983,0.1986590514030253,1,NO,2026-06-03 22:58:01,0.995,16,15.92,f687b362-00a9-4818-ab92-99b76b0dc19b,True,2026-06-03 22:59:58,1.0,16,16.0,,SETTLEMENT,0.08000000000000007,0.5025125628140708,117,WIN,False,,,,NO
20,2026-06-03,2026-06-03 23:01:16,2026-06-03 23:14:57,KXETH15M-26JUN032315-15,40.4,40.464,0.06400000000000006,0.15841584158415856,1,YES,2026-06-03 23:11:40,0.996,16,15.936,ab4b2556-e072-419c-958e-aa73bd2a61d7,True,2026-06-03 23:14:57,1.0,16,16.0,,SETTLEMENT,0.06400000000000006,0.40160642570281163,197,WIN,False,,,,YES
21,2026-06-03,2026-06-03 23:16:09,2026-06-03 23:29:59,KXETH15M-26JUN032330-30,40.52,40.58,0.05999999999999517,0.14807502467915887,1,YES,2026-06-03 23:29:04,0.9960000000000001,15,14.940000000000001,15995eab-0a41-4d98-98e4-38a43cdbd783,True,2026-06-03 23:29:59,1.0,15,15.0,,SETTLEMENT,0.05999999999999839,0.4016064257028005,55,WIN,False,,,,YES
22,2026-06-03,2026-06-03 23:31:09,2026-06-03 23:44:57,KXETH15M-26JUN032345-45,40.63,40.694,0.06400000000000006,0.15751907457543698,1,YES,2026-06-03 23:41:10,0.996,16,15.936,955bb3f6-8fe2-4e14-a6de-9655dc6b7316,True,2026-06-03 23:44:57,1.0,16,16.0,,SETTLEMENT,0.06400000000000006,0.40160642570281163,227,WIN,False,,,,YES
23,2026-06-03,2026-06-03 23:46:14,2026-06-04 00:00:00,KXETH15M-26JUN040000-00,40.76,40.824,0.06400000000000006,0.1570166830225713,1,NO,2026-06-03 23:59:15,0.996,16,15.936,1bece85a-1c94-4242-8a2c-086dc8cf5e48,True,2026-06-04 00:00:00,1.0,16,16.0,,SETTLEMENT,0.06400000000000006,0.40160642570281163,45,WIN,False,,,,NO
24,2026-06-04,2026-06-04 00:01:10,2026-06-04 00:14:59,KXETH15M-26JUN040015-15,40.9,40.964,0.06400000000000006,0.15647921760391212,1,YES,2026-06-04 00:12:43,0.996,16,15.936,1d9321de-e91c-48ed-bc24-5b6822ef3a2f,True,2026-06-04 00:14:59,1.0,16,16.0,,SETTLEMENT,0.06400000000000006,0.40160642570281163,136,WIN,False,,,,YES
25,2026-06-04,2026-06-04 00:16:09,2026-06-04 00:29:59,KXETH15M-26JUN040030-30,41.02,41.260000000000005,0.240000000000002,0.5850804485616821,1,NO,2026-06-04 00:29:06,0.985,16,15.76,c731b9a9-c800-4888-877b-db750231d663,True,2026-06-04 00:29:59,1.0,16,16.0,,SETTLEMENT,0.2400000000000002,1.52284263959391,53,WIN,False,,,,NO
26,2026-06-04,2026-06-04 00:31:09,2026-06-04 00:44:56,KXETH15M-26JUN040045-45,41.24,41.304,0.06400000000000006,0.1551891367604269,1,NO,2026-06-04 00:41:59,0.996,16,15.936,175363d4-6019-4462-9104-182ec60e2c80,True,2026-06-04 00:44:56,1.0,16,16.0,,SETTLEMENT,0.06400000000000006,0.40160642570281163,177,WIN,False,,,,NO
27,2026-06-04,2026-06-04 00:46:14,2026-06-04 00:59:57,KXETH15M-26JUN040100-00,41.37,41.434,0.06400000000000006,0.15470147449842894,1,NO,2026-06-04 00:58:12,0.996,16,15.936,f874c0d1-f5fb-4fae-9695-5c89154eb08b,True,2026-06-04 00:59:57,1.0,16,16.0,,SETTLEMENT,0.06400000000000006,0.40160642570281163,105,WIN,False,,,,NO
28,2026-06-04,2026-06-04 01:01:16,2026-06-04 01:14:57,KXETH15M-26JUN040115-15,41.49,41.554,0.06400000000000006,0.1542540371173778,1,NO,2026-06-04 01:10:36,0.996,16,15.936,800ae7e9-3d42-46c9-9a28-d6a7c5b271d7,True,2026-06-04 01:14:57,1.0,16,16.0,,SETTLEMENT,0.06400000000000006,0.40160642570281163,261,WIN,False,,,,NO
29,2026-06-04,2026-06-04 01:16:09,2026-06-04 01:29:55,KXETH15M-26JUN040130-30,41.61,41.818,0.2079999999999984,0.49987983657774193,1,NO,2026-06-04 01:28:41,0.987,16,15.792,961686f1-1174-48c7-8a65-e7a45a9d5c40,True,2026-06-04 01:29:55,1.0,16,16.0,,SETTLEMENT,0.20800000000000018,1.3171225937183395,74,WIN,False,,,,NO
30,2026-06-04,2026-06-04 01:31:08,2026-06-04 01:44:58,KXETH15M-26JUN040145-45,41.81,41.906000000000006,0.09600000000000364,0.2296101411145746,1,YES,2026-06-04 01:42:01,0.994,16,15.904,77609a95-b70d-4b53-8334-33c39a1204e0,True,2026-06-04 01:44:58,1.0,16,16.0,,SETTLEMENT,0.09600000000000009,0.6036217303822944,177,WIN,False,,,,YES
31,2026-06-04,2026-06-04 01:46:14,2026-06-04 01:59:56,KXETH15M-26JUN040200-00,41.96,42.024,0.06400000000000006,0.15252621544327946,1,NO,2026-06-04 01:56:07,0.996,16,15.936,43d3e873-c5c0-49c7-8a1d-04e24c3963e3,True,2026-06-04 01:59:56,1.0,16,16.0,,SETTLEMENT,0.06400000000000006,0.40160642570281163,229,WIN,False,,,,NO
1,2026-06-04,2026-06-04 08:13:38,2026-06-04 08:14:59,KXETH15M-26JUN040815-15,42.08,42.144,0.06400000000000006,0.15209125475285185,1,NO,2026-06-04 08:14:01,0.996,16,15.936,52d02f9d-df04-4753-b941-fe92ec1839d1,True,2026-06-04 08:14:59,1.0,16,16.0,,SETTLEMENT,0.06400000000000006,0.40160642570281163,58,WIN,False,,,,NO
2,2026-06-04,2026-06-04 08:16:09,2026-06-04 08:29:56,KXETH15M-26JUN040830-30,42.14,42.204,0.06400000000000006,0.15187470336972012,1,YES,2026-06-04 08:26:41,0.996,16,15.936,479dbb05-0e1e-4730-aa8d-fd1629bd2bbf,True,2026-06-04 08:29:56,1.0,16,16.0,,SETTLEMENT,0.06400000000000006,0.40160642570281163,195,WIN,False,,,,YES
3,2026-06-04,2026-06-04 08:31:14,2026-06-04 08:44:57,KXETH15M-26JUN040845-45,42.27,42.334,0.06400000000000006,0.15140761769576544,1,YES,2026-06-04 08:42:09,0.996,16,15.936,d35dc75b-1057-4947-875b-c611b403eda9,True,2026-06-04 08:44:57,1.0,16,16.0,,SETTLEMENT,0.06400000000000006,0.40160642570281163,168,WIN,False,,,,YES
4,2026-06-04,2026-06-04 08:46:09,2026-06-04 08:59:57,KXETH15M-26JUN040900-00,42.39,42.594,0.20400000000000063,0.4812455767869795,1,YES,2026-06-04 08:59:23,0.988,17,16.796,493f52de-27fe-49b1-8807-0306c909c4ec,True,2026-06-04 08:59:57,1.0,17,17.0,,SETTLEMENT,0.20400000000000018,1.2145748987854261,34,WIN,False,,,,YES
5,2026-06-04,2026-06-04 09:01:10,2026-06-04 09:14:55,KXETH15M-26JUN040915-15,42.64,42.708,0.06799999999999784,0.15947467166978854,1,NO,2026-06-04 09:14:16,0.9959999999999999,17,16.932,6c5e6ecd-7eaf-4bb3-997d-47a39002e40a,True,2026-06-04 09:14:55,1.0,17,17.0,,SETTLEMENT,0.06800000000000195,0.40160642570282273,39,WIN,False,,,,NO
6,2026-06-04,2026-06-04 09:16:08,2026-06-04 09:29:59,KXETH15M-26JUN040930-30,42.79,42.858000000000004,0.06800000000000495,0.15891563449405224,1,NO,2026-06-04 09:25:08,0.9959999999999999,17,16.932,e56e759f-0f07-41a3-ac69-56a8b4688eb9,True,2026-06-04 09:29:59,1.0,17,17.0,,SETTLEMENT,0.06800000000000195,0.40160642570282273,291,WIN,False,,,,NO
1,2026-06-04,2026-06-04 09:53:51,2026-06-04 09:59:56,KXETH15M-26JUN041000-00,43.05,43.053999999999995,0.003999999999997783,0.00929152148663829,1,YES,2026-06-04 09:59:02,0.996,1,0.996,2530f534-2c6c-45c6-910a-d29f1c56178a,True,2026-06-04 09:59:56,1.0,1,1.0,,SETTLEMENT,0.0040000000000000036,0.40160642570281163,54,WIN,False,,,,YES
3,2026-06-04,2026-06-04 10:16:03,2026-06-04 10:29:55,KXETH15M-26JUN041030-30,43.18,43.248000000000005,0.06800000000000495,0.15748031496064135,1,NO,2026-06-04 10:27:38,0.9959999999999999,17,16.932,0aba88e7-e7fd-4dec-be72-433119760c74,True,2026-06-04 10:29:55,1.0,17,17.0,,SETTLEMENT,0.06800000000000195,0.40160642570282273,137,WIN,False,,,,NO
4,2026-06-04,2026-06-04 10:31:08,2026-06-04 10:44:57,KXETH15M-26JUN041045-45,43.3,43.367999999999995,0.06799999999999784,0.15704387990761626,1,NO,2026-06-04 10:41:40,0.9959999999999999,17,16.932,47591b26-7cef-45dc-a76e-73f45cecafe5,True,2026-06-04 10:44:57,1.0,17,17.0,,SETTLEMENT,0.06800000000000195,0.40160642570282273,197,WIN,False,,,,NO
7,2026-06-04,2026-06-04 11:16:02,2026-06-04 11:29:56,KXETH15M-26JUN041130-30,43.57,43.655,0.08500000000000085,0.19508836355290532,1,NO,2026-06-04 11:26:51,0.995,17,16.915,63957740-b48c-436e-a883-37a1f1671977,True,2026-06-04 11:29:56,1.0,17,17.0,,SETTLEMENT,0.08500000000000008,0.5025125628140708,185,WIN,False,,,,NO
8,2026-06-04,2026-06-04 11:31:08,2026-06-04 11:44:56,KXETH15M-26JUN041145-45,43.71,43.778000000000006,0.06800000000000495,0.15557080759552722,1,NO,2026-06-04 11:43:01,0.9959999999999999,17,16.932,68a68682-9a0d-459a-b53c-9772d6eceba5,True,2026-06-04 11:44:56,1.0,17,17.0,,SETTLEMENT,0.06800000000000195,0.40160642570282273,115,WIN,False,,,,NO
9,2026-06-04,2026-06-04 11:46:09,2026-06-04 11:59:57,KXETH15M-26JUN041200-00,43.84,43.908,0.06799999999999784,0.15510948905108995,1,YES,2026-06-04 11:58:54,0.9959999999999999,17,16.932,462bd3e2-f688-4914-8883-3fc90475519a,True,2026-06-04 11:59:57,1.0,17,17.0,,SETTLEMENT,0.06800000000000195,0.40160642570282273,63,WIN,False,,,,YES
10,2026-06-04,2026-06-04 12:01:08,2026-06-04 12:14:59,KXETH15M-26JUN041215-15,44.0,44.068,0.06799999999999784,0.15454545454544963,1,NO,2026-06-04 12:13:01,0.9959999999999999,17,16.932,cf465513-c04c-48c3-9612-f55e890c408c,True,2026-06-04 12:14:59,1.0,17,17.0,,SETTLEMENT,0.06800000000000195,0.40160642570282273,118,WIN,False,,,,NO
11,2026-06-04,2026-06-04 12:16:08,2026-06-04 12:29:56,KXETH15M-26JUN041230-30,44.13,44.182,0.0519999999999996,0.11783367323815908,1,NO,2026-06-04 12:29:23,0.996,13,12.948,2f77e9b4-6594-4fba-878b-24d04a852b59,True,2026-06-04 12:29:56,1.0,13,13.0,,SETTLEMENT,0.052000000000000046,0.4016064257028116,33,WIN,False,,,,NO
12,2026-06-04,2026-06-04 12:31:08,2026-06-04 12:44:56,KXETH15M-26JUN041245-45,44.19,44.257999999999996,0.06799999999999784,0.1538809685449148,1,YES,2026-06-04 12:42:48,0.9959999999999999,17,16.932,3b5c4f21-a166-44d4-b2e6-22bee0d561ce,True,2026-06-04 12:44:56,1.0,17,17.0,,SETTLEMENT,0.06800000000000195,0.40160642570282273,128,WIN,False,,,,YES
13,2026-06-04,2026-06-04 12:46:09,2026-06-04 12:59:56,KXETH15M-26JUN041300-00,44.32,44.456,0.13600000000000279,0.30685920577617953,1,NO,2026-06-04 12:57:12,0.992,17,16.864,f5ff5418-4113-44ff-aa31-728b043696ab,True,2026-06-04 12:59:56,1.0,17,17.0,,SETTLEMENT,0.13600000000000012,0.8064516129032264,164,WIN,False,,,,NO
14,2026-06-04,2026-06-04 13:01:04,2026-06-04 13:14:52,KXETH15M-26JUN041315-15,44.51,44.561,0.05100000000000193,0.11458099303527731,1,YES,2026-06-04 13:14:04,0.9959999999999999,17,16.932,1ee991d7-b4ad-48f8-802b-b29075cbb286,True,2026-06-04 13:14:52,0.999,17,16.983,165c8150-272e-42ef-b6a3-b28da8d91da2,MANUAL_STOP_LOSS,0.05100000000000193,0.30120481927711984,48,WIN,False,,,,
15,2026-06-04,2026-06-04 13:16:02,2026-06-04 13:29:56,KXETH15M-26JUN041330-30,44.6,44.668000000000006,0.06800000000000495,0.15246636771301555,1,NO,2026-06-04 13:25:10,0.9959999999999999,17,16.932,a79fdbb7-45ca-4a7f-825f-33bc0f0a990f,True,2026-06-04 13:29:56,1.0,17,17.0,,SETTLEMENT,0.06800000000000195,0.40160642570282273,286,WIN,False,,,,NO
16,2026-06-04,2026-06-04 13:31:08,2026-06-04 13:44:56,KXETH15M-26JUN041345-45,44.73,44.798,0.06800000000000495,0.15202325061481098,1,NO,2026-06-04 13:41:38,0.9959999999999999,17,16.932,78d6b047-fbe5-48e1-a8ed-6bd561cfd1b8,True,2026-06-04 13:44:56,1.0,17,17.0,,SETTLEMENT,0.06800000000000195,0.40160642570282273,198,WIN,False,,,,NO
17,2026-06-04,2026-06-04 13:46:14,2026-06-04 13:59:59,KXETH15M-26JUN041400-00,44.87,44.94199999999999,0.07199999999999562,0.1604635613995891,1,YES,2026-06-04 13:56:59,0.996,18,17.928,d76091ff-1eca-4ae3-ace4-463ca69f7856,True,2026-06-04 13:59:59,1.0,18,18.0,,SETTLEMENT,0.07200000000000006,0.4016064257028116,180,WIN,False,,,,YES
18,2026-06-04,2026-06-04 14:01:10,2026-06-04 14:15:00,KXETH15M-26JUN041415-15,45.01,45.081999999999994,0.07199999999999562,0.15996445234391385,1,NO,2026-06-04 14:11:04,0.996,18,17.928,d4e626bb-4ef8-4e8c-bde1-c2419d8c7932,True,2026-06-04 14:15:00,1.0,18,18.0,,SETTLEMENT,0.07200000000000006,0.4016064257028116,236,WIN,False,,,,NO
19,2026-06-04,2026-06-04 14:16:13,2026-06-04 14:29:56,KXETH15M-26JUN041430-30,45.15,45.221999999999994,0.07199999999999562,0.15946843853819628,1,YES,2026-06-04 14:25:03,0.996,18,17.928,23eb0bef-983f-4cac-bdcf-1cfda16f4945,True,2026-06-04 14:29:56,1.0,18,18.0,,SETTLEMENT,0.07200000000000006,0.4016064257028116,293,WIN,False,,,,YES
20,2026-06-04,2026-06-04 14:31:08,2026-06-04 14:44:58,KXETH15M-26JUN041445-45,45.29,45.361999999999995,0.07199999999999562,0.15897549127841826,1,NO,2026-06-04 14:44:22,0.996,18,17.928,e1f68539-4ede-42b4-b674-6a3c06c345ff,True,2026-06-04 14:44:58,1.0,18,18.0,,SETTLEMENT,0.07200000000000006,0.4016064257028116,36,WIN,False,,,,NO
21,2026-06-04,2026-06-04 14:46:09,2026-06-04 14:59:59,KXETH15M-26JUN041500-00,45.43,45.434,0.003999999999997783,0.008804754567461553,1,YES,2026-06-04 14:59:04,0.996,1,0.996,924fe46b-56c2-45fb-a482-7688a30da1f1,True,2026-06-04 14:59:59,1.0,1,1.0,,SETTLEMENT,0.0040000000000000036,0.40160642570281163,55,WIN,False,,,,YES
22,2026-06-04,2026-06-04 15:01:16,2026-06-04 15:14:56,KXETH15M-26JUN041515-15,45.5,45.572,0.07200000000000273,0.15824175824176423,1,NO,2026-06-04 15:11:58,0.996,18,17.928,c8b2364d-7bf4-4f86-b818-1548ff0805cc,True,2026-06-04 15:14:56,1.0,18,18.0,,SETTLEMENT,0.07200000000000006,0.4016064257028116,178,WIN,False,,,,NO
23,2026-06-04,2026-06-04 15:16:14,2026-06-04 15:29:59,KXETH15M-26JUN041530-30,45.64,45.712,0.07200000000000273,0.15775635407537847,1,YES,2026-06-04 15:27:17,0.996,18,17.928,6846ec06-a353-423b-a78e-91dd4a2d75cb,True,2026-06-04 15:29:59,1.0,18,18.0,,SETTLEMENT,0.07200000000000006,0.4016064257028116,162,WIN,False,,,,YES
1,2026-06-04,2026-06-04 16:13:23,2026-06-04 16:14:56,KXETH15M-26JUN041615-15,45.93,46.001999999999995,0.07199999999999562,0.1567602873938507,1,NO,2026-06-04 16:13:56,0.996,18,17.928,618fbeb9-e1fd-4af9-9583-c454802b3f8e,True,2026-06-04 16:14:56,1.0,18,18.0,,SETTLEMENT,0.07200000000000006,0.4016064257028116,60,WIN,False,,,,NO
2,2026-06-04,2026-06-04 16:16:08,2026-06-04 16:29:59,KXETH15M-26JUN041630-30,46.01,46.081999999999994,0.07199999999999562,0.15648772006084682,1,NO,2026-06-04 16:27:23,0.996,18,17.928,c0761854-0151-4d4a-9c0b-a8cce6b68105,True,2026-06-04 16:29:59,1.0,18,18.0,,SETTLEMENT,0.07200000000000006,0.4016064257028116,156,WIN,False,,,,NO
3,2026-06-04,2026-06-04 16:31:08,2026-06-04 16:44:57,KXETH15M-26JUN041645-45,46.14,46.212,0.07200000000000273,0.15604681404421916,1,YES,2026-06-04 16:41:36,0.996,18,17.928,122ba208-b4b9-49a1-ba59-0b80e15ca6b0,True,2026-06-04 16:44:57,1.0,18,18.0,,SETTLEMENT,0.07200000000000006,0.4016064257028116,201,WIN,False,,,,YES
4,2026-06-04,2026-06-04 16:46:14,2026-06-04 16:59:59,KXETH15M-26JUN041700-00,46.27,46.342,0.07199999999999562,0.1556083855629903,1,YES,2026-06-04 16:59:25,0.996,18,17.928,4fc532b8-c765-4ef1-88a1-cac5089a4669,True,2026-06-04 16:59:59,1.0,18,18.0,,SETTLEMENT,0.07200000000000006,0.4016064257028116,34,WIN,False,,,,YES
5,2026-06-04,2026-06-04 17:01:15,2026-06-04 17:14:59,KXETH15M-26JUN041715-15,46.41,46.482,0.07200000000000273,0.15513897866839632,1,YES,2026-06-04 17:13:03,0.996,18,17.928,dfb417cc-88e2-4b49-8dce-b6c26e0c89f5,True,2026-06-04 17:14:59,1.0,18,18.0,,SETTLEMENT,0.07200000000000006,0.4016064257028116,116,WIN,False,,,,YES
6,2026-06-04,2026-06-04 17:16:13,2026-06-04 17:29:57,KXETH15M-26JUN041730-30,46.55,46.622,0.07200000000000273,0.1546723952739049,1,NO,2026-06-04 17:27:35,0.996,18,17.928,7303973d-df9e-48e8-8f78-7930b0c95cac,True,2026-06-04 17:29:57,1.0,18,18.0,,SETTLEMENT,0.07200000000000006,0.4016064257028116,142,WIN,False,,,,NO
7,2026-06-04,2026-06-04 17:31:14,2026-06-04 17:44:57,KXETH15M-26JUN041745-45,46.69,46.762,0.07200000000000273,0.15420860998072977,1,NO,2026-06-04 17:40:42,0.996,18,17.928,7feb28de-d15c-4d71-8c9e-aa78534295ed,True,2026-06-04 17:44:57,1.0,18,18.0,,SETTLEMENT,0.07200000000000006,0.4016064257028116,255,WIN,False,,,,NO
8,2026-06-04,2026-06-04 17:46:08,2026-06-04 17:59:58,KXETH15M-26JUN041800-00,46.83,46.833999999999996,0.003999999999997783,0.008541533205205601,1,NO,2026-06-04 17:58:17,0.996,1,0.996,a2c9d5dc-d42a-4e06-8bc0-060caffcbb6b,True,2026-06-04 17:59:58,1.0,1,1.0,,SETTLEMENT,0.0040000000000000036,0.40160642570281163,101,WIN,False,,,,NO
9,2026-06-04,2026-06-04 18:01:15,2026-06-04 18:14:59,KXETH15M-26JUN041815-15,46.91,46.913999999999994,0.003999999999997783,0.008526966531651638,1,NO,2026-06-04 18:13:40,0.996,1,0.996,371fd5c2-e205-4735-b116-acb528212862,True,2026-06-04 18:14:59,1.0,1,1.0,,SETTLEMENT,0.0040000000000000036,0.40160642570281163,79,WIN,False,,,,NO
10,2026-06-04,2026-06-04 18:16:14,2026-06-04 18:29:59,KXETH15M-26JUN041830-30,46.91,46.977999999999994,0.06799999999999784,0.1449584310381536,1,YES,2026-06-04 18:27:59,0.9959999999999999,17,16.932,7e199175-31c7-445e-9fc3-e944db1bff5b,True,2026-06-04 18:29:59,1.0,17,17.0,,SETTLEMENT,0.06800000000000195,0.40160642570282273,120,WIN,False,,,,YES
12,2026-06-04,2026-06-04 18:46:02,2026-06-04 18:59:57,KXETH15M-26JUN041900-00,47.13,47.202,0.07199999999999562,0.1527689369828042,1,YES,2026-06-04 18:56:32,0.996,18,17.928,9ab92e89-b1b9-4b2a-8a5c-f3f6efc5f2ca,True,2026-06-04 18:59:57,1.0,18,18.0,,SETTLEMENT,0.07200000000000006,0.4016064257028116,205,WIN,False,,,,YES
13,2026-06-04,2026-06-04 19:01:09,2026-06-04 19:15:00,KXETH15M-26JUN041915-15,47.26,47.331999999999994,0.07199999999999562,0.15234870926787056,1,YES,2026-06-04 19:13:55,0.996,18,17.928,628a4519-4576-4df2-bee9-edaf62ffac96,True,2026-06-04 19:15:00,1.0,18,18.0,,SETTLEMENT,0.07200000000000006,0.4016064257028116,65,WIN,False,,,,YES
14,2026-06-04,2026-06-04 19:16:08,2026-06-04 19:29:56,KXETH15M-26JUN041930-30,47.4,47.476,0.07600000000000051,0.1603375527426171,1,NO,2026-06-04 19:25:04,0.996,19,18.924,21eea382-58c2-40e6-a6ff-124463a96c6b,True,2026-06-04 19:29:56,1.0,19,19.0,,SETTLEMENT,0.07600000000000007,0.40160642570281163,292,WIN,False,,,,NO
15,2026-06-04,2026-06-04 19:31:08,2026-06-04 19:44:56,KXETH15M-26JUN041945-45,47.54,47.673,0.13300000000000267,0.2797644089188108,1,YES,2026-06-04 19:40:11,0.993,19,18.867,18f781a4-0740-4dd2-b0de-0275401e9f60,True,2026-06-04 19:44:56,1.0,19,19.0,,SETTLEMENT,0.13300000000000012,0.7049345417925484,285,WIN,False,,,,YES
16,2026-06-04,2026-06-04 19:46:09,2026-06-04 19:59:58,KXETH15M-26JUN042000-00,47.74,47.93,0.18999999999999773,0.3979891076665222,1,YES,2026-06-04 19:59:06,0.9900000000000001,19,18.810000000000002,05316a5f-8b30-4365-b487-54099ea49143,True,2026-06-04 19:59:58,1.0,19,19.0,,SETTLEMENT,0.18999999999999806,1.0101010101009995,52,WIN,False,,,,YES
17,2026-06-04,2026-06-04 20:01:09,2026-06-04 20:14:59,KXETH15M-26JUN042015-15,47.99,48.066,0.07600000000000051,0.15836632631798397,1,NO,2026-06-04 20:12:23,0.996,19,18.924,14b8be35-09ea-42c8-9b06-580f6b602599,True,2026-06-04 20:14:59,1.0,19,19.0,,SETTLEMENT,0.07600000000000007,0.40160642570281163,156,WIN,False,,,,NO
18,2026-06-04,2026-06-04 20:16:09,2026-06-04 20:29:58,KXETH15M-26JUN042030-30,48.13,48.206,0.07600000000000051,0.15790567213796075,1,YES,2026-06-04 20:29:44,0.996,19,18.924,267f4896-c18c-451a-82f7-baa26a32fd10,True,2026-06-04 20:29:58,1.0,19,19.0,,SETTLEMENT,0.07600000000000007,0.40160642570281163,14,WIN,False,,,,YES
19,2026-06-04,2026-06-04 20:31:14,2026-06-04 20:44:59,KXETH15M-26JUN042045-45,48.28,48.356,0.07600000000000051,0.1574150787075404,1,NO,2026-06-04 20:44:26,0.996,19,18.924,c0c0f7d4-b2f2-4ddc-8b44-b11d8f7f1ce5,True,2026-06-04 20:44:59,1.0,19,19.0,,SETTLEMENT,0.07600000000000007,0.40160642570281163,33,WIN,False,,,,NO
20,2026-06-04,2026-06-04 20:46:08,2026-06-04 20:59:59,KXETH15M-26JUN042100-00,48.43,48.474,0.04399999999999693,0.09085277720420593,1,NO,2026-06-04 20:56:01,0.9960000000000001,11,10.956000000000001,3132aa49-53e3-4e4e-b2f3-6653b45b2df5,True,2026-06-04 20:59:59,1.0,11,11.0,,SETTLEMENT,0.04399999999999882,0.40160642570280036,238,WIN,False,,,,NO
21,2026-06-04,2026-06-04 21:01:03,2026-06-04 21:14:58,KXETH15M-26JUN042115-15,48.54,48.730000000000004,0.19000000000000483,0.3914297486609082,1,NO,2026-06-04 21:12:48,0.9899999999999999,19,18.81,30a9f0cd-2b4c-4ee3-9690-f8509f21f7fd,True,2026-06-04 21:14:58,1.0,19,19.0,,SETTLEMENT,0.19000000000000228,1.0101010101010224,130,WIN,False,,,,NO
22,2026-06-04,2026-06-04 21:16:08,2026-06-04 21:29:57,KXETH15M-26JUN042130-30,48.79,48.81,0.020000000000003126,0.04099200655872746,1,NO,2026-06-04 21:29:23,0.9960000000000001,5,4.98,15f9ae97-c037-4ae5-9724-826255beb819,True,2026-06-04 21:29:57,1.0,5,5.0,,SETTLEMENT,0.019999999999999463,0.4016064257028005,34,WIN,False,,,,NO
23,2026-06-04,2026-06-04 21:31:14,2026-06-04 21:44:57,KXETH15M-26JUN042145-45,48.81,48.92400000000001,0.11400000000000432,0.23355869698833093,1,YES,2026-06-04 21:44:07,0.994,19,18.886,4f62d3ca-46ed-41cf-8bc3-1acb597e14a3,True,2026-06-04 21:44:57,1.0,19,19.0,,SETTLEMENT,0.1140000000000001,0.6036217303822944,50,WIN,False,,,,YES
24,2026-06-04,2026-06-04 21:46:08,2026-06-04 21:59:58,KXETH15M-26JUN042200-00,49.04,49.092,0.0519999999999996,0.10603588907014601,1,NO,2026-06-04 21:59:23,0.996,13,12.948,cfa58a31-80fc-4271-be64-ae32e2cf27a2,True,2026-06-04 21:59:58,1.0,13,13.0,,SETTLEMENT,0.052000000000000046,0.4016064257028116,35,WIN,False,,,,NO
25,2026-06-04,2026-06-04 22:01:15,2026-06-04 22:14:59,KXETH15M-26JUN042215-15,49.09,49.166000000000004,0.07600000000000051,0.1548176818089234,1,NO,2026-06-04 22:12:45,0.996,19,18.924,85ab410e-d31c-493d-ae60-acfead4c4612,True,2026-06-04 22:14:59,1.0,19,19.0,,SETTLEMENT,0.07600000000000007,0.40160642570281163,134,WIN,False,,,,NO
26,2026-06-04,2026-06-04 22:16:09,2026-06-04 22:29:55,KXETH15M-26JUN042230-30,49.25,49.326,0.07600000000000051,0.15431472081218378,1,NO,2026-06-04 22:26:32,0.996,19,18.924,5a231916-12e0-4d2e-a682-2487dbe69b27,True,2026-06-04 22:29:55,1.0,19,19.0,,SETTLEMENT,0.07600000000000007,0.40160642570281163,203,WIN,False,,,,NO
27,2026-06-04,2026-06-04 22:31:08,2026-06-04 22:44:58,KXETH15M-26JUN042245-45,49.39,49.466,0.07600000000000051,0.15387730309779413,1,NO,2026-06-04 22:43:52,0.996,19,18.924,42663287-5614-4b7e-8c8c-5ab0a210f1c6,True,2026-06-04 22:44:58,1.0,19,19.0,,SETTLEMENT,0.07600000000000007,0.40160642570281163,66,WIN,False,,,,NO
28,2026-06-04,2026-06-04 22:46:14,2026-06-04 22:59:59,KXETH15M-26JUN042300-00,49.47,49.546,0.07600000000000051,0.15362846169395697,1,NO,2026-06-04 22:58:19,0.996,19,18.924,ba9f8271-9ede-412e-8e65-881f762da1c0,True,2026-06-04 22:59:59,1.0,19,19.0,,SETTLEMENT,0.07600000000000007,0.40160642570281163,100,WIN,False,,,,NO
29,2026-06-04,2026-06-04 23:01:15,2026-06-04 23:14:55,KXETH15M-26JUN042315-15,49.62,49.885999999999996,0.26599999999999824,0.5360741636436885,1,NO,2026-06-04 23:12:43,0.9859999999999999,19,18.733999999999998,fe54a696-901f-4041-a627-e04152d001c8,True,2026-06-04 23:14:55,1.0,19,19.0,,SETTLEMENT,0.26600000000000235,1.4198782961460572,132,WIN,False,,,,NO
30,2026-06-04,2026-06-04 23:16:08,2026-06-04 23:29:56,KXETH15M-26JUN042330-30,49.95,50.03,0.0799999999999983,0.16016016016015674,1,YES,2026-06-04 23:28:03,0.9960000000000001,20,19.92,3aa64abd-6085-4cd7-9eae-5a04276ec9c9,True,2026-06-04 23:29:56,1.0,20,20.0,,SETTLEMENT,0.07999999999999785,0.4016064257028005,113,WIN,False,,,,YES
31,2026-06-04,2026-06-04 23:31:14,2026-06-04 23:44:57,KXETH15M-26JUN042345-45,50.08,50.16,0.0799999999999983,0.1597444089456835,1,YES,2026-06-04 23:44:07,0.9960000000000001,20,19.92,a1d96d9d-4acd-4a80-ae76-8d61e314cbd3,True,2026-06-04 23:44:57,1.0,20,20.0,,SETTLEMENT,0.07999999999999785,0.4016064257028005,50,WIN,False,,,,YES
32,2026-06-04,2026-06-04 23:46:14,2026-06-04 23:59:59,KXETH15M-26JUN050000-00,50.24,50.32,0.0799999999999983,0.15923566878980552,1,NO,2026-06-04 23:59:02,0.9960000000000001,20,19.92,6809e101-b9a4-446e-bc65-985f2d629620,True,2026-06-04 23:59:59,1.0,20,20.0,,SETTLEMENT,0.07999999999999785,0.4016064257028005,57,WIN,False,,,,NO
33,2026-06-05,2026-06-05 00:01:21,2026-06-05 00:14:59,KXETH15M-26JUN050015-15,50.43,50.51,0.0799999999999983,0.15863573269878703,1,NO,2026-06-05 00:13:59,0.9960000000000001,20,19.92,dc53eb43-8711-452f-aad7-ec1c3697d052,True,2026-06-05 00:14:59,1.0,20,20.0,,SETTLEMENT,0.07999999999999785,0.4016064257028005,60,WIN,False,,,,NO
34,2026-06-05,2026-06-05 00:16:14,2026-06-05 00:29:57,KXETH15M-26JUN050030-30,50.59,50.67,0.0799999999999983,0.1581340185807438,1,YES,2026-06-05 00:27:42,0.9960000000000001,20,19.92,758b3f43-2da8-4659-a3d3-77028e8b86e4,True,2026-06-05 00:29:57,1.0,20,20.0,,SETTLEMENT,0.07999999999999785,0.4016064257028005,135,WIN,False,,,,YES
35,2026-06-05,2026-06-05 00:31:08,2026-06-05 00:44:56,KXETH15M-26JUN050045-45,50.79,50.87,0.0799999999999983,0.15751132112620259,1,NO,2026-06-05 00:43:03,0.9960000000000001,20,19.92,c23373ec-ba3e-4cc9-be3d-899df97b66f9,True,2026-06-05 00:44:56,1.0,20,20.0,,SETTLEMENT,0.07999999999999785,0.4016064257028005,113,WIN,False,,,,NO
36,2026-06-05,2026-06-05 00:46:08,2026-06-05 00:59:57,KXETH15M-26JUN050100-00,50.95,51.050000000000004,0.10000000000000142,0.1962708537782167,1,YES,2026-06-05 00:57:38,0.9949999999999999,20,19.9,60973804-1ff2-4011-a974-2b134b43ded2,True,2026-06-05 00:59:57,1.0,20,20.0,,SETTLEMENT,0.10000000000000231,0.502512562814082,139,WIN,False,,,,YES
37,2026-06-05,2026-06-05 01:01:15,2026-06-05 01:14:56,KXETH15M-26JUN050115-15,51.12,51.22,0.10000000000000142,0.195618153364635,1,NO,2026-06-05 01:11:14,0.9949999999999999,20,19.9,02b09166-e39d-4ed3-9505-5946fe2a74a6,True,2026-06-05 01:14:56,1.0,20,20.0,,SETTLEMENT,0.10000000000000231,0.502512562814082,222,WIN,False,,,,NO
38,2026-06-05,2026-06-05 01:16:14,2026-06-05 01:29:59,KXETH15M-26JUN050130-30,51.22,51.3,0.0799999999999983,0.156188988676295,1,YES,2026-06-05 01:29:02,0.9960000000000001,20,19.92,0db757fa-8118-4c3b-8e5b-f085eb316196,True,2026-06-05 01:29:59,1.0,20,20.0,,SETTLEMENT,0.07999999999999785,0.4016064257028005,57,WIN,False,,,,YES
40,2026-06-05,2026-06-05 01:46:02,2026-06-05 01:59:55,KXETH15M-26JUN050200-00,51.46,51.54,0.0799999999999983,0.15546055188495586,1,NO,2026-06-05 01:56:42,0.9960000000000001,20,19.92,d95a30b6-b679-4fd8-af63-dc6192eeee90,True,2026-06-05 01:59:55,1.0,20,20.0,,SETTLEMENT,0.07999999999999785,0.4016064257028005,193,WIN,False,,,,NO
41,2026-06-05,2026-06-05 02:01:08,2026-06-05 02:14:55,KXETH15M-26JUN050215-15,51.61,51.71,0.10000000000000142,0.19376089905057436,1,NO,2026-06-05 02:13:32,0.9949999999999999,20,19.9,3e9b002c-8c8c-4e17-a14d-338a5a5047ff,True,2026-06-05 02:14:55,1.0,20,20.0,,SETTLEMENT,0.10000000000000231,0.502512562814082,83,WIN,False,,,,NO
42,2026-06-05,2026-06-05 02:16:08,2026-06-05 02:29:56,KXETH15M-26JUN050230-30,51.78,51.86,0.0799999999999983,0.15449980687523812,1,NO,2026-06-05 02:26:29,0.9960000000000001,20,19.92,6128c152-554c-44f3-b787-07455ed236a5,True,2026-06-05 02:29:56,1.0,20,20.0,,SETTLEMENT,0.07999999999999785,0.4016064257028005,207,WIN,False,,,,NO
43,2026-06-05,2026-06-05 02:31:14,2026-06-05 02:44:58,KXETH15M-26JUN050245-45,52.07,52.17,0.10000000000000142,0.19204916458613677,1,YES,2026-06-05 02:42:54,0.9949999999999999,20,19.9,d6aab13a-b79c-45d4-9648-31ba504639a3,True,2026-06-05 02:44:58,1.0,20,20.0,,SETTLEMENT,0.10000000000000231,0.502512562814082,124,WIN,False,,,,YES
45,2026-06-05,2026-06-05 03:01:03,2026-06-05 03:14:56,KXETH15M-26JUN050315-15,52.31,52.394000000000005,0.08400000000000318,0.16058115083158706,1,NO,2026-06-05 03:11:32,0.996,21,20.916,3e9b70d8-164d-4ec6-83d7-8e98144aca05,True,2026-06-05 03:14:56,1.0,21,21.0,,SETTLEMENT,0.08400000000000007,0.4016064257028116,204,WIN,False,,,,NO
46,2026-06-05,2026-06-05 03:16:14,2026-06-05 03:29:55,KXETH15M-26JUN050330-30,52.46,52.544,0.08399999999999608,0.1601219977125354,1,YES,2026-06-05 03:26:35,0.996,21,20.916,1944e234-55ee-4092-8b36-741287d9ced8,True,2026-06-05 03:29:55,1.0,21,21.0,,SETTLEMENT,0.08400000000000007,0.4016064257028116,200,WIN,False,,,,YES
47,2026-06-05,2026-06-05 03:31:08,2026-06-05 03:44:56,KXETH15M-26JUN050345-45,52.63,52.714,0.08399999999999608,0.15960478814363685,1,YES,2026-06-05 03:41:46,0.996,21,20.916,a0550d7d-827c-4123-a455-4409d823d1a0,True,2026-06-05 03:44:56,1.0,21,21.0,,SETTLEMENT,0.08400000000000007,0.4016064257028116,190,WIN,False,,,,YES
48,2026-06-05,2026-06-05 03:46:09,2026-06-05 03:59:59,KXETH15M-26JUN050400-00,52.79,52.873999999999995,0.08399999999999608,0.15912104565257829,1,YES,2026-06-05 03:58:49,0.996,21,20.916,d14aa4bf-da28-4eec-8729-4678152725ac,True,2026-06-05 03:59:59,1.0,21,21.0,,SETTLEMENT,0.08400000000000007,0.4016064257028116,70,WIN,False,,,,YES
49,2026-06-05,2026-06-05 04:01:14,2026-06-05 04:14:56,KXETH15M-26JUN050415-15,52.87,52.95399999999999,0.08399999999999608,0.15888027236617377,1,NO,2026-06-05 04:10:55,0.996,21,20.916,66b2c04f-6412-4f99-8617-91eb20995a64,True,2026-06-05 04:14:56,1.0,21,21.0,,SETTLEMENT,0.08400000000000007,0.4016064257028116,241,WIN,False,,,,NO
50,2026-06-05,2026-06-05 04:16:13,2026-06-05 04:29:55,KXETH15M-26JUN050430-30,53.03,53.114000000000004,0.08400000000000318,0.15840090514803543,1,YES,2026-06-05 04:29:06,0.996,21,20.916,3f94d938-515e-41e9-a270-d9caaa8f152c,True,2026-06-05 04:29:55,1.0,21,21.0,,SETTLEMENT,0.08400000000000007,0.4016064257028116,49,WIN,False,,,,YES
51,2026-06-05,2026-06-05 04:31:14,2026-06-05 04:44:55,KXETH15M-26JUN050445-45,53.12,53.224999999999994,0.10499999999999687,0.19766566265059654,1,NO,2026-06-05 04:43:48,0.995,21,20.895,3737f585-b5cb-4da5-a245-44434501a25e,True,2026-06-05 04:44:55,1.0,21,21.0,,SETTLEMENT,0.1050000000000001,0.5025125628140708,67,WIN,False,,,,NO
53,2026-06-05,2026-06-05 05:01:03,2026-06-05 05:14:59,KXETH15M-26JUN050515-15,53.38,53.464,0.08399999999999608,0.15736230798050968,1,YES,2026-06-05 05:11:50,0.996,21,20.916,77d0fb4d-bc9a-4e9f-8c3a-b1be0ee1b52b,True,2026-06-05 05:14:59,1.0,21,21.0,,SETTLEMENT,0.08400000000000007,0.4016064257028116,189,WIN,False,,,,YES
55,2026-06-05,2026-06-05 05:31:03,2026-06-05 05:44:57,KXETH15M-26JUN050545-45,53.58,53.664,0.08400000000000318,0.15677491601344382,1,NO,2026-06-05 05:42:16,0.996,21,20.916,956bee09-02d1-4240-8edf-f387bd4aa3bb,True,2026-06-05 05:44:57,1.0,21,21.0,,SETTLEMENT,0.08400000000000007,0.4016064257028116,161,WIN,False,,,,NO
56,2026-06-05,2026-06-05 05:46:14,2026-06-05 05:59:56,KXETH15M-26JUN050600-00,53.75,53.798,0.04800000000000182,0.08930232558139874,1,YES,2026-06-05 05:58:58,0.996,12,11.952,bf354558-30f5-4418-b253-78baf0e0f1c6,True,2026-06-05 05:59:56,1.0,12,12.0,,SETTLEMENT,0.04800000000000004,0.40160642570281163,58,WIN,False,,,,YES
57,2026-06-05,2026-06-05 06:01:14,2026-06-05 06:14:54,KXETH15M-26JUN050615-15,53.83,53.956,0.12600000000000477,0.23407022106632877,1,NO,2026-06-05 06:12:52,0.994,21,20.874,a202025c-59cf-41aa-9453-01231a78872a,True,2026-06-05 06:14:54,1.0,21,21.0,,SETTLEMENT,0.1260000000000001,0.6036217303822944,122,WIN,False,,,,NO
61,2026-06-05,2026-06-05 07:01:03,2026-06-05 07:14:55,KXETH15M-26JUN050715-15,40.62,40.647999999999996,0.027999999999998693,0.0689315608074808,1,NO,2026-06-05 07:12:58,0.9959999999999999,7,6.9719999999999995,68a86782-5435-4ec1-bfda-71be3cc9d73a,True,2026-06-05 07:14:55,1.0,7,7.0,,SETTLEMENT,0.028000000000000802,0.40160642570282273,117,WIN,False,,,,NO
62,2026-06-05,2026-06-05 07:16:13,2026-06-05 07:29:57,KXETH15M-26JUN050730-30,40.7,40.704,0.003999999999997783,0.00982800982800438,1,YES,2026-06-05 07:28:08,0.996,1,0.996,de3fd10c-b733-4415-877f-a4edf9ca7c20,True,2026-06-05 07:29:57,1.0,1,1.0,,SETTLEMENT,0.0040000000000000036,0.40160642570281163,109,WIN,False,,,,YES
63,2026-06-05,2026-06-05 07:31:08,2026-06-05 07:44:55,KXETH15M-26JUN050745-45,40.77,40.834,0.06400000000000006,0.15697817022320346,1,NO,2026-06-05 07:42:56,0.996,16,15.936,4786f3b8-0a79-4b6f-bb82-6081adbca958,True,2026-06-05 07:44:55,1.0,16,16.0,,SETTLEMENT,0.06400000000000006,0.40160642570281163,119,WIN,False,,,,NO
65,2026-06-05,2026-06-05 08:01:03,2026-06-05 08:14:56,KXETH15M-26JUN050815-15,40.95,41.014,0.06400000000000006,0.15628815628815643,1,NO,2026-06-05 08:14:10,0.996,16,15.936,1fa4c7cb-56be-428a-9638-a62ee8561e84,True,2026-06-05 08:14:56,1.0,16,16.0,,SETTLEMENT,0.06400000000000006,0.40160642570281163,46,WIN,False,,,,NO
66,2026-06-05,2026-06-05 08:16:08,2026-06-05 08:29:57,KXETH15M-26JUN050830-30,41.02,41.024,0.003999999999997783,0.009751340809355882,1,YES,2026-06-05 08:29:07,0.996,1,0.996,dce76d6f-e3ae-4b5f-9130-4fa7991bb4c7,True,2026-06-05 08:29:57,1.0,1,1.0,,SETTLEMENT,0.0040000000000000036,0.40160642570281163,50,WIN,False,,,,YES
67,2026-06-05,2026-06-05 08:31:08,2026-06-05 08:44:58,KXETH15M-26JUN050845-45,41.07,41.134,0.06400000000000006,0.15583150718285868,1,NO,2026-06-05 08:43:51,0.996,16,15.936,151a4a50-f97f-461f-bc0b-8150620863b1,True,2026-06-05 08:44:58,1.0,16,16.0,,SETTLEMENT,0.06400000000000006,0.40160642570281163,67,WIN,False,,,,NO
69,2026-06-05,2026-06-05 09:01:02,2026-06-05 09:14:55,KXETH15M-26JUN050915-15,41.19,41.254,0.06400000000000006,0.15537751881524656,1,YES,2026-06-05 09:13:22,0.996,16,15.936,698b06c3-0355-4f3d-97ca-5048660cfb47,True,2026-06-05 09:14:55,1.0,16,16.0,,SETTLEMENT,0.06400000000000006,0.40160642570281163,93,WIN,False,,,,YES
70,2026-06-05,2026-06-05 09:16:13,2026-06-05 09:29:55,KXETH15M-26JUN050930-30,41.32,41.384,0.06400000000000006,0.154888673765731,1,NO,2026-06-05 09:29:23,0.996,16,15.936,edfc9929-f5cd-49d2-9c72-4089957db489,True,2026-06-05 09:29:55,1.0,16,16.0,,SETTLEMENT,0.06400000000000006,0.40160642570281163,32,WIN,False,,,,NO
71,2026-06-05,2026-06-05 09:31:02,2026-06-05 09:44:56,KXETH15M-26JUN050945-45,41.45,41.514,0.06400000000000006,0.1544028950542824,1,NO,2026-06-05 09:43:20,0.996,16,15.936,0a107379-7514-417f-bfd8-825cc399f172,True,2026-06-05 09:44:56,1.0,16,16.0,,SETTLEMENT,0.06400000000000006,0.40160642570281163,96,WIN,False,,,,NO
73,2026-06-05,2026-06-05 10:01:03,2026-06-05 10:14:55,KXETH15M-26JUN051015-15,41.57,41.61,0.03999999999999915,0.09622323791195368,1,NO,2026-06-05 10:14:07,0.9960000000000001,10,9.96,5ec662f9-7939-4c3f-a3c5-76b86ce12eb3,True,2026-06-05 10:14:55,1.0,10,10.0,,SETTLEMENT,0.039999999999998925,0.4016064257028005,48,WIN,False,,,,NO
74,2026-06-05,2026-06-05 10:16:08,2026-06-05 10:29:59,KXETH15M-26JUN051030-30,41.67,41.75,0.0799999999999983,0.1919846412286976,1,NO,2026-06-05 10:26:52,0.995,16,15.92,634c615f-1907-412e-873a-2afe9a9f3b44,True,2026-06-05 10:29:59,1.0,16,16.0,,SETTLEMENT,0.08000000000000007,0.5025125628140708,187,WIN,False,,,,NO
127,2026-06-05,2026-06-05 11:16:02,2026-06-05 11:29:55,KXETH15M-26JUN051130-30,41.88,41.944,0.06400000000000006,0.15281757402101254,1,YES,2026-06-05 11:26:29,0.996,16,15.936,992e8140-36d0-459d-b464-1f68415062e8,True,2026-06-05 11:29:55,1.0,16,16.0,,SETTLEMENT,0.06400000000000006,0.40160642570281163,206,WIN,False,,,,YES
128,2026-06-05,2026-06-05 11:31:07,2026-06-05 11:44:55,KXETH15M-26JUN051145-45,42.01,42.074,0.06400000000000006,0.15234467983813393,1,NO,2026-06-05 11:40:06,0.996,16,15.936,d141e543-1fe9-4e3c-977e-9c85a5d46c31,True,2026-06-05 11:44:55,1.0,16,16.0,,SETTLEMENT,0.06400000000000006,0.40160642570281163,289,WIN,False,,,,NO
2,2026-06-05,2026-06-05 12:01:03,2026-06-05 12:14:01,KXETH15M-26JUN051215-15,42.18,31.684,-10.495999999999999,-24.88383119962067,1,NO,2026-06-05 12:12:07,0.996,16,15.936,f38d5be7-d35b-4e3c-bc1a-7a15ec8bf841,True,2026-06-05 12:14:01,0.34,16,5.44,a2e42423-aae9-4b63-b76b-c2689a28dba6,MANUAL_STOP_LOSS,-10.495999999999999,-65.86345381526102,114,LOSS,False,,,,
1,2026-06-05,2026-06-05 12:17:49,2026-06-05 12:29:57,KXETH15M-26JUN051230-30,31.48,31.504,0.02400000000000091,0.07623888182973605,1,YES,2026-06-05 12:29:25,0.9979999999999999,12,11.975999999999999,7a50238d-0a5d-41f3-a065-3336dc7be628,True,2026-06-05 12:29:57,1.0,12,12.0,,SETTLEMENT,0.024000000000001354,0.20040080160321772,32,WIN,False,,,,YES
2,2026-06-05,2026-06-05 12:31:08,2026-06-05 12:44:56,KXETH15M-26JUN051245-45,25.5,25.52,0.019999999999999574,0.07843137254901794,1,NO,2026-06-05 12:43:08,0.998,10,9.98,c0f51cf0-7e70-49c0-8e8b-b423a785db4d,True,2026-06-05 12:44:56,1.0,10,10.0,,SETTLEMENT,0.020000000000000018,0.20040080160320656,108,WIN,False,,,,NO
4,2026-06-05,2026-06-05 13:01:02,2026-06-05 13:14:55,KXETH15M-26JUN051315-15,25.56,25.58,0.019999999999999574,0.07824726134585122,1,NO,2026-06-05 13:13:06,0.998,10,9.98,be15654e-3e97-45a1-9771-b456cd69fcd4,True,2026-06-05 13:14:55,1.0,10,10.0,,SETTLEMENT,0.020000000000000018,0.20040080160320656,109,WIN,False,,,,NO
5,2026-06-05,2026-06-05 13:16:13,2026-06-05 13:29:57,KXETH15M-26JUN051330-30,25.59,25.619999999999997,0.029999999999997584,0.11723329425555915,1,NO,2026-06-05 13:27:59,0.9970000000000001,10,9.97,ce024f2b-176e-483e-aee6-d69565a34ecd,True,2026-06-05 13:29:57,1.0,10,10.0,,SETTLEMENT,0.029999999999998916,0.3009027081243622,118,WIN,False,,,,NO
6,2026-06-05,2026-06-05 13:31:08,2026-06-05 13:44:57,KXETH15M-26JUN051345-45,25.64,25.66,0.019999999999999574,0.07800312012480333,1,YES,2026-06-05 13:42:50,0.998,10,9.98,c23544b2-cb56-423a-bfab-eaa729163aac,True,2026-06-05 13:44:57,1.0,10,10.0,,SETTLEMENT,0.020000000000000018,0.20040080160320656,127,WIN,False,,,,YES
7,2026-06-05,2026-06-05 13:46:08,2026-06-05 13:59:58,KXETH15M-26JUN051400-00,25.68,25.71,0.030000000000001137,0.1168224299065465,1,NO,2026-06-05 13:59:06,0.9970000000000001,10,9.97,cb911e98-3f58-4e36-931b-937f162cb974,True,2026-06-05 13:59:58,1.0,10,10.0,,SETTLEMENT,0.029999999999998916,0.3009027081243622,52,WIN,False,,,,NO
8,2026-06-05,2026-06-05 14:01:09,2026-06-05 14:14:56,KXETH15M-26JUN051415-15,25.73,25.75,0.019999999999999574,0.07773027594247793,1,NO,2026-06-05 14:14:21,0.998,10,9.98,d30fdffd-749d-4774-b22f-fa92280bbaf9,True,2026-06-05 14:14:56,1.0,10,10.0,,SETTLEMENT,0.020000000000000018,0.20040080160320656,35,WIN,False,,,,NO
10,2026-06-05,2026-06-05 14:31:06,2026-06-05 14:44:59,KXETH15M-26JUN051445-45,25.78,25.8,0.019999999999999574,0.0775795190069805,1,NO,2026-06-05 14:44:02,0.998,10,9.98,480b8655-7889-417a-86fd-e5e144033be2,True,2026-06-05 14:44:59,1.0,10,10.0,,SETTLEMENT,0.020000000000000018,0.20040080160320656,57,WIN,False,,,,NO
11,2026-06-05,2026-06-05 14:46:08,2026-06-05 14:59:56,KXETH15M-26JUN051500-00,25.83,25.849999999999998,0.019999999999999574,0.077429345722027,1,NO,2026-06-05 14:58:40,0.998,10,9.98,bd1c9aa9-736a-4586-93d1-0c9aff4f598b,True,2026-06-05 14:59:56,1.0,10,10.0,,SETTLEMENT,0.020000000000000018,0.20040080160320656,76,WIN,False,,,,NO
12,2026-06-05,2026-06-05 15:01:09,2026-06-05 15:14:59,KXETH15M-26JUN051515-15,25.86,25.88,0.019999999999999574,0.07733952049497128,1,NO,2026-06-05 15:14:27,0.998,10,9.98,6380eb79-d4e4-4fda-bed4-53ef820e34f8,True,2026-06-05 15:14:59,1.0,10,10.0,,SETTLEMENT,0.020000000000000018,0.20040080160320656,32,WIN,False,,,,NO
13,2026-06-05,2026-06-05 15:16:08,2026-06-05 15:29:56,KXETH15M-26JUN051530-30,25.88,25.9,0.019999999999999574,0.07727975270478969,1,YES,2026-06-05 15:28:11,0.998,10,9.98,21e36648-0beb-4e86-a9d8-523443f28bea,True,2026-06-05 15:29:56,1.0,10,10.0,,SETTLEMENT,0.020000000000000018,0.20040080160320656,105,WIN,False,,,,YES
14,2026-06-05,2026-06-05 15:31:13,2026-06-05 15:44:58,KXETH15M-26JUN051545-45,25.92,25.94,0.019999999999999574,0.07716049382715884,1,NO,2026-06-05 15:42:47,0.998,10,9.98,5bcd680f-136b-487e-981c-6097131ce303,True,2026-06-05 15:44:58,1.0,10,10.0,,SETTLEMENT,0.020000000000000018,0.20040080160320656,131,WIN,False,,,,NO
16,2026-06-05,2026-06-05 15:46:46,2026-06-05 15:59:56,KXETH15M-26JUN051600-00,25.96,25.98,0.019999999999999574,0.07704160246532964,1,YES,2026-06-05 15:58:10,0.998,10,9.98,359a02aa-aec9-4a62-a93f-3c78948fea82,True,2026-06-05 15:59:56,1.0,10,10.0,,SETTLEMENT,0.020000000000000018,0.20040080160320656,106,WIN,False,,,,YES
17,2026-06-05,2026-06-05 16:01:14,2026-06-05 16:14:56,KXETH15M-26JUN051615-15,25.98,25.990000000000002,0.010000000000001563,0.038491147036187695,1,YES,2026-06-05 16:14:03,0.998,5,4.99,0aa4bce3-3e18-4200-95ea-ba6b49691691,True,2026-06-05 16:14:56,1.0,5,5.0,,SETTLEMENT,0.010000000000000009,0.20040080160320656,53,WIN,False,,,,YES
18,2026-06-05,2026-06-05 16:16:08,2026-06-05 16:29:57,KXETH15M-26JUN051630-30,26.01,26.03,0.019999999999999574,0.07689350249903719,1,YES,2026-06-05 16:27:53,0.998,10,9.98,49f5cccd-301d-478f-b017-030386e8cc86,True,2026-06-05 16:29:57,1.0,10,10.0,,SETTLEMENT,0.020000000000000018,0.20040080160320656,124,WIN,False,,,,YES
19,2026-06-05,2026-06-05 16:31:14,2026-06-05 16:44:57,KXETH15M-26JUN051645-45,26.07,26.09,0.019999999999999574,0.07671653241273331,1,YES,2026-06-05 16:44:07,0.998,10,9.98,9ee41753-3434-4569-9cd5-367bc65ddcb2,True,2026-06-05 16:44:57,1.0,10,10.0,,SETTLEMENT,0.020000000000000018,0.20040080160320656,50,WIN,False,,,,YES
20,2026-06-05,2026-06-05 16:46:13,2026-06-05 16:59:55,KXETH15M-26JUN051700-00,26.11,26.13,0.019999999999999574,0.0765990042129436,1,YES,2026-06-05 16:58:02,0.998,10,9.98,e8d91283-06de-4df3-b541-93f4f63d4d15,True,2026-06-05 16:59:55,1.0,10,10.0,,SETTLEMENT,0.020000000000000018,0.20040080160320656,113,WIN,False,,,,YES
21,2026-06-05,2026-06-05 17:01:08,2026-06-05 17:14:56,KXETH15M-26JUN051715-15,26.15,26.189999999999998,0.03999999999999915,0.15296367112810383,1,YES,2026-06-05 17:12:58,0.9960000000000001,10,9.96,8cefc2a5-5b7b-4244-98f6-1df05402e141,True,2026-06-05 17:14:56,1.0,10,10.0,,SETTLEMENT,0.039999999999998925,0.4016064257028005,118,WIN,False,,,,YES
23,2026-06-05,2026-06-05 17:31:02,2026-06-05 17:44:57,KXETH15M-26JUN051745-45,26.23,26.25,0.019999999999999574,0.07624857033930452,1,YES,2026-06-05 17:43:06,0.998,10,9.98,bd3ff02d-aa03-45c8-ba13-45ef2c071e07,True,2026-06-05 17:44:57,1.0,10,10.0,,SETTLEMENT,0.020000000000000018,0.20040080160320656,111,WIN,False,,,,YES
24,2026-06-05,2026-06-05 17:46:13,2026-06-05 17:59:59,KXETH15M-26JUN051800-00,26.26,26.28,0.019999999999999574,0.07616146230007453,1,NO,2026-06-05 17:58:16,0.998,10,9.98,5cd6552a-2fa5-4082-8a26-3480e07056e8,True,2026-06-05 17:59:59,1.0,10,10.0,,SETTLEMENT,0.020000000000000018,0.20040080160320656,103,WIN,False,,,,NO
25,2026-06-05,2026-06-05 18:01:09,2026-06-05 18:14:56,KXETH15M-26JUN051815-15,26.3,26.318,0.018000000000000682,0.06844106463878585,1,NO,2026-06-05 18:12:40,0.9979999999999999,9,8.982,75ce1ace-7abf-4c98-a8c7-d122fdccb7f3,True,2026-06-05 18:14:56,1.0,9,9.0,,SETTLEMENT,0.018000000000001015,0.20040080160321772,136,WIN,False,,,,NO
26,2026-06-05,2026-06-05 18:16:13,2026-06-05 18:29:55,KXETH15M-26JUN051830-30,26.34,26.58,0.23999999999999844,0.9111617312072834,1,NO,2026-06-05 18:29:24,0.976,10,9.76,4633de3a-a07e-4872-b7b4-56cf518c262c,True,2026-06-05 18:29:55,1.0,10,10.0,,SETTLEMENT,0.2400000000000002,2.4590163934426252,31,WIN,False,,,,NO
27,2026-06-05,2026-06-05 18:31:13,2026-06-05 18:44:56,KXETH15M-26JUN051845-45,26.58,26.599999999999998,0.019999999999999574,0.07524454477050255,1,YES,2026-06-05 18:42:59,0.998,10,9.98,939fff96-be81-438f-97ef-4e1bdfa3e3bf,True,2026-06-05 18:44:56,1.0,10,10.0,,SETTLEMENT,0.020000000000000018,0.20040080160320656,117,WIN,False,,,,YES
28,2026-06-05,2026-06-05 18:46:08,2026-06-05 18:59:58,KXETH15M-26JUN051900-00,26.62,26.64,0.019999999999999574,0.07513148009015617,1,NO,2026-06-05 18:59:31,0.998,10,9.98,4135abb0-231b-4a32-81f6-3285410dc956,True,2026-06-05 18:59:58,1.0,10,10.0,,SETTLEMENT,0.020000000000000018,0.20040080160320656,27,WIN,False,,,,NO
42,2026-06-05,2026-06-05 19:24:26,2026-06-05 19:29:59,KXETH15M-26JUN051930-30,6.7,6.704000000000001,0.004000000000000448,0.059701492537320114,1,NO,2026-06-05 19:27:42,0.998,2,1.996,7c08ff66-0629-4caa-b42c-af2a47e585c1,True,2026-06-05 19:29:59,1.0,2,2.0,,SETTLEMENT,0.0040000000000000036,0.20040080160320656,137,WIN,False,,,,NO
43,2026-06-05,2026-06-05 19:31:08,2026-06-05 19:44:56,KXETH15M-26JUN051945-45,26.71,26.73,0.019999999999999574,0.07487832272556935,1,NO,2026-06-05 19:43:25,0.998,10,9.98,5b8ac6db-79bf-48eb-85c3-bfedef743ad1,True,2026-06-05 19:44:56,1.0,10,10.0,,SETTLEMENT,0.020000000000000018,0.20040080160320656,91,WIN,False,,,,NO
45,2026-06-05,2026-06-05 20:01:02,2026-06-05 20:14:55,KXETH15M-26JUN052015-15,26.77,26.79,0.019999999999999574,0.0747104968248023,1,YES,2026-06-05 20:13:07,0.998,10,9.98,26f21302-3daf-48ae-b47c-07f1c0ed166a,True,2026-06-05 20:14:55,1.0,10,10.0,,SETTLEMENT,0.020000000000000018,0.20040080160320656,108,WIN,False,,,,YES
46,2026-06-05,2026-06-05 20:16:13,2026-06-05 20:29:56,KXETH15M-26JUN052030-30,26.8,26.82,0.019999999999999574,0.0746268656716402,1,NO,2026-06-05 20:28:05,0.998,10,9.98,31136be4-5e42-4874-9ed0-392df6fc8243,True,2026-06-05 20:29:56,1.0,10,10.0,,SETTLEMENT,0.020000000000000018,0.20040080160320656,111,WIN,False,,,,NO
47,2026-06-05,2026-06-05 20:31:14,2026-06-05 20:44:58,KXETH15M-26JUN052045-45,26.84,26.86,0.019999999999999574,0.0745156482861385,1,NO,2026-06-05 20:43:57,0.998,10,9.98,db9a1114-a2dc-440b-897a-4884f33f0bea,True,2026-06-05 20:44:58,1.0,10,10.0,,SETTLEMENT,0.020000000000000018,0.20040080160320656,61,WIN,False,,,,NO
1,2026-06-05,2026-06-05 21:15:11,2026-06-05 21:29:57,KXETH15M-26JUN052130-30,27.5,27.61,0.10999999999999943,0.3999999999999979,1,YES,2026-06-05 21:28:32,0.9900000000000001,11,10.89,fd6435a5-3274-4f7e-93a8-21e242d97bfe,True,2026-06-05 21:29:57,1.0,11,11.0,,SETTLEMENT,0.10999999999999888,1.0101010101009997,85,WIN,False,,,,YES
3,2026-06-05,2026-06-05 22:01:03,2026-06-05 22:14:59,KXETH15M-26JUN052215-15,27.65,27.671999999999997,0.021999999999998465,0.07956600361663099,1,NO,2026-06-05 22:12:45,0.998,11,10.978,f5e5a9aa-11e6-4f45-8df6-d1416fe65007,True,2026-06-05 22:14:59,1.0,11,11.0,,SETTLEMENT,0.02200000000000002,0.2004008016032066,134,WIN,False,,,,NO
4,2026-06-05,2026-06-05 22:16:14,2026-06-05 22:29:57,KXETH15M-26JUN052230-30,27.7,27.722,0.022000000000002018,0.07942238267148743,1,NO,2026-06-05 22:28:57,0.998,11,10.978,c649ef99-c348-408f-ba9d-fd913216dcf0,True,2026-06-05 22:29:57,1.0,11,11.0,,SETTLEMENT,0.02200000000000002,0.2004008016032066,60,WIN,False,,,,NO
5,2026-06-05,2026-06-05 22:31:09,2026-06-05 22:44:58,KXETH15M-26JUN052245-45,27.74,27.762,0.022000000000002018,0.07930785868782271,1,YES,2026-06-05 22:44:01,0.998,11,10.978,0d41854c-3678-4594-99bf-ab4eb785c229,True,2026-06-05 22:44:58,1.0,11,11.0,,SETTLEMENT,0.02200000000000002,0.2004008016032066,57,WIN,False,,,,YES
3,2026-06-05,2026-06-05 23:31:02,2026-06-05 23:44:55,KXETH15M-26JUN052345-45,22.57,22.588,0.018000000000000682,0.07975188303057458,1,NO,2026-06-05 23:43:22,0.9979999999999999,9,8.982,adec6e69-9782-4df3-97a2-1b2ac335e8d8,True,2026-06-05 23:44:55,1.0,9,9.0,,SETTLEMENT,0.018000000000001015,0.20040080160321772,93,WIN,False,,,,NO
4,2026-06-05,2026-06-05 23:46:08,2026-06-05 23:59:57,KXETH15M-26JUN060000-00,22.61,22.664,0.054000000000002046,0.23883237505529434,1,YES,2026-06-05 23:57:59,0.994,9,8.946,cdbfb59b-67d5-451d-ba72-46760968a57e,True,2026-06-05 23:59:57,1.0,9,9.0,,SETTLEMENT,0.05400000000000005,0.6036217303822944,118,WIN,False,,,,YES
5,2026-06-06,2026-06-06 00:01:10,2026-06-06 00:15:00,KXETH15M-26JUN060015-15,22.66,22.678,0.018000000000000682,0.07943512797882031,1,NO,2026-06-06 00:12:58,0.9979999999999999,9,8.982,7a971352-0ebe-476b-9871-ff2261605a93,True,2026-06-06 00:15:00,1.0,9,9.0,,SETTLEMENT,0.018000000000001015,0.20040080160321772,122,WIN,False,,,,NO
6,2026-06-06,2026-06-06 00:16:14,2026-06-06 00:29:55,KXETH15M-26JUN060030-30,22.69,22.708000000000002,0.018000000000000682,0.07933010136624363,1,NO,2026-06-06 00:28:55,0.9979999999999999,9,8.982,3719a891-b8cf-40ee-94c2-ff4ff246ce54,True,2026-06-06 00:29:55,1.0,9,9.0,,SETTLEMENT,0.018000000000001015,0.20040080160321772,60,WIN,False,,,,NO
7,2026-06-06,2026-06-06 00:31:13,2026-06-06 00:44:58,KXETH15M-26JUN060045-45,22.72,22.738,0.018000000000000682,0.07922535211267906,1,NO,2026-06-06 00:43:12,0.9979999999999999,9,8.982,0396aa95-6a9a-44f2-ad12-0ba166af166c,True,2026-06-06 00:44:58,1.0,9,9.0,,SETTLEMENT,0.018000000000001015,0.20040080160321772,106,WIN,False,,,,NO
8,2026-06-06,2026-06-06 00:46:08,2026-06-06 00:59:58,KXETH15M-26JUN060100-00,22.76,22.805,0.04499999999999815,0.19771528998241716,1,YES,2026-06-06 00:59:23,0.995,9,8.955,74a44388-c36a-41de-8eea-f3ba6e316f49,True,2026-06-06 00:59:58,1.0,9,9.0,,SETTLEMENT,0.04500000000000004,0.5025125628140708,35,WIN,False,,,,YES
9,2026-06-06,2026-06-06 01:01:09,2026-06-06 01:14:58,KXETH15M-26JUN060115-15,22.82,22.847,0.027000000000001023,0.11831726555653385,1,NO,2026-06-06 01:14:17,0.9970000000000001,9,8.973,fa23fa49-8f51-4e30-84f5-cb5c1a646844,True,2026-06-06 01:14:58,1.0,9,9.0,,SETTLEMENT,0.026999999999999025,0.3009027081243622,41,WIN,False,,,,NO
10,2026-06-06,2026-06-06 01:16:08,2026-06-06 01:29:58,KXETH15M-26JUN060130-30,22.86,22.878,0.018000000000000682,0.07874015748031794,1,YES,2026-06-06 01:28:28,0.9979999999999999,9,8.982,9129675b-ad54-4db4-ab8f-7da2cf1c55fe,True,2026-06-06 01:29:58,1.0,9,9.0,,SETTLEMENT,0.018000000000001015,0.20040080160321772,90,WIN,False,,,,YES
11,2026-06-06,2026-06-06 01:31:08,2026-06-06 01:44:55,KXETH15M-26JUN060145-45,22.89,22.908,0.018000000000000682,0.0786369593709073,1,YES,2026-06-06 01:44:02,0.9979999999999999,9,8.982,6f506883-1fc4-4241-aa42-5f6926d29420,True,2026-06-06 01:44:55,1.0,9,9.0,,SETTLEMENT,0.018000000000001015,0.20040080160321772,53,WIN,False,,,,YES
12,2026-06-06,2026-06-06 01:46:08,2026-06-06 01:59:56,KXETH15M-26JUN060200-00,22.91,22.928,0.018000000000000682,0.07856831078132118,1,YES,2026-06-06 01:58:42,0.9979999999999999,9,8.982,85018524-d244-461e-b74f-6ce2b26b8bf6,True,2026-06-06 01:59:56,1.0,9,9.0,,SETTLEMENT,0.018000000000001015,0.20040080160321772,74,WIN,False,,,,YES
13,2026-06-06,2026-06-06 02:01:13,2026-06-06 02:14:56,KXETH15M-26JUN060215-15,22.95,22.968,0.018000000000000682,0.07843137254902259,1,YES,2026-06-06 02:13:23,0.9979999999999999,9,8.982,c1d0192e-d6f8-410b-8379-6ecd209693c6,True,2026-06-06 02:14:56,1.0,9,9.0,,SETTLEMENT,0.018000000000001015,0.20040080160321772,93,WIN,False,,,,YES
15,2026-06-06,2026-06-06 02:31:06,2026-06-06 02:44:55,KXETH15M-26JUN060245-45,23.0,23.018,0.018000000000000682,0.07826086956522035,1,NO,2026-06-06 02:43:12,0.9979999999999999,9,8.982,a23a2dec-843e-459a-b083-f4f8fe60f57a,True,2026-06-06 02:44:55,1.0,9,9.0,,SETTLEMENT,0.018000000000001015,0.20040080160321772,103,WIN,False,,,,NO
16,2026-06-06,2026-06-06 02:46:13,2026-06-06 02:59:59,KXETH15M-26JUN060300-00,23.05,23.068,0.018000000000000682,0.07809110629067541,1,NO,2026-06-06 02:57:41,0.9979999999999999,9,8.982,85dfe532-1321-4d93-9a05-f08026380f90,True,2026-06-06 02:59:59,1.0,9,9.0,,SETTLEMENT,0.018000000000001015,0.20040080160321772,138,WIN,False,,,,NO
17,2026-06-06,2026-06-06 03:01:14,2026-06-06 03:14:56,KXETH15M-26JUN060315-15,23.08,23.086,0.006000000000000227,0.025996533795494922,1,YES,2026-06-06 03:12:52,0.9979999999999999,3,2.9939999999999998,91face7c-5005-4b25-a27e-54d5c2e8da6e,True,2026-06-06 03:14:56,1.0,3,3.0,,SETTLEMENT,0.006000000000000338,0.20040080160321772,124,WIN,False,,,,YES
18,2026-06-06,2026-06-06 03:16:13,2026-06-06 03:29:59,KXETH15M-26JUN060330-30,23.12,23.138,0.018000000000000682,0.07785467128027977,1,NO,2026-06-06 03:27:59,0.9979999999999999,9,8.982,47f08776-9642-45ce-9f18-3517f4222c05,True,2026-06-06 03:29:59,1.0,9,9.0,,SETTLEMENT,0.018000000000001015,0.20040080160321772,120,WIN,False,,,,NO
19,2026-06-06,2026-06-06 03:31:14,2026-06-06 03:44:55,KXETH15M-26JUN060345-45,23.15,23.168,0.018000000000000682,0.07775377969762715,1,YES,2026-06-06 03:42:46,0.9979999999999999,9,8.982,06b5919e-e2e8-480b-b761-36055f019354,True,2026-06-06 03:44:55,1.0,9,9.0,,SETTLEMENT,0.018000000000001015,0.20040080160321772,129,WIN,False,,,,YES
20,2026-06-06,2026-06-06 03:46:14,2026-06-06 03:59:59,KXETH15M-26JUN060400-00,23.19,23.208000000000002,0.018000000000000682,0.07761966364812713,1,NO,2026-06-06 03:59:19,0.9979999999999999,9,8.982,3414251d-adc2-41d4-bf50-f6fa72b95d35,True,2026-06-06 03:59:59,1.0,9,9.0,,SETTLEMENT,0.018000000000001015,0.20040080160321772,40,WIN,False,,,,NO
21,2026-06-06,2026-06-06 04:01:08,2026-06-06 04:14:56,KXETH15M-26JUN060415-15,23.21,23.228,0.018000000000000682,0.07755277897458286,1,YES,2026-06-06 04:13:49,0.9979999999999999,9,8.982,e37d9667-f123-4e88-ac7f-7a43ea237c7b,True,2026-06-06 04:14:56,1.0,9,9.0,,SETTLEMENT,0.018000000000001015,0.20040080160321772,67,WIN,False,,,,YES
22,2026-06-06,2026-06-06 04:16:08,2026-06-06 04:28:54,KXETH15M-26JUN060430-30,23.24,23.222,-0.01799999999999713,-0.07745266781410125,1,YES,2026-06-06 04:28:53,0.9979999999999999,9,8.982,2bce3ed9-3329-4142-b556-8d5f6909119c,True,2026-06-06 04:28:54,0.996,9,8.964,11e5653e-3180-4c98-836f-d11f6d493990,MANUAL_STOP_LOSS,-0.017999999999999017,-0.20040080160319546,1,LOSS,False,,,,
23,2026-06-06,2026-06-06 04:31:02,2026-06-06 04:44:59,KXETH15M-26JUN060445-45,23.24,23.258,0.018000000000000682,0.07745266781411654,1,YES,2026-06-06 04:44:18,0.9979999999999999,9,8.982,a2818e6d-1485-4a8a-a55b-9340834ecc54,True,2026-06-06 04:44:59,1.0,9,9.0,,SETTLEMENT,0.018000000000001015,0.20040080160321772,41,WIN,False,,,,YES
24,2026-06-06,2026-06-06 04:46:08,2026-06-06 04:59:59,KXETH15M-26JUN060500-00,23.27,23.288,0.018000000000000682,0.07735281478298532,1,NO,2026-06-06 04:58:09,0.9979999999999999,9,8.982,621ba5ac-df82-440f-9b0d-55dd8a3786a1,True,2026-06-06 04:59:59,1.0,9,9.0,,SETTLEMENT,0.018000000000001015,0.20040080160321772,110,WIN,False,,,,NO
27,2026-06-06,2026-06-06 05:31:02,2026-06-06 05:44:57,KXETH15M-26JUN060545-45,23.32,23.338,0.018000000000000682,0.07718696397941974,1,NO,2026-06-06 05:42:47,0.9979999999999999,9,8.982,ddbc4c31-c22d-46be-b474-95fb9aa66ebf,True,2026-06-06 05:44:57,1.0,9,9.0,,SETTLEMENT,0.018000000000001015,0.20040080160321772,130,WIN,False,,,,NO
28,2026-06-06,2026-06-06 05:46:14,2026-06-06 05:59:55,KXETH15M-26JUN060600-00,23.36,23.378,0.018000000000000682,0.07705479452055088,1,NO,2026-06-06 05:58:07,0.9979999999999999,9,8.982,db5e1a18-fa58-4ad7-b1f8-c2eacf5596d8,True,2026-06-06 05:59:55,1.0,9,9.0,,SETTLEMENT,0.018000000000001015,0.20040080160321772,108,WIN,False,,,,NO
29,2026-06-06,2026-06-06 06:01:08,2026-06-06 06:14:57,KXETH15M-26JUN060615-15,23.39,23.408,0.018000000000000682,0.07695596408721968,1,NO,2026-06-06 06:13:08,0.9979999999999999,9,8.982,5a7672b4-0169-4619-8153-ef6244b61582,True,2026-06-06 06:14:57,1.0,9,9.0,,SETTLEMENT,0.018000000000001015,0.20040080160321772,109,WIN,False,,,,NO
30,2026-06-06,2026-06-06 06:16:14,2026-06-06 06:29:57,KXETH15M-26JUN060630-30,23.42,23.438000000000002,0.018000000000000682,0.07685738684885005,1,YES,2026-06-06 06:29:28,0.9979999999999999,9,8.982,89238109-6d09-4884-a580-9dcbaf1f36b0,True,2026-06-06 06:29:57,1.0,9,9.0,,SETTLEMENT,0.018000000000001015,0.20040080160321772,29,WIN,False,,,,YES
31,2026-06-06,2026-06-06 06:31:02,2026-06-06 06:44:57,KXETH15M-26JUN060645-45,23.44,23.458000000000002,0.018000000000000682,0.07679180887372304,1,NO,2026-06-06 06:42:40,0.9979999999999999,9,8.982,e4a75aa8-9750-4b8a-8504-aad9e835cd55,True,2026-06-06 06:44:57,1.0,9,9.0,,SETTLEMENT,0.018000000000001015,0.20040080160321772,137,WIN,False,,,,NO
32,2026-06-06,2026-06-06 06:46:08,2026-06-06 06:59:56,KXETH15M-26JUN060700-00,23.48,23.498,0.018000000000000682,0.07666098807496032,1,YES,2026-06-06 06:59:16,0.9979999999999999,9,8.982,f2069c7d-20a4-4daf-a28b-18cdf515246a,True,2026-06-06 06:59:56,1.0,9,9.0,,SETTLEMENT,0.018000000000001015,0.20040080160321772,40,WIN,False,,,,YES
33,2026-06-06,2026-06-06 07:01:08,2026-06-06 07:14:58,KXETH15M-26JUN060715-15,23.54,23.558,0.018000000000000682,0.07646559048428497,1,YES,2026-06-06 07:12:44,0.9979999999999999,9,8.982,8e24514b-4104-4447-ab91-c7d6cc3ad82b,True,2026-06-06 07:14:58,1.0,9,9.0,,SETTLEMENT,0.018000000000001015,0.20040080160321772,134,WIN,False,,,,YES
34,2026-06-06,2026-06-06 07:16:13,2026-06-06 07:29:59,KXETH15M-26JUN060730-30,23.57,23.588,0.018000000000000682,0.07636826474332066,1,YES,2026-06-06 07:27:41,0.9979999999999999,9,8.982,0c4a6792-4b64-4eb8-b7d6-82d8a0642ef1,True,2026-06-06 07:29:59,1.0,9,9.0,,SETTLEMENT,0.018000000000001015,0.20040080160321772,138,WIN,False,,,,YES
35,2026-06-06,2026-06-06 07:31:08,2026-06-06 07:44:57,KXETH15M-26JUN060745-45,23.61,23.628,0.018000000000000682,0.07623888182973605,1,NO,2026-06-06 07:43:58,0.9979999999999999,9,8.982,e130f472-2265-4dfa-946f-30774bb67fff,True,2026-06-06 07:44:57,1.0,9,9.0,,SETTLEMENT,0.018000000000001015,0.20040080160321772,59,WIN,False,,,,NO
36,2026-06-06,2026-06-06 07:46:14,2026-06-06 07:59:57,KXETH15M-26JUN060800-00,23.64,23.658,0.018000000000000682,0.07614213197969831,1,NO,2026-06-06 07:58:13,0.9979999999999999,9,8.982,5c4196b5-5650-4358-a7bd-4458b7076d42,True,2026-06-06 07:59:57,1.0,9,9.0,,SETTLEMENT,0.018000000000001015,0.20040080160321772,104,WIN,False,,,,NO
37,2026-06-06,2026-06-06 08:01:09,2026-06-06 08:14:59,KXETH15M-26JUN060815-15,23.67,23.715000000000003,0.045000000000001705,0.19011406844107184,1,YES,2026-06-06 08:13:28,0.995,9,8.955,61eab95b-5213-4ec9-98f6-70b02a3e3a34,True,2026-06-06 08:14:59,1.0,9,9.0,,SETTLEMENT,0.04500000000000004,0.5025125628140708,91,WIN,False,,,,YES
38,2026-06-06,2026-06-06 08:16:08,2026-06-06 08:29:57,KXETH15M-26JUN060830-30,23.72,23.733999999999998,0.013999999999999346,0.059021922428327774,1,NO,2026-06-06 08:28:19,0.998,7,6.986,c6066bcf-7901-40a2-801f-f26a82495b1a,True,2026-06-06 08:29:57,1.0,7,7.0,,SETTLEMENT,0.014000000000000012,0.2004008016032066,98,WIN,False,,,,NO
39,2026-06-06,2026-06-06 08:31:08,2026-06-06 08:44:56,KXETH15M-26JUN060845-45,23.75,23.768,0.018000000000000682,0.0757894736842134,1,YES,2026-06-06 08:43:00,0.9979999999999999,9,8.982,05b835df-ae7f-43b0-b71b-f89007a3e656,True,2026-06-06 08:44:56,1.0,9,9.0,,SETTLEMENT,0.018000000000001015,0.20040080160321772,116,WIN,False,,,,YES
40,2026-06-06,2026-06-06 08:46:14,2026-06-06 08:59:55,KXETH15M-26JUN060900-00,23.78,23.798000000000002,0.018000000000000682,0.0756938603868826,1,YES,2026-06-06 08:58:19,0.9979999999999999,9,8.982,4ccc3a5d-2a1b-4402-ba5d-a26e11f4244d,True,2026-06-06 08:59:55,1.0,9,9.0,,SETTLEMENT,0.018000000000001015,0.20040080160321772,96,WIN,False,,,,YES
41,2026-06-06,2026-06-06 09:01:08,2026-06-06 09:14:56,KXETH15M-26JUN060915-15,23.82,23.838,0.018000000000000682,0.07556675062972579,1,NO,2026-06-06 09:13:54,0.9979999999999999,9,8.982,4419269f-c231-422f-afeb-c1f6bbfa2618,True,2026-06-06 09:14:56,1.0,9,9.0,,SETTLEMENT,0.018000000000001015,0.20040080160321772,62,WIN,False,,,,NO
42,2026-06-06,2026-06-06 09:16:13,2026-06-06 09:29:59,KXETH15M-26JUN060930-30,23.84,23.858,0.018000000000000682,0.07550335570470085,1,NO,2026-06-06 09:28:14,0.9979999999999999,9,8.982,c0217415-cf44-4271-9ffe-9b0256cc33bf,True,2026-06-06 09:29:59,1.0,9,9.0,,SETTLEMENT,0.018000000000001015,0.20040080160321772,105,WIN,False,,,,NO
43,2026-06-06,2026-06-06 09:31:08,2026-06-06 09:44:57,KXETH15M-26JUN060945-45,23.87,23.888,0.018000000000000682,0.07540846250523955,1,NO,2026-06-06 09:44:28,0.9979999999999999,9,8.982,7dd79b25-b9b9-407f-bb29-a70eedb300ed,True,2026-06-06 09:44:57,1.0,9,9.0,,SETTLEMENT,0.018000000000001015,0.20040080160321772,29,WIN,False,,,,NO
44,2026-06-06,2026-06-06 09:46:08,2026-06-06 09:59:58,KXETH15M-26JUN061000-00,23.9,23.918,0.018000000000000682,0.07531380753138361,1,NO,2026-06-06 09:58:02,0.9979999999999999,9,8.982,6f835207-36f2-4054-b1ed-05b4126afafb,True,2026-06-06 09:59:58,1.0,9,9.0,,SETTLEMENT,0.018000000000001015,0.20040080160321772,116,WIN,False,,,,NO
45,2026-06-06,2026-06-06 10:01:14,2026-06-06 10:14:55,KXETH15M-26JUN061015-15,23.93,23.948,0.018000000000000682,0.07521938988717376,1,YES,2026-06-06 10:13:04,0.9979999999999999,9,8.982,159b09cf-a7ee-49ea-af64-219c6a80f2b8,True,2026-06-06 10:14:55,1.0,9,9.0,,SETTLEMENT,0.018000000000001015,0.20040080160321772,111,WIN,False,,,,YES
46,2026-06-06,2026-06-06 10:16:08,2026-06-06 10:29:56,KXETH15M-26JUN061030-30,23.97,23.988,0.018000000000000682,0.07509386733417056,1,NO,2026-06-06 10:29:35,0.9979999999999999,9,8.982,f657a89b-693a-4cf7-b308-5c136a27e805,True,2026-06-06 10:29:56,1.0,9,9.0,,SETTLEMENT,0.018000000000001015,0.20040080160321772,21,WIN,False,,,,NO
47,2026-06-06,2026-06-06 10:31:08,2026-06-06 10:44:56,KXETH15M-26JUN061045-45,24.0,24.036,0.036000000000001364,0.15000000000000568,1,YES,2026-06-06 10:43:44,0.996,9,8.964,41a168b7-7b11-406d-891f-86eb9bd9b2bc,True,2026-06-06 10:44:56,1.0,9,9.0,,SETTLEMENT,0.03600000000000003,0.4016064257028116,72,WIN,False,,,,YES
48,2026-06-06,2026-06-06 10:46:14,2026-06-06 10:59:58,KXETH15M-26JUN061100-00,24.05,24.076999999999998,0.02699999999999747,0.11226611226610175,1,NO,2026-06-06 10:58:19,0.9970000000000001,9,8.973,90cd3230-928b-46e5-8f72-fadb1d5d6390,True,2026-06-06 10:59:58,1.0,9,9.0,,SETTLEMENT,0.026999999999999025,0.3009027081243622,99,WIN,False,,,,NO
49,2026-06-06,2026-06-06 11:01:08,2026-06-06 11:14:58,KXETH15M-26JUN061115-15,24.09,24.116999999999997,0.02699999999999747,0.11207970112078651,1,NO,2026-06-06 11:12:51,0.9970000000000001,9,8.973,fe071d06-e15e-4b77-96a7-62d91de0b498,True,2026-06-06 11:14:58,1.0,9,9.0,,SETTLEMENT,0.026999999999999025,0.3009027081243622,127,WIN,False,,,,NO
50,2026-06-06,2026-06-06 11:16:13,2026-06-06 11:29:56,KXETH15M-26JUN061130-30,24.14,24.158,0.018000000000000682,0.07456503728252147,1,YES,2026-06-06 11:28:59,0.9979999999999999,9,8.982,ce1f74a1-75ad-458f-a7c1-f8ee0d9be6e8,True,2026-06-06 11:29:56,1.0,9,9.0,,SETTLEMENT,0.018000000000001015,0.20040080160321772,57,WIN,False,,,,YES
51,2026-06-06,2026-06-06 11:31:08,2026-06-06 11:44:55,KXETH15M-26JUN061145-45,24.18,24.192,0.012000000000000455,0.04962779156327732,1,YES,2026-06-06 11:43:39,0.9979999999999999,6,5.9879999999999995,017fb48c-64fd-4435-a571-48c71ac8b987,True,2026-06-06 11:44:55,1.0,6,6.0,,SETTLEMENT,0.012000000000000677,0.20040080160321772,76,WIN,False,,,,YES
52,2026-06-06,2026-06-06 11:46:13,2026-06-06 11:59:57,KXETH15M-26JUN061200-00,24.21,24.228,0.018000000000000682,0.07434944237918498,1,NO,2026-06-06 11:58:49,0.9979999999999999,9,8.982,d3fec9e1-4e4f-4161-bad7-45bcfacb550f,True,2026-06-06 11:59:57,1.0,9,9.0,,SETTLEMENT,0.018000000000001015,0.20040080160321772,68,WIN,False,,,,NO
54,2026-06-06,2026-06-06 12:16:01,2026-06-06 12:29:58,KXETH15M-26JUN061230-30,24.25,24.277,0.027000000000001023,0.11134020618557122,1,NO,2026-06-06 12:28:34,0.9970000000000001,9,8.973,26a9db05-1d97-4594-a859-ff2509b50e80,True,2026-06-06 12:29:58,1.0,9,9.0,,SETTLEMENT,0.026999999999999025,0.3009027081243622,84,WIN,False,,,,NO
55,2026-06-06,2026-06-06 12:31:03,2026-06-06 12:44:56,KXETH15M-26JUN061245-45,24.32,24.338,0.018000000000000682,0.07401315789473964,1,YES,2026-06-06 12:43:45,0.9979999999999999,9,8.982,99b9de22-10b7-4cd8-a389-c1c94413a3d1,True,2026-06-06 12:44:56,1.0,9,9.0,,SETTLEMENT,0.018000000000001015,0.20040080160321772,71,WIN,False,,,,YES
56,2026-06-06,2026-06-06 12:46:14,2026-06-06 12:59:57,KXETH15M-26JUN061300-00,24.35,24.368000000000002,0.018000000000000682,0.07392197125256952,1,YES,2026-06-06 12:58:36,0.9979999999999999,9,8.982,54037995-b478-4d23-b5e0-1db9055d4b19,True,2026-06-06 12:59:57,1.0,9,9.0,,SETTLEMENT,0.018000000000001015,0.20040080160321772,81,WIN,False,,,,YES
58,2026-06-06,2026-06-06 13:16:02,2026-06-06 13:29:59,KXETH15M-26JUN061330-30,24.38,24.398,0.018000000000000682,0.07383100902379279,1,NO,2026-06-06 13:28:07,0.9979999999999999,9,8.982,31485d46-772e-438d-9241-3f061dfe65df,True,2026-06-06 13:29:59,1.0,9,9.0,,SETTLEMENT,0.018000000000001015,0.20040080160321772,112,WIN,False,,,,NO
59,2026-06-06,2026-06-06 13:31:08,2026-06-06 13:44:56,KXETH15M-26JUN061345-45,24.42,24.438000000000002,0.018000000000000682,0.0737100737100765,1,NO,2026-06-06 13:43:24,0.9979999999999999,9,8.982,4db2101f-b52b-4262-ad06-d46bfd001ee6,True,2026-06-06 13:44:56,1.0,9,9.0,,SETTLEMENT,0.018000000000001015,0.20040080160321772,92,WIN,False,,,,NO
60,2026-06-06,2026-06-06 13:46:14,2026-06-06 13:59:58,KXETH15M-26JUN061400-00,24.44,24.477000000000004,0.037000000000002586,0.15139116202947048,1,NO,2026-06-06 13:58:01,0.9953749999999999,8,7.962999999999999,66d340fd-0c45-4f52-a1de-eec3eb591057,True,2026-06-06 13:59:58,1.0,8,8.0,,SETTLEMENT,0.03700000000000081,0.4646490016325608,117,WIN,False,,,,NO
61,2026-06-06,2026-06-06 14:01:08,2026-06-06 14:14:55,KXETH15M-26JUN061415-15,24.51,24.528000000000002,0.018000000000000682,0.0734394124847029,1,NO,2026-06-06 14:14:15,0.9979999999999999,9,8.982,def573cf-c66f-48a8-9154-794249b4315f,True,2026-06-06 14:14:55,1.0,9,9.0,,SETTLEMENT,0.018000000000001015,0.20040080160321772,40,WIN,False,,,,NO
62,2026-06-06,2026-06-06 14:16:13,2026-06-06 14:29:56,KXETH15M-26JUN061430-30,24.54,24.558,0.018000000000000682,0.07334963325183652,1,YES,2026-06-06 14:27:47,0.9979999999999999,9,8.982,272b55c8-876a-4676-8b03-9538d905deeb,True,2026-06-06 14:29:56,1.0,9,9.0,,SETTLEMENT,0.018000000000001015,0.20040080160321772,129,WIN,False,,,,YES
63,2026-06-06,2026-06-06 14:31:14,2026-06-06 14:44:58,KXETH15M-26JUN061445-45,24.58,24.598,0.018000000000000682,0.07323026851098732,1,NO,2026-06-06 14:43:11,0.9979999999999999,9,8.982,d8950377-9a9d-41ff-8c3e-144c7d70a226,True,2026-06-06 14:44:58,1.0,9,9.0,,SETTLEMENT,0.018000000000001015,0.20040080160321772,107,WIN,False,,,,NO
65,2026-06-06,2026-06-06 15:01:02,2026-06-06 15:14:55,KXETH15M-26JUN061515-15,24.63,24.648,0.018000000000000682,0.07308160779537426,1,YES,2026-06-06 15:13:23,0.9979999999999999,9,8.982,723d380c-9472-4644-8e8d-03b450eb52f2,True,2026-06-06 15:14:55,1.0,9,9.0,,SETTLEMENT,0.018000000000001015,0.20040080160321772,92,WIN,False,,,,YES
66,2026-06-06,2026-06-06 15:16:08,2026-06-06 15:29:58,KXETH15M-26JUN061530-30,24.67,24.688000000000002,0.018000000000000682,0.07296311309282805,1,NO,2026-06-06 15:28:36,0.9979999999999999,9,8.982,32dbe09d-4555-4cd5-a3aa-43e604a0bab0,True,2026-06-06 15:29:58,1.0,9,9.0,,SETTLEMENT,0.018000000000001015,0.20040080160321772,82,WIN,False,,,,NO
67,2026-06-06,2026-06-06 15:31:14,2026-06-06 15:44:55,KXETH15M-26JUN061545-45,24.7,24.718,0.018000000000000682,0.07287449392712828,1,NO,2026-06-06 15:44:04,0.9979999999999999,9,8.982,54b863ef-a65e-4351-b0b7-ff78d586fc5c,True,2026-06-06 15:44:55,1.0,9,9.0,,SETTLEMENT,0.018000000000001015,0.20040080160321772,51,WIN,False,,,,NO
69,2026-06-06,2026-06-06 16:01:02,2026-06-06 16:15:00,KXETH15M-26JUN061615-15,24.72,24.738,0.018000000000000682,0.0728155339805853,1,NO,2026-06-06 16:14:12,0.9979999999999999,9,8.982,7ec618a5-2541-4bc5-8229-6665ef2940f3,True,2026-06-06 16:15:00,1.0,9,9.0,,SETTLEMENT,0.018000000000001015,0.20040080160321772,48,WIN,False,,,,NO
70,2026-06-06,2026-06-06 16:16:08,2026-06-06 16:29:58,KXETH15M-26JUN061630-30,24.74,24.758,0.018000000000000682,0.07275666936136088,1,NO,2026-06-06 16:28:52,0.9979999999999999,9,8.982,4fbcc183-e585-4964-9bd3-511a8e19f4a9,True,2026-06-06 16:29:58,1.0,9,9.0,,SETTLEMENT,0.018000000000001015,0.20040080160321772,66,WIN,False,,,,NO
71,2026-06-06,2026-06-06 16:31:08,2026-06-06 16:44:57,KXETH15M-26JUN061645-45,24.76,24.778000000000002,0.018000000000000682,0.07269789983845186,1,YES,2026-06-06 16:42:46,0.9979999999999999,9,8.982,a2da09fa-527d-46c3-b22b-d2cfc3bbc37e,True,2026-06-06 16:44:57,1.0,9,9.0,,SETTLEMENT,0.018000000000001015,0.20040080160321772,131,WIN,False,,,,YES
72,2026-06-06,2026-06-06 16:46:13,2026-06-06 16:59:11,KXETH15M-26JUN061700-00,24.79,24.718,-0.07199999999999918,-0.2904396934247647,1,NO,2026-06-06 16:59:11,0.9979999999999999,9,8.982,b1dffbda-3907-46da-bb9d-ee5473ce5f79,True,2026-06-06 16:59:11,0.99,9,8.91,9ad305c8-4b07-46f5-bfff-3a68d470741f,MANUAL_STOP_LOSS,-0.07199999999999906,-0.8016032064128154,0,LOSS,False,,,,
73,2026-06-06,2026-06-06 17:01:02,2026-06-06 17:14:57,KXETH15M-26JUN061715-15,24.72,24.738,0.018000000000000682,0.0728155339805853,1,YES,2026-06-06 17:13:18,0.9979999999999999,9,8.982,f63a6842-c1fe-41c5-80e0-e8f5347ebc12,True,2026-06-06 17:14:57,1.0,9,9.0,,SETTLEMENT,0.018000000000001015,0.20040080160321772,99,WIN,False,,,,YES
74,2026-06-06,2026-06-06 17:16:13,2026-06-06 17:29:58,KXETH15M-26JUN061730-30,24.75,24.768,0.018000000000000682,0.07272727272727549,1,YES,2026-06-06 17:29:03,0.9979999999999999,9,8.982,00e77d55-6f75-45d5-98b1-5c0a3823101f,True,2026-06-06 17:29:58,1.0,9,9.0,,SETTLEMENT,0.018000000000001015,0.20040080160321772,55,WIN,False,,,,YES
76,2026-06-06,2026-06-06 17:46:02,2026-06-06 17:59:57,KXETH15M-26JUN061800-00,24.81,24.854999999999997,0.04499999999999815,0.18137847642079064,1,NO,2026-06-06 17:57:54,0.995,9,8.955,24d1fbdb-d88a-4a4e-8432-79da12c41d1c,True,2026-06-06 17:59:57,1.0,9,9.0,,SETTLEMENT,0.04500000000000004,0.5025125628140708,123,WIN,False,,,,NO
77,2026-06-06,2026-06-06 18:01:14,2026-06-06 18:14:58,KXETH15M-26JUN061815-15,24.86,24.887,0.027000000000001023,0.10860820595334282,1,NO,2026-06-06 18:13:36,0.9970000000000001,9,8.973,30010f9d-23bc-4224-94c7-1c99406608fc,True,2026-06-06 18:14:58,1.0,9,9.0,,SETTLEMENT,0.026999999999999025,0.3009027081243622,82,WIN,False,,,,NO
78,2026-06-06,2026-06-06 18:16:14,2026-06-06 18:30:00,KXETH15M-26JUN061830-30,24.91,24.928,0.018000000000000682,0.07226013649137167,1,NO,2026-06-06 18:28:36,0.9979999999999999,9,8.982,a7d540af-e252-4d26-bea9-acd3a7bf3c78,True,2026-06-06 18:30:00,1.0,9,9.0,,SETTLEMENT,0.018000000000001015,0.20040080160321772,84,WIN,False,,,,NO
79,2026-06-06,2026-06-06 18:31:07,2026-06-06 18:45:00,KXETH15M-26JUN061845-45,24.94,24.958000000000002,0.018000000000000682,0.07217321571772527,1,YES,2026-06-06 18:43:02,0.9979999999999999,9,8.982,58520aba-6a48-433e-a67f-ed534da3f11c,True,2026-06-06 18:45:00,1.0,9,9.0,,SETTLEMENT,0.018000000000001015,0.20040080160321772,118,WIN,False,,,,YES
80,2026-06-06,2026-06-06 18:46:13,2026-06-06 18:59:57,KXETH15M-26JUN061900-00,24.97,25.02,0.05000000000000071,0.2002402883460181,1,YES,2026-06-06 18:58:12,0.9949999999999999,10,9.95,6cbe6dd3-328c-4bd6-9397-939a45ca7986,True,2026-06-06 18:59:57,1.0,10,10.0,,SETTLEMENT,0.050000000000001155,0.502512562814082,105,WIN,False,,,,YES
81,2026-06-06,2026-06-06 19:01:08,2026-06-06 19:15:00,KXETH15M-26JUN061915-15,25.04,25.06,0.019999999999999574,0.07987220447284175,1,YES,2026-06-06 19:12:59,0.998,10,9.98,6ac58796-c99c-47ba-80b1-c8c6512120a2,True,2026-06-06 19:15:00,1.0,10,10.0,,SETTLEMENT,0.020000000000000018,0.20040080160320656,121,WIN,False,,,,YES
82,2026-06-06,2026-06-06 19:16:13,2026-06-06 19:29:57,KXETH15M-26JUN061930-30,25.06,25.11,0.05000000000000071,0.1995211492418225,1,NO,2026-06-06 19:28:33,0.9949999999999999,10,9.95,417ccad5-e8ea-4bfa-9dbc-8febed0eabd2,True,2026-06-06 19:29:57,1.0,10,10.0,,SETTLEMENT,0.050000000000001155,0.502512562814082,84,WIN,False,,,,NO
83,2026-06-06,2026-06-06 19:31:14,2026-06-06 19:45:00,KXETH15M-26JUN061945-45,25.16,25.18,0.019999999999999574,0.0794912559618425,1,YES,2026-06-06 19:42:43,0.998,10,9.98,634eb8ab-292b-4d3e-8699-b8e19899ac58,True,2026-06-06 19:45:00,1.0,10,10.0,,SETTLEMENT,0.020000000000000018,0.20040080160320656,137,WIN,False,,,,YES
84,2026-06-06,2026-06-06 19:46:13,2026-06-06 19:59:58,KXETH15M-26JUN062000-00,25.2,25.22,0.019999999999999574,0.07936507936507767,1,YES,2026-06-06 19:58:45,0.998,10,9.98,76c9c9f5-d46d-425b-8a81-835a241208ce,True,2026-06-06 19:59:58,1.0,10,10.0,,SETTLEMENT,0.020000000000000018,0.20040080160320656,73,WIN,False,,,,YES
85,2026-06-06,2026-06-06 20:01:14,2026-06-06 20:14:57,KXETH15M-26JUN062015-15,25.22,25.24,0.019999999999999574,0.07930214115780956,1,NO,2026-06-06 20:12:59,0.998,10,9.98,49b90754-ca70-453b-a94c-6786a3878192,True,2026-06-06 20:14:57,1.0,10,10.0,,SETTLEMENT,0.020000000000000018,0.20040080160320656,118,WIN,False,,,,NO
1,2026-06-06,2026-06-06 20:30:33,2026-06-06 20:44:58,KXETH15M-26JUN062045-45,26.34,26.36,0.019999999999999574,0.07593014426727249,1,YES,2026-06-06 20:44:03,0.998,10,9.98,15029663-3860-43b0-b293-11c97b9ea830,True,2026-06-06 20:44:58,1.0,10,10.0,,SETTLEMENT,0.020000000000000018,0.20040080160320656,55,WIN,False,,,,YES
2,2026-06-06,2026-06-06 20:46:14,2026-06-06 20:59:57,KXETH15M-26JUN062100-00,26.48,26.5,0.019999999999999574,0.0755287009063428,1,NO,2026-06-06 20:59:11,0.998,10,9.98,b97f0243-81e9-40ed-8e94-007d7ffc125d,True,2026-06-06 20:59:57,1.0,10,10.0,,SETTLEMENT,0.020000000000000018,0.20040080160320656,46,WIN,False,,,,NO
3,2026-06-06,2026-06-06 21:01:08,2026-06-06 21:15:00,KXETH15M-26JUN062115-15,26.51,26.512,0.0019999999999988916,0.007544322897015811,1,YES,2026-06-06 21:12:50,0.998,1,0.998,19e17f20-6358-41c1-8d9d-5f115fce6294,True,2026-06-06 21:15:00,1.0,1,1.0,,SETTLEMENT,0.0020000000000000018,0.20040080160320656,130,WIN,False,,,,YES
4,2026-06-06,2026-06-06 21:16:13,2026-06-06 21:29:56,KXETH15M-26JUN062130-30,26.51,26.53,0.019999999999999574,0.07544322897019831,1,YES,2026-06-06 21:28:26,0.998,10,9.98,d725a5b3-97f4-4018-afbe-77f1b2476243,True,2026-06-06 21:29:56,1.0,10,10.0,,SETTLEMENT,0.020000000000000018,0.20040080160320656,90,WIN,False,,,,YES
5,2026-06-06,2026-06-06 21:31:13,2026-06-06 21:45:00,KXETH15M-26JUN062145-45,26.54,26.56,0.019999999999999574,0.07535795026375122,1,NO,2026-06-06 21:43:47,0.998,10,9.98,cff4eaa3-e667-4a87-8038-c5e620523c02,True,2026-06-06 21:45:00,1.0,10,10.0,,SETTLEMENT,0.020000000000000018,0.20040080160320656,73,WIN,False,,,,NO
6,2026-06-06,2026-06-06 21:46:08,2026-06-06 21:59:58,KXETH15M-26JUN062200-00,26.58,26.599999999999998,0.019999999999999574,0.07524454477050255,1,YES,2026-06-06 21:59:04,0.998,10,9.98,9e03a3f6-9e88-4126-b97f-7c33cb68acb1,True,2026-06-06 21:59:58,1.0,10,10.0,,SETTLEMENT,0.020000000000000018,0.20040080160320656,54,WIN,False,,,,YES
8,2026-06-06,2026-06-06 22:16:02,2026-06-06 22:29:59,KXETH15M-26JUN062230-30,26.63,26.65,0.019999999999999574,0.07510326699211256,1,NO,2026-06-06 22:28:24,0.998,10,9.98,5bfdd960-9226-4f43-bba9-52fe22abf8b0,True,2026-06-06 22:29:59,1.0,10,10.0,,SETTLEMENT,0.020000000000000018,0.20040080160320656,95,WIN,False,,,,NO
9,2026-06-06,2026-06-06 22:31:08,2026-06-06 22:44:55,KXETH15M-26JUN062245-45,26.67,26.69,0.019999999999999574,0.07499062617172693,1,YES,2026-06-06 22:44:05,0.998,10,9.98,c7efc3b5-c045-4ebe-b3ee-ba3c7d26fcf7,True,2026-06-06 22:44:55,1.0,10,10.0,,SETTLEMENT,0.020000000000000018,0.20040080160320656,50,WIN,False,,,,YES
10,2026-06-06,2026-06-06 22:46:13,2026-06-06 22:59:58,KXETH15M-26JUN062300-00,26.71,26.73,0.019999999999999574,0.07487832272556935,1,YES,2026-06-06 22:58:04,0.998,10,9.98,88b1474f-0d4f-4d2d-a178-7e997609cf42,True,2026-06-06 22:59:58,1.0,10,10.0,,SETTLEMENT,0.020000000000000018,0.20040080160320656,114,WIN,False,,,,YES
12,2026-06-06,2026-06-06 23:16:02,2026-06-06 23:29:56,KXETH15M-26JUN062330-30,26.75,26.77,0.019999999999999574,0.07476635514018531,1,YES,2026-06-06 23:28:39,0.998,10,9.98,9844a1e1-5ada-41c1-92a2-3f85ec6b9d46,True,2026-06-06 23:29:56,1.0,10,10.0,,SETTLEMENT,0.020000000000000018,0.20040080160320656,77,WIN,False,,,,YES
13,2026-06-06,2026-06-06 23:31:08,2026-06-06 23:44:55,KXETH15M-26JUN062345-45,26.79,26.81,0.019999999999999574,0.0746547219111593,1,NO,2026-06-06 23:43:06,0.998,10,9.98,22042d2b-ac1e-405a-808d-8147106bb033,True,2026-06-06 23:44:55,1.0,10,10.0,,SETTLEMENT,0.020000000000000018,0.20040080160320656,109,WIN,False,,,,NO
15,2026-06-07,2026-06-07 00:01:02,2026-06-07 00:15:00,KXETH15M-26JUN070015-15,26.83,26.849999999999998,0.019999999999999574,0.07454342154304724,1,NO,2026-06-07 00:14:02,0.998,10,9.98,8910344a-dfa0-481d-986e-82ba04047a9e,True,2026-06-07 00:15:00,1.0,10,10.0,,SETTLEMENT,0.020000000000000018,0.20040080160320656,58,WIN,False,,,,NO
16,2026-06-07,2026-06-07 00:16:08,2026-06-07 00:29:58,KXETH15M-26JUN070030-30,26.87,26.89,0.019999999999999574,0.07443245254930991,1,NO,2026-06-07 00:29:06,0.998,10,9.98,7e617b06-e676-4e62-8e83-91c082c27a66,True,2026-06-07 00:29:58,1.0,10,10.0,,SETTLEMENT,0.020000000000000018,0.20040080160320656,52,WIN,False,,,,NO
18,2026-06-07,2026-06-07 00:46:07,2026-06-07 00:59:58,KXETH15M-26JUN070100-00,26.91,26.93,0.019999999999999574,0.07432181345224666,1,YES,2026-06-07 00:59:01,0.998,10,9.98,dded52b6-e271-4cb7-a420-e935af1b9066,True,2026-06-07 00:59:58,1.0,10,10.0,,SETTLEMENT,0.020000000000000018,0.20040080160320656,57,WIN,False,,,,YES
19,2026-06-07,2026-06-07 01:01:13,2026-06-07 01:15:00,KXETH15M-26JUN070115-15,26.95,16.97,-9.98,-37.031539888682744,1,NO,2026-06-07 01:13:32,0.998,10,9.98,27ea6cad-8faf-4f04-bf1b-55a227aeb8c4,True,2026-06-07 01:15:00,0.0,10,0.0,,SETTLEMENT,-9.98,-100.0,88,LOSS,False,,,,YES
20,2026-06-07,2026-06-07 01:16:10,2026-06-07 01:30:00,KXETH15M-26JUN070130-30,8.09,8.096,0.006000000000000227,0.07416563658838353,1,YES,2026-06-07 01:28:52,0.9979999999999999,3,2.9939999999999998,b14aabd7-24f9-4a34-ab74-87c94734fb55,True,2026-06-07 01:30:00,1.0,3,3.0,,SETTLEMENT,0.006000000000000338,0.20040080160321772,68,WIN,False,,,,YES
21,2026-06-07,2026-06-07 01:31:13,2026-06-07 01:45:00,KXETH15M-26JUN070145-45,8.1,8.106,0.006000000000000227,0.07407407407407689,1,YES,2026-06-07 01:43:37,0.9979999999999999,3,2.9939999999999998,64b71af3-f817-4744-9aa6-38a7bb9ba9d0,True,2026-06-07 01:45:00,1.0,3,3.0,,SETTLEMENT,0.006000000000000338,0.20040080160321772,83,WIN,False,,,,YES
22,2026-06-07,2026-06-07 01:46:07,2026-06-07 01:59:57,KXETH15M-26JUN070200-00,8.11,8.116,0.006000000000000227,0.07398273736128518,1,NO,2026-06-07 01:59:00,0.9979999999999999,3,2.9939999999999998,d956a720-6a58-4329-833f-2619b40ddf6d,True,2026-06-07 01:59:57,1.0,3,3.0,,SETTLEMENT,0.006000000000000338,0.20040080160321772,57,WIN,False,,,,NO
23,2026-06-07,2026-06-07 02:01:14,2026-06-07 02:14:55,KXETH15M-26JUN070215-15,8.12,8.126,0.006000000000000227,0.07389162561576634,1,NO,2026-06-07 02:13:19,0.9979999999999999,3,2.9939999999999998,2182d94d-44b8-4d47-9264-897cfd76bb82,True,2026-06-07 02:14:55,1.0,3,3.0,,SETTLEMENT,0.006000000000000338,0.20040080160321772,96,WIN,False,,,,NO
24,2026-06-07,2026-06-07 02:16:08,2026-06-07 02:29:58,KXETH15M-26JUN070230-30,8.14,8.146,0.006000000000000227,0.0737100737100765,1,YES,2026-06-07 02:28:09,0.9979999999999999,3,2.9939999999999998,c81a1f11-ce86-45b7-a905-569a6cd965b2,True,2026-06-07 02:29:58,1.0,3,3.0,,SETTLEMENT,0.006000000000000338,0.20040080160321772,109,WIN,False,,,,YES
28,2026-06-07,2026-06-07 03:16:01,2026-06-07 03:29:59,KXETH15M-26JUN070330-30,8.16,8.166,0.006000000000000227,0.07352941176470867,1,YES,2026-06-07 03:29:18,0.9979999999999999,3,2.9939999999999998,23e83e32-8955-43c6-9590-bce89e134d65,True,2026-06-07 03:29:59,1.0,3,3.0,,SETTLEMENT,0.006000000000000338,0.20040080160321772,41,WIN,False,,,,YES
29,2026-06-07,2026-06-07 03:31:12,2026-06-07 03:45:00,KXETH15M-26JUN070345-45,8.17,8.172,0.002000000000000668,0.024479804161574883,1,NO,2026-06-07 03:44:12,0.998,1,0.998,40a618c6-8c57-492d-b58a-600f5dfbbd9e,True,2026-06-07 03:45:00,1.0,1,1.0,,SETTLEMENT,0.0020000000000000018,0.20040080160320656,48,WIN,False,,,,NO
30,2026-06-07,2026-06-07 03:46:14,2026-06-07 03:59:56,KXETH15M-26JUN070400-00,8.17,8.176,0.006000000000000227,0.07343941248470291,1,YES,2026-06-07 03:59:02,0.9979999999999999,3,2.9939999999999998,de171bb8-51df-4153-ac9b-46bb50e8aaef,True,2026-06-07 03:59:56,1.0,3,3.0,,SETTLEMENT,0.006000000000000338,0.20040080160321772,54,WIN,False,,,,YES
31,2026-06-07,2026-06-07 04:01:13,2026-06-07 04:15:03,KXETH15M-26JUN070415-15,8.18,8.186,0.006000000000000227,0.07334963325183652,1,NO,2026-06-07 04:13:57,0.9979999999999999,3,2.9939999999999998,b8133ef0-b1f5-4ede-b644-f12530bd19d9,True,2026-06-07 04:15:03,1.0,3,3.0,,SETTLEMENT,0.006000000000000338,0.20040080160321772,66,WIN,False,,,,NO
32,2026-06-07,2026-06-07 04:16:11,2026-06-07 04:29:59,KXETH15M-26JUN070430-30,8.2,8.206,0.006000000000000227,0.07317073170731984,1,YES,2026-06-07 04:28:36,0.9979999999999999,3,2.9939999999999998,0dafef44-16b7-480a-a56a-3fb0313f1b4a,True,2026-06-07 04:29:59,1.0,3,3.0,,SETTLEMENT,0.006000000000000338,0.20040080160321772,83,WIN,False,,,,YES
33,2026-06-07,2026-06-07 04:31:08,2026-06-07 04:44:56,KXETH15M-26JUN070445-45,8.21,8.216000000000001,0.006000000000000227,0.07308160779537426,1,YES,2026-06-07 04:44:24,0.9979999999999999,3,2.9939999999999998,eab286d6-b4dc-4b33-a8f3-01e81c418208,True,2026-06-07 04:44:56,1.0,3,3.0,,SETTLEMENT,0.006000000000000338,0.20040080160321772,32,WIN,False,,,,YES
34,2026-06-07,2026-06-07 04:46:13,2026-06-07 04:59:59,KXETH15M-26JUN070500-00,8.21,8.216000000000001,0.006000000000000227,0.07308160779537426,1,YES,2026-06-07 04:57:52,0.9979999999999999,3,2.9939999999999998,f8914602-4a00-424b-8403-2d4630466c4f,True,2026-06-07 04:59:59,1.0,3,3.0,,SETTLEMENT,0.006000000000000338,0.20040080160321772,127,WIN,False,,,,YES
35,2026-06-07,2026-06-07 05:01:08,2026-06-07 05:14:58,KXETH15M-26JUN070515-15,8.22,8.241,0.02099999999999902,0.25547445255473256,1,YES,2026-06-07 05:14:24,0.993,3,2.979,004a3e56-9aa1-4eb1-9c83-a5a3d917ed4b,True,2026-06-07 05:14:58,1.0,3,3.0,,SETTLEMENT,0.02100000000000002,0.7049345417925484,34,WIN,False,,,,YES
36,2026-06-07,2026-06-07 05:16:08,2026-06-07 05:29:55,KXETH15M-26JUN070530-30,8.24,8.246,0.006000000000000227,0.07281553398058528,1,NO,2026-06-07 05:29:12,0.9979999999999999,3,2.9939999999999998,2240e0dd-340a-45c8-b2da-940e6eb56826,True,2026-06-07 05:29:55,1.0,3,3.0,,SETTLEMENT,0.006000000000000338,0.20040080160321772,43,WIN,False,,,,NO
37,2026-06-07,2026-06-07 05:31:02,2026-06-07 05:45:00,KXETH15M-26JUN070545-45,8.26,8.266,0.006000000000000227,0.07263922518160082,1,NO,2026-06-07 05:42:43,0.9979999999999999,3,2.9939999999999998,f64b8a51-e6b7-46fc-b4ae-ced958e6aa48,True,2026-06-07 05:45:00,1.0,3,3.0,,SETTLEMENT,0.006000000000000338,0.20040080160321772,137,WIN,False,,,,NO
39,2026-06-07,2026-06-07 06:01:02,2026-06-07 06:15:00,KXETH15M-26JUN070615-15,8.26,8.266,0.006000000000000227,0.07263922518160082,1,NO,2026-06-07 06:14:10,0.9979999999999999,3,2.9939999999999998,81c59a6b-ed2f-4529-8f33-36fe4a1a3234,True,2026-06-07 06:15:00,1.0,3,3.0,,SETTLEMENT,0.006000000000000338,0.20040080160321772,50,WIN,False,,,,NO
40,2026-06-07,2026-06-07 06:16:07,2026-06-07 06:30:00,KXETH15M-26JUN070630-30,8.27,8.276,0.006000000000000227,0.07255139056832198,1,YES,2026-06-07 06:28:24,0.9979999999999999,3,2.9939999999999998,be7bea01-a7c5-444d-8582-631bbc4d4096,True,2026-06-07 06:30:00,1.0,3,3.0,,SETTLEMENT,0.006000000000000338,0.20040080160321772,96,WIN,False,,,,YES
41,2026-06-07,2026-06-07 06:31:12,2026-06-07 06:45:00,KXETH15M-26JUN070645-45,8.28,8.286,0.006000000000000227,0.07246376811594478,1,NO,2026-06-07 06:42:55,0.9979999999999999,3,2.9939999999999998,8331af53-e1ec-49fa-ac0e-c858028ebfd2,True,2026-06-07 06:45:00,1.0,3,3.0,,SETTLEMENT,0.006000000000000338,0.20040080160321772,125,WIN,False,,,,NO
42,2026-06-07,2026-06-07 06:46:13,2026-06-07 06:59:55,KXETH15M-26JUN070700-00,8.29,8.296,0.006000000000000227,0.07237635705669757,1,NO,2026-06-07 06:58:38,0.9979999999999999,3,2.9939999999999998,54eaa837-8201-4c66-9aa0-8e37701fab60,True,2026-06-07 06:59:55,1.0,3,3.0,,SETTLEMENT,0.006000000000000338,0.20040080160321772,77,WIN,False,,,,NO
43,2026-06-07,2026-06-07 07:01:08,2026-06-07 07:14:55,KXETH15M-26JUN070715-15,8.29,8.296,0.006000000000000227,0.07237635705669757,1,YES,2026-06-07 07:14:06,0.9979999999999999,3,2.9939999999999998,d4b72c72-fa4e-4215-9d09-885c7d11d3ee,True,2026-06-07 07:14:55,1.0,3,3.0,,SETTLEMENT,0.006000000000000338,0.20040080160321772,49,WIN,False,,,,YES
44,2026-06-07,2026-06-07 07:16:08,2026-06-07 07:29:57,KXETH15M-26JUN070730-30,8.31,8.312000000000001,0.002000000000000668,0.024067388688335353,1,YES,2026-06-07 07:29:01,0.998,1,0.998,65778d07-7077-44b0-9b42-dc97e5a7938a,True,2026-06-07 07:29:57,1.0,1,1.0,,SETTLEMENT,0.0020000000000000018,0.20040080160320656,56,WIN,False,,,,YES
45,2026-06-07,2026-06-07 07:31:13,2026-06-07 07:45:00,KXETH15M-26JUN070745-45,8.31,8.316,0.006000000000000227,0.07220216606498468,1,YES,2026-06-07 07:43:52,0.9979999999999999,3,2.9939999999999998,0edc70c9-313a-4b6d-a682-be3d33cfce64,True,2026-06-07 07:45:00,1.0,3,3.0,,SETTLEMENT,0.006000000000000338,0.20040080160321772,68,WIN,False,,,,YES
46,2026-06-07,2026-06-07 07:46:13,2026-06-07 08:00:00,KXETH15M-26JUN070800-00,8.33,8.336,0.006000000000000227,0.07202881152461257,1,NO,2026-06-07 07:58:48,0.9979999999999999,3,2.9939999999999998,f2c700ce-415a-42c2-833a-a74e0e386d91,True,2026-06-07 08:00:00,1.0,3,3.0,,SETTLEMENT,0.006000000000000338,0.20040080160321772,72,WIN,False,,,,NO
47,2026-06-07,2026-06-07 08:01:08,2026-06-07 08:15:00,KXETH15M-26JUN070815-15,8.34,8.346,0.006000000000000227,0.07194244604316818,1,NO,2026-06-07 08:12:43,0.9979999999999999,3,2.9939999999999998,45cfdae8-41f6-41a4-a7a5-c22cb5a2862a,True,2026-06-07 08:15:00,1.0,3,3.0,,SETTLEMENT,0.006000000000000338,0.20040080160321772,137,WIN,False,,,,NO
48,2026-06-07,2026-06-07 08:16:13,2026-06-07 08:29:55,KXETH15M-26JUN070830-30,8.35,8.356,0.006000000000000227,0.07185628742515243,1,NO,2026-06-07 08:29:34,0.9979999999999999,3,2.9939999999999998,1fd0295a-bb33-4fda-8226-64dec2f017bb,True,2026-06-07 08:29:55,1.0,3,3.0,,SETTLEMENT,0.006000000000000338,0.20040080160321772,21,WIN,False,,,,NO
49,2026-06-07,2026-06-07 08:31:08,2026-06-07 08:44:56,KXETH15M-26JUN070845-45,8.36,8.366,0.006000000000000227,0.07177033492823238,1,YES,2026-06-07 08:43:58,0.9979999999999999,3,2.9939999999999998,fc1b25f1-23d6-4cba-92e8-c7687c8de516,True,2026-06-07 08:44:56,1.0,3,3.0,,SETTLEMENT,0.006000000000000338,0.20040080160321772,58,WIN,False,,,,YES
50,2026-06-07,2026-06-07 08:46:08,2026-06-07 08:59:55,KXETH15M-26JUN070900-00,8.37,8.376,0.006000000000000227,0.07168458781362279,1,YES,2026-06-07 08:57:46,0.9979999999999999,3,2.9939999999999998,d3c9eef6-58ce-43e6-b605-75c83d99d55d,True,2026-06-07 08:59:55,1.0,3,3.0,,SETTLEMENT,0.006000000000000338,0.20040080160321772,129,WIN,False,,,,YES
51,2026-06-07,2026-06-07 09:01:13,2026-06-07 09:14:56,KXETH15M-26JUN070915-15,8.38,8.386000000000001,0.006000000000000227,0.07159904534606476,1,NO,2026-06-07 09:14:04,0.9979999999999999,3,2.9939999999999998,8791b400-a677-4d1e-a0f1-7e844492f05a,True,2026-06-07 09:14:56,1.0,3,3.0,,SETTLEMENT,0.006000000000000338,0.20040080160321772,52,WIN,False,,,,NO
1,2026-06-07,2026-06-07 09:22:49,2026-06-07 09:29:58,KXETH15M-26JUN070930-30,8.39,8.393,0.0030000000000001137,0.035756853396902426,1,YES,2026-06-07 09:29:33,0.999,3,2.997,244959eb-ab63-409e-a171-e5c3ca91769c,True,2026-06-07 09:29:58,1.0,3,3.0,,SETTLEMENT,0.0030000000000000027,0.10010010010010019,25,WIN,False,,,,YES
2,2026-06-07,2026-06-07 09:31:02,2026-06-07 09:44:55,KXETH15M-26JUN070945-45,9.75,9.753,0.0030000000000001137,0.030769230769231937,1,NO,2026-06-07 09:43:53,0.999,3,2.997,edcd038c-f0e3-4ce6-8ad1-4190c82c3173,True,2026-06-07 09:44:55,1.0,3,3.0,,SETTLEMENT,0.0030000000000000027,0.10010010010010019,62,WIN,False,,,,NO
1,2026-06-07,2026-06-07 09:50:59,2026-06-07 09:59:44,KXETH15M-26JUN071000-00,25.61,25.58,-0.030000000000001137,-0.11714174150722818,1,YES,2026-06-07 09:59:38,0.999,10,9.99,87fe0b96-a4c7-499d-821e-a7b65d308015,True,2026-06-07 09:59:44,0.9960000000000001,10,9.96,c53a781f-c677-4529-8f1b-22cd1e58b5b8,MANUAL_STOP_LOSS,-0.029999999999998916,-0.3003003003002895,6,LOSS,False,,,,
2,2026-06-07,2026-06-07 10:01:01,2026-06-07 10:14:49,KXETH15M-26JUN071015-15,25.58,25.58,0.0,0.0,1,YES,2026-06-07 10:14:05,0.999,10,9.99,0da20590-ae0c-4a42-92c8-a35d55761448,True,2026-06-07 10:14:49,0.999,10,9.99,86824516-1cdc-4b32-ac4b-19909a4f8b0c,MANUAL_STOP_LOSS,0.0,0.0,44,WIN,False,,,,
3,2026-06-07,2026-06-07 10:16:07,2026-06-07 10:29:59,KXETH15M-26JUN071030-30,25.59,25.6,0.010000000000001563,0.0390777647518623,1,YES,2026-06-07 10:28:28,0.999,10,9.99,c2ecd455-bf40-4de1-aa08-d22c93d9b7e4,True,2026-06-07 10:29:59,1.0,10,10.0,,SETTLEMENT,0.010000000000000009,0.10010010010010019,91,WIN,False,,,,YES
4,2026-06-07,2026-06-07 10:31:02,2026-06-07 10:44:57,KXETH15M-26JUN071045-45,25.6,25.61,0.00999999999999801,0.03906249999999223,1,NO,2026-06-07 10:44:11,0.999,10,9.99,78935f0c-3a66-4982-b230-4d44aa8cca5a,True,2026-06-07 10:44:57,1.0,10,10.0,,SETTLEMENT,0.010000000000000009,0.10010010010010019,46,WIN,False,,,,NO
5,2026-06-07,2026-06-07 10:46:13,2026-06-07 11:00:00,KXETH15M-26JUN071100-00,25.62,25.630000000000003,0.010000000000001563,0.0390320062451271,1,YES,2026-06-07 10:59:31,0.999,10,9.99,dbec18e8-f003-4c95-ac63-f71675435808,True,2026-06-07 11:00:00,1.0,10,10.0,,SETTLEMENT,0.010000000000000009,0.10010010010010019,29,WIN,False,,,,YES
6,2026-06-07,2026-06-07 11:01:13,2026-06-07 11:14:56,KXETH15M-26JUN071115-15,25.65,25.68,0.030000000000001137,0.11695906432748983,1,NO,2026-06-07 11:13:50,0.9970000000000001,10,9.97,08743f1b-63cc-4e8b-bf45-9e81e3614012,True,2026-06-07 11:14:56,1.0,10,10.0,,SETTLEMENT,0.029999999999998916,0.3009027081243622,66,WIN,False,,,,NO
7,2026-06-07,2026-06-07 11:16:13,2026-06-07 11:29:57,KXETH15M-26JUN071130-30,25.69,25.72,0.029999999999997584,0.11677695601400383,1,YES,2026-06-07 11:28:00,0.9970000000000001,10,9.97,8572a7a4-1fc7-46e4-85e5-fca70d1f4be2,True,2026-06-07 11:29:57,1.0,10,10.0,,SETTLEMENT,0.029999999999998916,0.3009027081243622,117,WIN,False,,,,YES
8,2026-06-07,2026-06-07 11:31:08,2026-06-07 11:44:56,KXETH15M-26JUN071145-45,25.73,25.739,0.009000000000000341,0.034978624174117144,1,YES,2026-06-07 11:44:14,0.999,9,8.991,371dd23c-a805-49a6-a3db-669cfaceef40,True,2026-06-07 11:44:56,1.0,9,9.0,,SETTLEMENT,0.009000000000000008,0.10010010010010019,42,WIN,False,,,,YES
1,2026-06-07,2026-06-07 11:55:01,2026-06-07 11:59:56,KXETH15M-26JUN071200-00,35.59,35.604,0.013999999999995794,0.03933689238548972,1,NO,2026-06-07 11:58:52,0.999,14,13.986,165c47d8-c240-494e-befb-7c1dc634c749,True,2026-06-07 11:59:56,1.0,14,14.0,,SETTLEMENT,0.014000000000000012,0.10010010010010019,64,WIN,False,,,,NO
1,2026-06-07,2026-06-07 12:15:59,2026-06-07 12:30:00,KXETH15M-26JUN071230-30,5.15,5.152,0.0019999999999997797,0.0388349514563064,1,NO,2026-06-07 12:29:22,0.999,2,1.998,1bda22f6-3329-4ca9-8c8c-a70f6d6ae024,True,2026-06-07 12:30:00,1.0,2,2.0,,SETTLEMENT,0.0020000000000000018,0.10010010010010019,38,WIN,False,,,,NO
1,2026-06-07,2026-06-07 12:42:23,2026-06-07 12:44:58,KXETH15M-26JUN071245-45,2.47,2.471,0.0009999999999998899,0.04048582995950971,1,YES,2026-06-07 12:44:03,0.999,1,0.999,20daccc3-545c-4e1a-8220-7e4a09bd04ee,True,2026-06-07 12:44:58,1.0,1,1.0,,SETTLEMENT,0.0010000000000000009,0.10010010010010019,55,WIN,False,,,,YES
1,2026-06-07,2026-06-07 12:55:58,2026-06-07 12:59:59,KXETH15M-26JUN071300-00,4.93,4.930999999999999,0.0009999999999994458,0.020283975659217968,1,NO,2026-06-07 12:59:11,0.999,1,0.999,a3e62420-a813-4220-b38b-ac609034c843,True,2026-06-07 12:59:59,1.0,1,1.0,,SETTLEMENT,0.0010000000000000009,0.10010010010010019,48,WIN,False,,,,NO
2,2026-06-07,2026-06-07 13:01:14,2026-06-07 13:15:00,KXETH15M-26JUN071315-15,4.94,4.941000000000001,0.001000000000000334,0.020242914979763844,1,YES,2026-06-07 13:12:56,0.999,1,0.999,8780c6c8-1842-4f01-8cf4-c0ff5f9cdc00,True,2026-06-07 13:15:00,1.0,1,1.0,,SETTLEMENT,0.0010000000000000009,0.10010010010010019,124,WIN,False,,,,YES
4,2026-06-07,2026-06-07 13:31:01,2026-06-07 13:45:00,KXETH15M-26JUN071345-45,4.94,4.941000000000001,0.001000000000000334,0.020242914979763844,1,NO,2026-06-07 13:44:00,0.999,1,0.999,db4a390c-f628-4dfa-841b-7c1f3f1c9622,True,2026-06-07 13:45:00,1.0,1,1.0,,SETTLEMENT,0.0010000000000000009,0.10010010010010019,60,WIN,False,,,,NO
6,2026-06-07,2026-06-07 14:01:02,2026-06-07 14:14:56,KXETH15M-26JUN071415-15,4.94,4.941000000000001,0.001000000000000334,0.020242914979763844,1,YES,2026-06-07 14:13:37,0.999,1,0.999,f9d39ca6-2caa-44f3-afd8-0cc2209e93d5,True,2026-06-07 14:14:56,1.0,1,1.0,,SETTLEMENT,0.0010000000000000009,0.10010010010010019,79,WIN,False,,,,YES
7,2026-06-07,2026-06-07 14:16:08,2026-06-07 14:30:00,KXETH15M-26JUN071430-30,4.94,4.941000000000001,0.001000000000000334,0.020242914979763844,1,NO,2026-06-07 14:29:00,0.999,1,0.999,de097656-d35a-49e5-a5ec-c45840165708,True,2026-06-07 14:30:00,1.0,1,1.0,,SETTLEMENT,0.0010000000000000009,0.10010010010010019,60,WIN,False,,,,NO
8,2026-06-07,2026-06-07 14:31:12,2026-06-07 14:45:00,KXETH15M-26JUN071445-45,4.94,4.941000000000001,0.001000000000000334,0.020242914979763844,1,YES,2026-06-07 14:44:02,0.999,1,0.999,3698d9c4-e3f6-4931-a029-85b347a13c87,True,2026-06-07 14:45:00,1.0,1,1.0,,SETTLEMENT,0.0010000000000000009,0.10010010010010019,58,WIN,False,,,,YES
9,2026-06-07,2026-06-07 14:46:18,2026-06-07 14:59:55,KXETH15M-26JUN071500-00,4.95,4.9510000000000005,0.001000000000000334,0.02020202020202695,1,NO,2026-06-07 14:58:34,0.999,1,0.999,4ec578a5-146a-4565-90b3-d770edb6f820,True,2026-06-07 14:59:55,1.0,1,1.0,,SETTLEMENT,0.0010000000000000009,0.10010010010010019,81,WIN,False,,,,NO
10,2026-06-07,2026-06-07 15:01:08,2026-06-07 15:14:59,KXETH15M-26JUN071515-15,4.95,4.9510000000000005,0.001000000000000334,0.02020202020202695,1,NO,2026-06-07 15:13:43,0.999,1,0.999,035cf86a-7234-4a45-af25-d50d356bcfe7,True,2026-06-07 15:14:59,1.0,1,1.0,,SETTLEMENT,0.0010000000000000009,0.10010010010010019,76,WIN,False,,,,NO
11,2026-06-07,2026-06-07 15:16:14,2026-06-07 15:29:57,KXETH15M-26JUN071530-30,4.95,4.9510000000000005,0.001000000000000334,0.02020202020202695,1,NO,2026-06-07 15:28:03,0.999,1,0.999,b2a66e8a-3221-4cfb-a3f0-d943cb542d2e,True,2026-06-07 15:29:57,1.0,1,1.0,,SETTLEMENT,0.0010000000000000009,0.10010010010010019,114,WIN,False,,,,NO
12,2026-06-07,2026-06-07 15:31:02,2026-06-07 15:44:59,KXETH15M-26JUN071545-45,4.95,4.9510000000000005,0.001000000000000334,0.02020202020202695,1,NO,2026-06-07 15:44:17,0.999,1,0.999,f3db56c9-0e17-4e68-97ab-c5966719fe40,True,2026-06-07 15:44:59,1.0,1,1.0,,SETTLEMENT,0.0010000000000000009,0.10010010010010019,42,WIN,False,,,,NO
13,2026-06-07,2026-06-07 15:46:08,2026-06-07 15:59:57,KXETH15M-26JUN071600-00,4.95,4.9510000000000005,0.001000000000000334,0.02020202020202695,1,YES,2026-06-07 15:57:47,0.999,1,0.999,fafc67dd-0ab0-40ca-9d1a-c3f742c288b4,True,2026-06-07 15:59:57,1.0,1,1.0,,SETTLEMENT,0.0010000000000000009,0.10010010010010019,130,WIN,False,,,,YES
14,2026-06-07,2026-06-07 16:01:09,2026-06-07 16:14:56,KXETH15M-26JUN071615-15,4.96,4.961,0.001000000000000334,0.02016129032258738,1,YES,2026-06-07 16:12:41,0.999,1,0.999,48012327-3de9-4a00-ac5f-e129ae98fa0f,True,2026-06-07 16:14:56,1.0,1,1.0,,SETTLEMENT,0.0010000000000000009,0.10010010010010019,135,WIN,False,,,,YES
15,2026-06-07,2026-06-07 16:16:08,2026-06-07 16:29:59,KXETH15M-26JUN071630-30,4.96,4.961,0.001000000000000334,0.02016129032258738,1,YES,2026-06-07 16:28:00,0.999,1,0.999,a21ad77b-aaed-49fe-a47e-1d82951462b2,True,2026-06-07 16:29:59,1.0,1,1.0,,SETTLEMENT,0.0010000000000000009,0.10010010010010019,119,WIN,False,,,,YES
16,2026-06-07,2026-06-07 16:31:08,2026-06-07 16:44:57,KXETH15M-26JUN071645-45,4.96,4.961,0.001000000000000334,0.02016129032258738,1,NO,2026-06-07 16:44:22,0.999,1,0.999,0c3dadc5-bcc6-4ab7-aa3a-440e47bfecb7,True,2026-06-07 16:44:57,1.0,1,1.0,,SETTLEMENT,0.0010000000000000009,0.10010010010010019,35,WIN,False,,,,NO
17,2026-06-07,2026-06-07 16:46:14,2026-06-07 16:59:55,KXETH15M-26JUN071700-00,4.96,4.961,0.001000000000000334,0.02016129032258738,1,YES,2026-06-07 16:58:03,0.999,1,0.999,eae5c0c8-13fb-465b-a1c8-3d5888e7f7f8,True,2026-06-07 16:59:55,1.0,1,1.0,,SETTLEMENT,0.0010000000000000009,0.10010010010010019,112,WIN,False,,,,YES
18,2026-06-07,2026-06-07 17:01:08,2026-06-07 17:14:58,KXETH15M-26JUN071715-15,4.96,4.961,0.001000000000000334,0.02016129032258738,1,YES,2026-06-07 17:14:24,0.999,1,0.999,cc40d01a-42c7-4858-8f4d-1bd9af4fe3c2,True,2026-06-07 17:14:58,1.0,1,1.0,,SETTLEMENT,0.0010000000000000009,0.10010010010010019,34,WIN,False,,,,YES
19,2026-06-07,2026-06-07 17:16:14,2026-06-07 17:29:59,KXETH15M-26JUN071730-30,4.96,4.961,0.001000000000000334,0.02016129032258738,1,NO,2026-06-07 17:29:06,0.999,1,0.999,1d44c29f-53b5-4117-affc-9f03e23c3fc9,True,2026-06-07 17:29:59,1.0,1,1.0,,SETTLEMENT,0.0010000000000000009,0.10010010010010019,53,WIN,False,,,,NO
20,2026-06-07,2026-06-07 17:31:08,2026-06-07 17:44:57,KXETH15M-26JUN071745-45,4.96,4.961,0.001000000000000334,0.02016129032258738,1,NO,2026-06-07 17:43:49,0.999,1,0.999,2495ea68-e732-43ec-8564-d93fe0778cd1,True,2026-06-07 17:44:57,1.0,1,1.0,,SETTLEMENT,0.0010000000000000009,0.10010010010010019,68,WIN,False,,,,NO
1,2026-06-07,2026-06-07 20:15:13,2026-06-07 20:29:57,KXETH15M-26JUN072030-30,13.85,13.855,0.005000000000000782,0.03610108303249662,1,YES,2026-06-07 20:27:41,0.999,5,4.995,e402a2f1-574e-41e0-a9c7-3ca75e6cb725,True,2026-06-07 20:29:57,1.0,5,5.0,,SETTLEMENT,0.0050000000000000044,0.10010010010010019,136,WIN,False,,,,YES
2,2026-06-07,2026-06-07 20:31:09,2026-06-07 20:44:59,KXETH15M-26JUN072045-45,13.86,13.864999999999998,0.004999999999999005,0.0360750360750289,1,YES,2026-06-07 20:43:21,0.999,5,4.995,d06799da-67fa-4d92-bab2-6ca74b8457a1,True,2026-06-07 20:44:59,1.0,5,5.0,,SETTLEMENT,0.0050000000000000044,0.10010010010010019,98,WIN,False,,,,YES
3,2026-06-07,2026-06-07 20:46:13,2026-06-07 20:59:55,KXETH15M-26JUN072100-00,13.86,13.87,0.009999999999999787,0.0721500721500706,1,NO,2026-06-07 20:57:42,0.998,5,4.99,4e476246-2ef1-4547-9a20-276a4e61aeae,True,2026-06-07 20:59:55,1.0,5,5.0,,SETTLEMENT,0.010000000000000009,0.20040080160320656,133,WIN,False,,,,NO
4,2026-06-07,2026-06-07 21:01:13,2026-06-07 21:14:58,KXETH15M-26JUN072115-15,13.88,13.885000000000002,0.005000000000000782,0.036023054755048856,1,NO,2026-06-07 21:12:46,0.999,5,4.995,36c406ea-5035-4fb2-b509-926dae935299,True,2026-06-07 21:14:58,1.0,5,5.0,,SETTLEMENT,0.0050000000000000044,0.10010010010010019,132,WIN,False,,,,NO
5,2026-06-07,2026-06-07 21:16:14,2026-06-07 21:29:58,KXETH15M-26JUN072130-30,13.89,13.895,0.004999999999999005,0.03599712023037441,1,NO,2026-06-07 21:28:13,0.999,5,4.995,d9fd71f8-6b11-46f4-acbb-dc3cad4a08c5,True,2026-06-07 21:29:58,1.0,5,5.0,,SETTLEMENT,0.0050000000000000044,0.10010010010010019,105,WIN,False,,,,NO
6,2026-06-07,2026-06-07 21:31:08,2026-06-07 21:44:59,KXETH15M-26JUN072145-45,13.9,13.91,0.009999999999999787,0.07194244604316392,1,YES,2026-06-07 21:42:41,0.998,5,4.99,efd669ab-1254-4a3a-a3fc-95a7e3f5acbb,True,2026-06-07 21:44:59,1.0,5,5.0,,SETTLEMENT,0.010000000000000009,0.20040080160320656,138,WIN,False,,,,YES
7,2026-06-07,2026-06-07 21:46:09,2026-06-07 21:59:58,KXETH15M-26JUN072200-00,13.92,13.925,0.005000000000000782,0.035919540229890676,1,YES,2026-06-07 21:59:19,0.999,5,4.995,614d0fa4-81e5-4e84-ba04-a3ada6f1b91d,True,2026-06-07 21:59:58,1.0,5,5.0,,SETTLEMENT,0.0050000000000000044,0.10010010010010019,39,WIN,False,,,,YES
9,2026-06-07,2026-06-07 22:16:03,2026-06-07 22:29:57,KXETH15M-26JUN072230-30,13.93,13.98,0.05000000000000071,0.3589375448671982,1,NO,2026-06-07 22:29:15,0.99,5,4.95,2373f027-7087-4988-9f16-3a4b0c217d77,True,2026-06-07 22:29:57,1.0,5,5.0,,SETTLEMENT,0.050000000000000044,1.0101010101010108,42,WIN,False,,,,NO
10,2026-06-07,2026-06-07 22:31:09,2026-06-07 22:44:56,KXETH15M-26JUN072245-45,13.99,13.995000000000001,0.005000000000000782,0.03573981415297199,1,NO,2026-06-07 22:44:02,0.999,5,4.995,8861ba3a-d269-43db-8039-ff84fbb8af06,True,2026-06-07 22:44:56,1.0,5,5.0,,SETTLEMENT,0.0050000000000000044,0.10010010010010019,54,WIN,False,,,,NO
12,2026-06-07,2026-06-07 23:01:01,2026-06-07 23:14:58,KXETH15M-26JUN072315-15,14.0,14.01,0.009999999999999787,0.07142857142856991,1,YES,2026-06-07 23:13:17,0.998,5,4.99,c4941a6a-7bb9-4aab-882f-09b68a13d3c3,True,2026-06-07 23:14:58,1.0,5,5.0,,SETTLEMENT,0.010000000000000009,0.20040080160320656,101,WIN,False,,,,YES
13,2026-06-07,2026-06-07 23:16:08,2026-06-07 23:29:59,KXETH15M-26JUN072330-30,14.01,14.015,0.005000000000000782,0.03568879371877788,1,NO,2026-06-07 23:28:13,0.999,5,4.995,49f6a3b7-83ef-4185-aea7-e6526cae7863,True,2026-06-07 23:29:59,1.0,5,5.0,,SETTLEMENT,0.0050000000000000044,0.10010010010010019,106,WIN,False,,,,NO
14,2026-06-07,2026-06-07 23:31:08,2026-06-07 23:44:55,KXETH15M-26JUN072345-45,14.02,14.024999999999999,0.004999999999999005,0.03566333808843798,1,NO,2026-06-07 23:43:38,0.999,5,4.995,dc8b36bb-5481-4847-8118-591acfba52de,True,2026-06-07 23:44:55,1.0,5,5.0,,SETTLEMENT,0.0050000000000000044,0.10010010010010019,77,WIN,False,,,,NO
16,2026-06-08,2026-06-08 00:01:03,2026-06-08 00:14:58,KXETH15M-26JUN080015-15,14.06,14.065000000000001,0.005000000000000782,0.035561877667146385,1,NO,2026-06-08 00:12:57,0.999,5,4.995,2c7023a1-5af7-44b0-9f0a-4ecffafce873,True,2026-06-08 00:14:58,1.0,5,5.0,,SETTLEMENT,0.0050000000000000044,0.10010010010010019,121,WIN,False,,,,NO
17,2026-06-08,2026-06-08 00:16:14,2026-06-08 00:29:58,KXETH15M-26JUN080030-30,14.07,14.075,0.004999999999999005,0.03553660270077474,1,NO,2026-06-08 00:29:26,0.999,5,4.995,09b24f9a-4257-4828-b23f-78d34d12716b,True,2026-06-08 00:29:58,1.0,5,5.0,,SETTLEMENT,0.0050000000000000044,0.10010010010010019,32,WIN,False,,,,NO
19,2026-06-08,2026-06-08 00:46:02,2026-06-08 00:59:59,KXETH15M-26JUN080100-00,14.08,14.09,0.009999999999999787,0.07102272727272575,1,YES,2026-06-08 00:58:37,0.998,5,4.99,916ae5f2-994b-4616-a8e1-f0a96f5ccfc6,True,2026-06-08 00:59:59,1.0,5,5.0,,SETTLEMENT,0.010000000000000009,0.20040080160320656,82,WIN,False,,,,YES
20,2026-06-08,2026-06-08 01:01:09,2026-06-08 01:14:55,KXETH15M-26JUN080115-15,14.1,14.105,0.005000000000000782,0.03546099290780696,1,NO,2026-06-08 01:13:05,0.999,5,4.995,b9e04814-2d80-449b-bfc3-858ed53c99a2,True,2026-06-08 01:14:55,1.0,5,5.0,,SETTLEMENT,0.0050000000000000044,0.10010010010010019,110,WIN,False,,,,NO
21,2026-06-08,2026-06-08 01:16:13,2026-06-08 01:29:56,KXETH15M-26JUN080130-30,14.11,14.114999999999998,0.004999999999999005,0.03543586109141748,1,YES,2026-06-08 01:28:00,0.999,5,4.995,df35eb34-3205-4d4e-9554-91de0fd8f1f6,True,2026-06-08 01:29:56,1.0,5,5.0,,SETTLEMENT,0.0050000000000000044,0.10010010010010019,116,WIN,False,,,,YES
22,2026-06-08,2026-06-08 01:31:08,2026-06-08 01:44:59,KXETH15M-26JUN080145-45,14.11,14.114999999999998,0.004999999999999005,0.03543586109141748,1,NO,2026-06-08 01:42:42,0.999,5,4.995,7f33d734-3603-4e2d-b7c0-b3e326de8e0d,True,2026-06-08 01:44:59,1.0,5,5.0,,SETTLEMENT,0.0050000000000000044,0.10010010010010019,137,WIN,False,,,,NO
23,2026-06-08,2026-06-08 01:46:08,2026-06-08 01:59:59,KXETH15M-26JUN080200-00,14.12,14.129999999999999,0.009999999999999787,0.070821529745041,1,YES,2026-06-08 01:58:05,0.998,5,4.99,36d0c71f-a1eb-4aaa-89cf-4685fc337fe9,True,2026-06-08 01:59:59,1.0,5,5.0,,SETTLEMENT,0.010000000000000009,0.20040080160320656,114,WIN,False,,,,YES
24,2026-06-08,2026-06-08 02:01:09,2026-06-08 02:14:56,KXETH15M-26JUN080215-15,14.14,14.145,0.004999999999999005,0.035360678925028324,1,YES,2026-06-08 02:13:06,0.999,5,4.995,68405fba-07cc-4443-add1-3d22febfbc70,True,2026-06-08 02:14:56,1.0,5,5.0,,SETTLEMENT,0.0050000000000000044,0.10010010010010019,110,WIN,False,,,,YES
25,2026-06-08,2026-06-08 02:16:14,2026-06-08 02:29:58,KXETH15M-26JUN080230-30,14.15,14.165,0.014999999999998792,0.10600706713780066,1,YES,2026-06-08 02:28:06,0.9970000000000001,5,4.985,2c6c9c9e-4a75-4811-b877-7504bee04e88,True,2026-06-08 02:29:58,1.0,5,5.0,,SETTLEMENT,0.014999999999999458,0.3009027081243622,112,WIN,False,,,,YES
26,2026-06-08,2026-06-08 02:31:08,2026-06-08 02:44:55,KXETH15M-26JUN080245-45,14.17,14.175,0.005000000000000782,0.03528581510233438,1,NO,2026-06-08 02:42:59,0.999,5,4.995,1aed6c40-ef22-4cd7-84bc-08240cd566e0,True,2026-06-08 02:44:55,1.0,5,5.0,,SETTLEMENT,0.0050000000000000044,0.10010010010010019,116,WIN,False,,,,NO
28,2026-06-08,2026-06-08 03:01:02,2026-06-08 03:14:59,KXETH15M-26JUN080315-15,14.19,14.195,0.005000000000000782,0.03523608174771516,1,YES,2026-06-08 03:13:33,0.999,5,4.995,609abb4b-5cd1-4bb5-bddb-b2dae6a44cee,True,2026-06-08 03:14:59,1.0,5,5.0,,SETTLEMENT,0.0050000000000000044,0.10010010010010019,86,WIN,False,,,,YES
29,2026-06-08,2026-06-08 03:16:08,2026-06-08 03:29:59,KXETH15M-26JUN080330-30,14.2,14.204999999999998,0.004999999999999005,0.0352112676056268,1,YES,2026-06-08 03:28:00,0.999,5,4.995,dcf0b37b-3b82-4076-a1f2-fbf8f714410e,True,2026-06-08 03:29:59,1.0,5,5.0,,SETTLEMENT,0.0050000000000000044,0.10010010010010019,119,WIN,False,,,,YES
31,2026-06-08,2026-06-08 03:46:02,2026-06-08 03:59:58,KXETH15M-26JUN080400-00,14.22,14.27,0.049999999999998934,0.35161744022502767,1,NO,2026-06-08 03:59:27,0.99,5,4.95,b6248b06-d327-471d-ace5-de0fe8c8e554,True,2026-06-08 03:59:58,1.0,5,5.0,,SETTLEMENT,0.050000000000000044,1.0101010101010108,31,WIN,False,,,,NO
32,2026-06-08,2026-06-08 04:01:09,2026-06-08 04:14:56,KXETH15M-26JUN080415-15,14.27,14.274999999999999,0.004999999999999005,0.03503854239662933,1,NO,2026-06-08 04:13:36,0.999,5,4.995,31c68e40-9f4a-4f9a-85eb-ddf75221bc66,True,2026-06-08 04:14:56,1.0,5,5.0,,SETTLEMENT,0.0050000000000000044,0.10010010010010019,80,WIN,False,,,,NO
33,2026-06-08,2026-06-08 04:16:08,2026-06-08 04:30:00,KXETH15M-26JUN080430-30,14.28,14.299999999999999,0.019999999999999574,0.14005602240896062,1,NO,2026-06-08 04:28:42,0.9960000000000001,5,4.98,55adf146-0178-4656-9e5e-984a7cc25e8c,True,2026-06-08 04:30:00,1.0,5,5.0,,SETTLEMENT,0.019999999999999463,0.4016064257028005,78,WIN,False,,,,NO
34,2026-06-08,2026-06-08 04:31:08,2026-06-08 04:44:55,KXETH15M-26JUN080445-45,14.31,14.315000000000001,0.005000000000000782,0.03494060097834229,1,NO,2026-06-08 04:44:05,0.999,5,4.995,473aae45-a99d-44ee-bc5a-105f20f49316,True,2026-06-08 04:44:55,1.0,5,5.0,,SETTLEMENT,0.0050000000000000044,0.10010010010010019,50,WIN,False,,,,NO
35,2026-06-08,2026-06-08 04:46:14,2026-06-08 04:59:59,KXETH15M-26JUN080500-00,14.31,14.32,0.009999999999999787,0.06988120195667216,1,NO,2026-06-08 04:57:59,0.998,5,4.99,d623982c-2ad1-4a3b-97b3-a276df35bf84,True,2026-06-08 04:59:59,1.0,5,5.0,,SETTLEMENT,0.010000000000000009,0.20040080160320656,120,WIN,False,,,,NO
36,2026-06-08,2026-06-08 05:01:14,2026-06-08 05:14:59,KXETH15M-26JUN080515-15,14.32,14.325,0.004999999999999005,0.03491620111731149,1,NO,2026-06-08 05:14:33,0.999,5,4.995,3b052a0e-9784-4cc4-b872-6bfdcb9e1278,True,2026-06-08 05:14:59,1.0,5,5.0,,SETTLEMENT,0.0050000000000000044,0.10010010010010019,26,WIN,False,,,,NO
37,2026-06-08,2026-06-08 05:16:08,2026-06-08 05:29:57,KXETH15M-26JUN080530-30,14.33,14.335,0.005000000000000782,0.03489183531054279,1,YES,2026-06-08 05:29:31,0.999,5,4.995,8c502e09-ac4b-4a8a-b8ee-5369f687f0e4,True,2026-06-08 05:29:57,1.0,5,5.0,,SETTLEMENT,0.0050000000000000044,0.10010010010010019,26,WIN,False,,,,YES
38,2026-06-08,2026-06-08 05:31:08,2026-06-08 05:44:58,KXETH15M-26JUN080545-45,14.34,14.344999999999999,0.004999999999999005,0.03486750348674342,1,NO,2026-06-08 05:44:28,0.999,5,4.995,41a2d8ea-9fcd-4fcb-a858-2eba897a46aa,True,2026-06-08 05:44:58,1.0,5,5.0,,SETTLEMENT,0.0050000000000000044,0.10010010010010019,30,WIN,False,,,,NO
39,2026-06-08,2026-06-08 05:46:08,2026-06-08 05:59:59,KXETH15M-26JUN080600-00,14.35,14.355,0.005000000000000782,0.03484320557491834,1,YES,2026-06-08 05:57:41,0.999,5,4.995,90eb7cda-e1ac-489a-94ec-3cffeadf7611,True,2026-06-08 05:59:59,1.0,5,5.0,,SETTLEMENT,0.0050000000000000044,0.10010010010010019,138,WIN,False,,,,YES
40,2026-06-08,2026-06-08 06:01:15,2026-06-08 06:14:55,KXETH15M-26JUN080615-15,14.36,14.41,0.05000000000000071,0.3481894150417877,1,NO,2026-06-08 06:14:07,0.99,5,4.95,8bb1b673-9721-484a-a3e3-2a0a36652340,True,2026-06-08 06:14:55,1.0,5,5.0,,SETTLEMENT,0.050000000000000044,1.0101010101010108,48,WIN,False,,,,NO
41,2026-06-08,2026-06-08 06:16:08,2026-06-08 06:29:57,KXETH15M-26JUN080630-30,14.41,14.415,0.004999999999999005,0.03469812630117283,1,NO,2026-06-08 06:27:43,0.999,5,4.995,ee218e61-2fd3-4fff-aec3-a7b7624b6b8b,True,2026-06-08 06:29:57,1.0,5,5.0,,SETTLEMENT,0.0050000000000000044,0.10010010010010019,134,WIN,False,,,,NO
42,2026-06-08,2026-06-08 06:31:08,2026-06-08 06:44:55,KXETH15M-26JUN080645-45,14.42,14.425,0.005000000000000782,0.03467406380028282,1,YES,2026-06-08 06:42:40,0.999,5,4.995,02ecb787-1b9e-4b67-a516-67dfd8d728c4,True,2026-06-08 06:44:55,1.0,5,5.0,,SETTLEMENT,0.0050000000000000044,0.10010010010010019,135,WIN,False,,,,YES
44,2026-06-08,2026-06-08 07:01:01,2026-06-08 07:14:58,KXETH15M-26JUN080715-15,14.44,14.445,0.005000000000000782,0.03462603878116885,1,YES,2026-06-08 07:12:46,0.999,5,4.995,d02b58c9-590c-4b99-945d-7775ad49e820,True,2026-06-08 07:14:58,1.0,5,5.0,,SETTLEMENT,0.0050000000000000044,0.10010010010010019,132,WIN,False,,,,YES
45,2026-06-08,2026-06-08 07:16:14,2026-06-08 07:29:57,KXETH15M-26JUN080730-30,14.45,14.454999999999998,0.004999999999999005,0.03460207612456059,1,YES,2026-06-08 07:27:42,0.999,5,4.995,dbd1e9ac-33b5-4861-829f-5f63d5dbfd7a,True,2026-06-08 07:29:57,1.0,5,5.0,,SETTLEMENT,0.0050000000000000044,0.10010010010010019,135,WIN,False,,,,YES
46,2026-06-08,2026-06-08 07:31:48,2026-06-08 07:44:55,KXETH15M-26JUN080745-45,14.46,14.46,0.0,0.0,1,YES,2026-06-08 07:44:32,0.999,1,0.999,641abef7-e9cf-49b4-b864-69a76d713b27,True,2026-06-08 07:44:55,0.999,1,0.999,a2716f3c-9e58-4b1d-aa16-45288919dd90,MANUAL_STOP_LOSS,0.0,0.0,23,WIN,False,,,,
47,2026-06-08,2026-06-08 07:46:02,2026-06-08 07:59:55,KXETH15M-26JUN080800-00,14.46,14.465,0.004999999999999005,0.03457814661133475,1,NO,2026-06-08 07:58:01,0.999,5,4.995,965bdb1e-5b9c-423d-9525-4db220e4ab1a,True,2026-06-08 07:59:55,1.0,5,5.0,,SETTLEMENT,0.0050000000000000044,0.10010010010010019,114,WIN,False,,,,NO
48,2026-06-08,2026-06-08 08:01:08,2026-06-08 08:14:58,KXETH15M-26JUN080815-15,14.47,14.475000000000001,0.005000000000000782,0.03455425017277665,1,NO,2026-06-08 08:13:02,0.999,5,4.995,f472f349-44df-4de2-8e91-0b901fae3936,True,2026-06-08 08:14:58,1.0,5,5.0,,SETTLEMENT,0.0050000000000000044,0.10010010010010019,116,WIN,False,,,,NO
49,2026-06-08,2026-06-08 08:16:13,2026-06-08 08:29:58,KXETH15M-26JUN080830-30,14.48,14.49,0.009999999999999787,0.0690607734806615,1,YES,2026-06-08 08:28:42,0.998,5,4.99,869e451c-f1e5-4a5d-af9f-62a1b23f2536,True,2026-06-08 08:29:58,1.0,5,5.0,,SETTLEMENT,0.010000000000000009,0.20040080160320656,76,WIN,False,,,,YES
1,2026-06-08,2026-06-08 08:37:06,2026-06-08 08:44:59,KXETH15M-26JUN080845-45,14.5,14.501,0.0009999999999994458,0.0068965517241341085,1,YES,2026-06-08 08:43:29,0.999,1,0.999,9642d921-f5d1-412a-b2f6-246495241c23,True,2026-06-08 08:44:59,1.0,1,1.0,,SETTLEMENT,0.0010000000000000009,0.10010010010010019,90,WIN,False,,,,YES
2,2026-06-08,2026-06-08 08:46:14,2026-06-08 08:59:57,KXETH15M-26JUN080900-00,14.5,14.501,0.0009999999999994458,0.0068965517241341085,1,YES,2026-06-08 08:59:04,0.999,1,0.999,1dda19eb-19e0-4226-a65b-265321366535,True,2026-06-08 08:59:57,1.0,1,1.0,,SETTLEMENT,0.0010000000000000009,0.10010010010010019,53,WIN,False,,,,YES
3,2026-06-08,2026-06-08 09:01:15,2026-06-08 09:14:55,KXETH15M-26JUN080915-15,15.83,15.836,0.006000000000000227,0.03790271636134067,1,NO,2026-06-08 09:14:20,0.999,6,5.994,5162461b-f653-48c1-bada-2bbaba6ae444,True,2026-06-08 09:14:55,1.0,6,6.0,,SETTLEMENT,0.006000000000000005,0.10010010010010019,35,WIN,False,,,,NO
4,2026-06-08,2026-06-08 09:16:14,2026-06-08 09:29:56,KXETH15M-26JUN080930-30,15.83,15.836,0.006000000000000227,0.03790271636134067,1,NO,2026-06-08 09:28:59,0.999,6,5.994,1ec35439-eaec-4b37-8dd0-48cedd7e4ea2,True,2026-06-08 09:29:56,1.0,6,6.0,,SETTLEMENT,0.006000000000000005,0.10010010010010019,57,WIN,False,,,,NO
5,2026-06-08,2026-06-08 09:31:14,2026-06-08 09:44:56,KXETH15M-26JUN080945-45,15.84,15.846,0.006000000000000227,0.037878787878789316,1,NO,2026-06-08 09:43:51,0.999,6,5.994,ef76b4bf-0bd2-45b5-9f2f-b205a4b63c5e,True,2026-06-08 09:44:56,1.0,6,6.0,,SETTLEMENT,0.006000000000000005,0.10010010010010019,65,WIN,False,,,,NO
1,2026-06-08,2026-06-08 10:00:59,2026-06-08 10:14:56,KXETH15M-26JUN081015-15,15.85,15.856,0.006000000000000227,0.0378548895899068,1,YES,2026-06-08 10:13:56,0.999,6,5.994,296cf988-7d64-4c99-8dbf-3d50a3c80df0,True,2026-06-08 10:14:56,1.0,6,6.0,,SETTLEMENT,0.006000000000000005,0.10010010010010019,60,WIN,False,,,,YES
2,2026-06-08,2026-06-08 10:16:13,2026-06-08 10:29:56,KXETH15M-26JUN081030-30,15.87,15.876,0.006000000000000227,0.037807183364840756,1,NO,2026-06-08 10:29:24,0.999,6,5.994,8e30fc65-d2fe-461a-94f3-a14c45f712a2,True,2026-06-08 10:29:56,1.0,6,6.0,,SETTLEMENT,0.006000000000000005,0.10010010010010019,32,WIN,False,,,,NO
4,2026-06-08,2026-06-08 10:46:02,2026-06-08 10:59:56,KXETH15M-26JUN081100-00,15.88,15.886000000000001,0.006000000000000227,0.037783375314862894,1,YES,2026-06-08 10:57:40,0.999,6,5.994,b6b4ce6a-88c5-439d-90ae-c3c4b19790d2,True,2026-06-08 10:59:56,1.0,6,6.0,,SETTLEMENT,0.006000000000000005,0.10010010010010019,136,WIN,False,,,,YES
5,2026-06-08,2026-06-08 11:01:14,2026-06-08 11:14:56,KXETH15M-26JUN081115-15,15.89,15.896,0.006000000000000227,0.0377595972309643,1,YES,2026-06-08 11:12:54,0.999,6,5.994,44a693ba-05b0-4e81-b49e-06efc53242bc,True,2026-06-08 11:14:56,1.0,6,6.0,,SETTLEMENT,0.006000000000000005,0.10010010010010019,122,WIN,False,,,,YES
6,2026-06-08,2026-06-08 11:16:13,2026-06-08 11:29:55,KXETH15M-26JUN081130-30,15.91,15.916,0.006000000000000227,0.037712130735387976,1,NO,2026-06-08 11:29:07,0.999,6,5.994,6575fbb7-74ae-474b-bd55-8246087d7164,True,2026-06-08 11:29:55,1.0,6,6.0,,SETTLEMENT,0.006000000000000005,0.10010010010010019,48,WIN,False,,,,NO
7,2026-06-08,2026-06-08 11:31:13,2026-06-08 11:44:58,KXETH15M-26JUN081145-45,15.92,15.926,0.006000000000000227,0.0376884422110567,1,NO,2026-06-08 11:43:41,0.999,6,5.994,9ea9ae22-0006-4eee-9f14-fbfe88175d80,True,2026-06-08 11:44:58,1.0,6,6.0,,SETTLEMENT,0.006000000000000005,0.10010010010010019,77,WIN,False,,,,NO
8,2026-06-08,2026-06-08 11:46:08,2026-06-08 12:00:03,KXETH15M-26JUN081200-00,15.93,15.936,0.006000000000000227,0.037664783427496726,1,NO,2026-06-08 11:59:07,0.999,6,5.994,09b66167-becb-4982-bb2e-077c0e6592b2,True,2026-06-08 12:00:03,1.0,6,6.0,,SETTLEMENT,0.006000000000000005,0.10010010010010019,56,WIN,False,,,,NO
9,2026-06-08,2026-06-08 12:01:11,2026-06-08 12:14:56,KXETH15M-26JUN081215-15,15.94,15.946,0.006000000000000227,0.037641154328734175,1,YES,2026-06-08 12:12:57,0.999,6,5.994,e98a23b2-910b-40f3-b6a8-2e7e56592871,True,2026-06-08 12:14:56,1.0,6,6.0,,SETTLEMENT,0.006000000000000005,0.10010010010010019,119,WIN,False,,,,YES
10,2026-06-08,2026-06-08 12:16:08,2026-06-08 12:29:59,KXETH15M-26JUN081230-30,15.95,15.956,0.006000000000000227,0.0376175548589356,1,YES,2026-06-08 12:29:30,0.999,6,5.994,d053b99e-7642-4ee3-b568-8b44987f0172,True,2026-06-08 12:29:59,1.0,6,6.0,,SETTLEMENT,0.006000000000000005,0.10010010010010019,29,WIN,False,,,,YES
11,2026-06-08,2026-06-08 12:31:08,2026-06-08 12:44:57,KXETH15M-26JUN081245-45,15.96,15.965,0.004999999999999005,0.03132832080199878,1,NO,2026-06-08 12:43:12,0.999,5,4.995,4136cac6-b4ae-44e0-b4c0-dad3cc378e61,True,2026-06-08 12:44:57,1.0,5,5.0,,SETTLEMENT,0.0050000000000000044,0.10010010010010019,105,WIN,False,,,,NO
12,2026-06-08,2026-06-08 12:46:08,2026-06-08 12:59:59,KXETH15M-26JUN081300-00,15.97,15.976,0.006000000000000227,0.03757044458359566,1,NO,2026-06-08 12:58:13,0.999,6,5.994,9911064f-dc24-4eab-b9bb-6686b8db4ca4,True,2026-06-08 12:59:59,1.0,6,6.0,,SETTLEMENT,0.006000000000000005,0.10010010010010019,106,WIN,False,,,,NO
13,2026-06-08,2026-06-08 13:01:09,2026-06-08 13:14:57,KXETH15M-26JUN081315-15,15.98,15.986,0.006000000000000227,0.03754693366708528,1,NO,2026-06-08 13:13:33,0.999,6,5.994,345ced71-1504-4d0a-a42b-fba54b15a08d,True,2026-06-08 13:14:57,1.0,6,6.0,,SETTLEMENT,0.006000000000000005,0.10010010010010019,84,WIN,False,,,,NO
14,2026-06-08,2026-06-08 13:16:14,2026-06-08 13:29:58,KXETH15M-26JUN081330-30,15.99,15.996,0.006000000000000227,0.03752345215759992,1,YES,2026-06-08 13:27:47,0.999,6,5.994,09478235-5054-41ae-ab89-fbaa90644cd7,True,2026-06-08 13:29:58,1.0,6,6.0,,SETTLEMENT,0.006000000000000005,0.10010010010010019,131,WIN,False,,,,YES
15,2026-06-08,2026-06-08 13:31:08,2026-06-08 13:44:55,KXETH15M-26JUN081345-45,16.0,16.006,0.006000000000000227,0.03750000000000142,1,NO,2026-06-08 13:44:02,0.999,6,5.994,3889c65c-d70c-4b26-a7b1-5dfe2cda46b8,True,2026-06-08 13:44:55,1.0,6,6.0,,SETTLEMENT,0.006000000000000005,0.10010010010010019,53,WIN,False,,,,NO
16,2026-06-08,2026-06-08 13:46:13,2026-06-08 13:59:55,KXETH15M-26JUN081400-00,16.02,16.026,0.006000000000000227,0.037453183520600675,1,YES,2026-06-08 13:57:59,0.999,6,5.994,3ff73b2d-7a3e-4bb3-bc41-37793b23dc28,True,2026-06-08 13:59:55,1.0,6,6.0,,SETTLEMENT,0.006000000000000005,0.10010010010010019,116,WIN,False,,,,YES
17,2026-06-08,2026-06-08 14:01:08,2026-06-08 14:14:55,KXETH15M-26JUN081415-15,16.03,16.036,0.006000000000000227,0.03742981908920916,1,YES,2026-06-08 14:13:59,0.999,6,5.994,64edfcd8-cd2f-415b-86d9-bf7a02a74067,True,2026-06-08 14:14:55,1.0,6,6.0,,SETTLEMENT,0.006000000000000005,0.10010010010010019,56,WIN,False,,,,YES
19,2026-06-08,2026-06-08 14:31:02,2026-06-08 14:44:56,KXETH15M-26JUN081445-45,16.04,16.046,0.006000000000000227,0.03740648379052511,1,NO,2026-06-08 14:43:06,0.999,6,5.994,4f2f9e82-c1cd-48a8-ab2c-a2747cb26b9f,True,2026-06-08 14:44:56,1.0,6,6.0,,SETTLEMENT,0.006000000000000005,0.10010010010010019,110,WIN,False,,,,NO
20,2026-06-08,2026-06-08 14:46:08,2026-06-08 14:59:56,KXETH15M-26JUN081500-00,16.05,16.056,0.006000000000000227,0.03738317757009487,1,YES,2026-06-08 14:59:32,0.999,6,5.994,49b961c0-01d3-4790-9af5-b7cf64b120a0,True,2026-06-08 14:59:56,1.0,6,6.0,,SETTLEMENT,0.006000000000000005,0.10010010010010019,24,WIN,False,,,,YES
21,2026-06-08,2026-06-08 15:01:09,2026-06-08 15:14:42,KXETH15M-26JUN081515-15,16.07,16.04,-0.030000000000001137,-0.18668326073429456,1,YES,2026-06-08 15:14:09,0.999,6,5.994,8bb04437-4a32-42f1-9a8f-7e8c8f0991b5,True,2026-06-08 15:14:42,0.9940000000000001,6,5.964,d8f9ba86-ed2f-4876-a35d-5550e24dbcbd,MANUAL_STOP_LOSS,-0.02999999999999936,-0.5005005005004898,33,LOSS,False,,,,
22,2026-06-08,2026-06-08 15:16:02,2026-06-08 15:29:55,KXETH15M-26JUN081530-30,16.03,16.036,0.006000000000000227,0.03742981908920916,1,YES,2026-06-08 15:28:51,0.999,6,5.994,ca994a62-b759-4b35-8589-a83419b22ead,True,2026-06-08 15:29:55,1.0,6,6.0,,SETTLEMENT,0.006000000000000005,0.10010010010010019,64,WIN,False,,,,YES
23,2026-06-08,2026-06-08 15:31:14,2026-06-08 15:44:57,KXETH15M-26JUN081545-45,16.04,16.046,0.006000000000000227,0.03740648379052511,1,YES,2026-06-08 15:43:51,0.999,6,5.994,99fb5c13-b965-40cc-9dd6-07949addd4a5,True,2026-06-08 15:44:57,1.0,6,6.0,,SETTLEMENT,0.006000000000000005,0.10010010010010019,66,WIN,False,,,,YES
24,2026-06-08,2026-06-08 15:46:13,2026-06-08 15:59:55,KXETH15M-26JUN081600-00,16.05,16.056,0.006000000000000227,0.03738317757009487,1,NO,2026-06-08 15:57:53,0.999,6,5.994,8322183c-7d44-4ba3-82a7-2462eef08d63,True,2026-06-08 15:59:55,1.0,6,6.0,,SETTLEMENT,0.006000000000000005,0.10010010010010019,122,WIN,False,,,,NO
25,2026-06-08,2026-06-08 16:01:03,2026-06-08 16:14:59,KXETH15M-26JUN081615-15,16.06,16.066,0.006000000000000227,0.03735990037360042,1,NO,2026-06-08 16:13:54,0.999,6,5.994,21bcf674-f444-400b-90d6-66c4760d8475,True,2026-06-08 16:14:59,1.0,6,6.0,,SETTLEMENT,0.006000000000000005,0.10010010010010019,65,WIN,False,,,,NO
1,2026-06-08,2026-06-08 17:45:37,2026-06-08 17:59:59,KXETH15M-26JUN081800-00,16.07,16.076,0.006000000000000227,0.03733665214685891,1,NO,2026-06-08 17:57:40,0.999,6,5.994,d2634ba5-b117-491a-9db8-e055fbb4f8c7,True,2026-06-08 17:59:59,1.0,6,6.0,,SETTLEMENT,0.006000000000000005,0.10010010010010019,139,WIN,False,,,,NO
2,2026-06-08,2026-06-08 18:01:04,2026-06-08 18:14:56,KXETH15M-26JUN081815-15,16.08,16.086,0.006000000000000227,0.037313432835822315,1,NO,2026-06-08 18:12:50,0.999,6,5.994,3b161ff9-841f-4bfa-8837-0f2ae71c8d19,True,2026-06-08 18:14:56,1.0,6,6.0,,SETTLEMENT,0.006000000000000005,0.10010010010010019,126,WIN,False,,,,NO
3,2026-06-08,2026-06-08 18:16:14,2026-06-08 18:29:59,KXETH15M-26JUN081830-30,16.09,16.096,0.006000000000000227,0.037290242386576924,1,YES,2026-06-08 18:28:46,0.999,6,5.994,e678a357-dfde-4a92-9949-26c8082c21db,True,2026-06-08 18:29:59,1.0,6,6.0,,SETTLEMENT,0.006000000000000005,0.10010010010010019,73,WIN,False,,,,YES
4,2026-06-08,2026-06-08 18:31:14,2026-06-08 18:44:55,KXETH15M-26JUN081845-45,16.1,16.106,0.006000000000000227,0.037267080745343024,1,YES,2026-06-08 18:44:15,0.999,6,5.994,a634c886-1e88-4d99-9e00-b5c67c246969,True,2026-06-08 18:44:55,1.0,6,6.0,,SETTLEMENT,0.006000000000000005,0.10010010010010019,40,WIN,False,,,,YES
5,2026-06-08,2026-06-08 18:46:08,2026-06-08 19:00:07,KXETH15M-26JUN081900-00,16.12,16.132,0.012000000000000455,0.07444168734491596,1,YES,2026-06-08 18:57:42,0.9979999999999999,6,5.9879999999999995,2aa50372-2e7b-4ef1-b545-97917b8aa59f,True,2026-06-08 19:00:07,1.0,6,6.0,,SETTLEMENT,0.012000000000000677,0.20040080160321772,145,WIN,False,,,,YES
6,2026-06-08,2026-06-08 19:01:09,2026-06-08 19:14:59,KXETH15M-26JUN081915-15,16.14,16.146,0.006000000000000227,0.03717472118959249,1,YES,2026-06-08 19:12:41,0.999,6,5.994,455fd818-ac29-45d8-b3da-9f7773f3be73,True,2026-06-08 19:14:59,1.0,6,6.0,,SETTLEMENT,0.006000000000000005,0.10010010010010019,138,WIN,False,,,,YES
7,2026-06-08,2026-06-08 19:16:15,2026-06-08 19:29:56,KXETH15M-26JUN081930-30,16.15,16.156,0.006000000000000227,0.03715170278637912,1,NO,2026-06-08 19:27:56,0.999,6,5.994,a3a56646-71da-41f0-8610-bc293d3cc5f9,True,2026-06-08 19:29:56,1.0,6,6.0,,SETTLEMENT,0.006000000000000005,0.10010010010010019,120,WIN,False,,,,NO
8,2026-06-08,2026-06-08 19:31:14,2026-06-08 19:44:56,KXETH15M-26JUN081945-45,16.16,16.166,0.006000000000000227,0.037128712871288536,1,NO,2026-06-08 19:44:25,0.999,6,5.994,9919f671-887a-4df5-a3a4-20041a848ce1,True,2026-06-08 19:44:56,1.0,6,6.0,,SETTLEMENT,0.006000000000000005,0.10010010010010019,31,WIN,False,,,,NO
9,2026-06-08,2026-06-08 19:46:09,2026-06-08 19:59:55,KXETH15M-26JUN082000-00,16.16,16.172,0.012000000000000455,0.07425742574257707,1,NO,2026-06-08 19:58:13,0.9979999999999999,6,5.9879999999999995,e1083b76-932c-4d11-be73-610f3bd58f62,True,2026-06-08 19:59:55,1.0,6,6.0,,SETTLEMENT,0.012000000000000677,0.20040080160321772,102,WIN,False,,,,NO
10,2026-06-08,2026-06-08 20:01:13,2026-06-08 20:14:56,KXETH15M-26JUN082015-15,16.18,16.186,0.006000000000000227,0.037082818294191765,1,NO,2026-06-08 20:13:46,0.999,6,5.994,8e6686d7-dbef-47a3-8980-bb92ce14b563,True,2026-06-08 20:14:56,1.0,6,6.0,,SETTLEMENT,0.006000000000000005,0.10010010010010019,70,WIN,False,,,,NO
11,2026-06-08,2026-06-08 20:16:10,2026-06-08 20:29:55,KXETH15M-26JUN082030-30,16.2,16.206,0.006000000000000227,0.037037037037038444,1,NO,2026-06-08 20:27:44,0.999,6,5.994,cca595de-c357-4606-a84d-9dd5cf338444,True,2026-06-08 20:29:55,1.0,6,6.0,,SETTLEMENT,0.006000000000000005,0.10010010010010019,131,WIN,False,,,,NO
12,2026-06-08,2026-06-08 20:31:08,2026-06-08 20:44:57,KXETH15M-26JUN082045-45,16.21,16.216,0.006000000000000227,0.03701418877236414,1,NO,2026-06-08 20:43:43,0.999,6,5.994,35250163-4f48-454c-9e6d-8fafe5763f92,True,2026-06-08 20:44:57,1.0,6,6.0,,SETTLEMENT,0.006000000000000005,0.10010010010010019,74,WIN,False,,,,NO
13,2026-06-08,2026-06-08 20:46:09,2026-06-08 20:59:58,KXETH15M-26JUN082100-00,16.23,16.236,0.006000000000000227,0.03696857670979808,1,NO,2026-06-08 20:57:40,0.999,6,5.994,727c311b-c538-47a0-8aa4-78016e493951,True,2026-06-08 20:59:58,1.0,6,6.0,,SETTLEMENT,0.006000000000000005,0.10010010010010019,138,WIN,False,,,,NO
1,2026-06-08,2026-06-08 21:15:24,2026-06-08 21:29:56,KXETH15M-26JUN082130-30,16.38,16.386,0.006000000000000227,0.03663003663003802,1,YES,2026-06-08 21:28:39,0.999,6,5.994,42bca32f-5ba5-4de6-8dec-f3ecbc3cc3df,True,2026-06-08 21:29:56,1.0,6,6.0,,SETTLEMENT,0.006000000000000005,0.10010010010010019,77,WIN,False,,,,YES
4,2026-06-08,2026-06-08 22:01:04,2026-06-08 22:14:56,KXETH15M-26JUN082215-15,16.41,16.416,0.006000000000000227,0.03656307129799041,1,NO,2026-06-08 22:14:39,0.999,6,5.994,a55ded7a-6dfb-4ae7-b795-ea4c059b227f,True,2026-06-08 22:14:56,1.0,6,6.0,,SETTLEMENT,0.006000000000000005,0.10010010010010019,17,WIN,False,,,,NO
5,2026-06-08,2026-06-08 22:16:14,2026-06-08 22:29:57,KXETH15M-26JUN082230-30,16.42,16.432000000000002,0.012000000000000455,0.07308160779537426,1,NO,2026-06-08 22:28:02,0.9979999999999999,6,5.9879999999999995,17d86c04-a91e-4afb-9264-db61137ee999,True,2026-06-08 22:29:57,1.0,6,6.0,,SETTLEMENT,0.012000000000000677,0.20040080160321772,115,WIN,False,,,,NO
1,2026-06-08,2026-06-08 22:35:09,2026-06-08 22:44:58,KXETH15M-26JUN082245-45,17.56,17.573999999999998,0.013999999999999346,0.0797266514806341,1,NO,2026-06-08 22:43:08,0.998,7,6.986,cd787114-5016-4bdb-ba5b-b1041329a1f9,True,2026-06-08 22:44:58,1.0,7,7.0,,SETTLEMENT,0.014000000000000012,0.2004008016032066,110,WIN,False,,,,NO
2,2026-06-08,2026-06-08 22:46:14,2026-06-08 22:59:55,KXETH15M-26JUN082300-00,17.58,17.586999999999996,0.006999999999997897,0.03981797497154663,1,YES,2026-06-08 22:57:58,0.999,7,6.993,5b66ffd8-2f71-4c83-80ea-2bfd5f9ddc81,True,2026-06-08 22:59:55,1.0,7,7.0,,SETTLEMENT,0.007000000000000006,0.10010010010010019,117,WIN,False,,,,YES
3,2026-06-08,2026-06-08 23:01:13,2026-06-08 23:14:58,KXETH15M-26JUN082315-15,17.6,17.607,0.006999999999997897,0.03977272727271532,1,YES,2026-06-08 23:14:16,0.999,7,6.993,87ff75e9-b2b8-4168-a784-964f014d8744,True,2026-06-08 23:14:58,1.0,7,7.0,,SETTLEMENT,0.007000000000000006,0.10010010010010019,42,WIN,False,,,,YES
5,2026-06-08,2026-06-08 23:31:02,2026-06-08 23:44:37,KXETH15M-26JUN082345-45,17.62,17.613,-0.0070000000000014495,-0.039727582292857264,1,NO,2026-06-08 23:44:09,0.999,7,6.993,53fdcd6e-2b5f-4d76-b868-43c789a43e06,True,2026-06-08 23:44:37,0.998,7,6.986,70d74102-17a0-406e-ad85-59fd1b2df347,MANUAL_STOP_LOSS,-0.007000000000000006,-0.10010010010010019,28,LOSS,False,,,,
6,2026-06-08,2026-06-08 23:46:03,2026-06-08 23:59:58,KXETH15M-26JUN090000-00,17.34,17.352,0.012000000000000455,0.06920415224913756,1,YES,2026-06-08 23:59:05,0.9979999999999999,6,5.9879999999999995,d8140cb0-7261-400a-9195-b22aefe6a997,True,2026-06-08 23:59:58,1.0,6,6.0,,SETTLEMENT,0.012000000000000677,0.20040080160321772,53,WIN,False,,,,YES
7,2026-06-09,2026-06-09 00:01:04,2026-06-09 00:15:00,KXETH15M-26JUN090015-15,17.36,17.366,0.006000000000000227,0.034562211981568135,1,YES,2026-06-09 00:14:29,0.999,6,5.994,bb4dd34e-58d6-458a-9eb0-55d3499626bd,True,2026-06-09 00:15:00,1.0,6,6.0,,SETTLEMENT,0.006000000000000005,0.10010010010010019,31,WIN,False,,,,YES
8,2026-06-09,2026-06-09 00:16:14,2026-06-09 00:29:56,KXETH15M-26JUN090030-30,17.37,17.376,0.006000000000000227,0.034542314335061754,1,NO,2026-06-09 00:28:14,0.999,6,5.994,0d5051b7-49d7-4394-8ed8-98f3a78391cb,True,2026-06-09 00:29:56,1.0,6,6.0,,SETTLEMENT,0.006000000000000005,0.10010010010010019,102,WIN,False,,,,NO
10,2026-06-09,2026-06-09 00:46:03,2026-06-09 00:59:59,KXETH15M-26JUN090100-00,17.38,17.386,0.006000000000000227,0.034522439585732034,1,YES,2026-06-09 00:59:02,0.999,6,5.994,083d0779-b2d6-4a17-9efa-9b684e0d8249,True,2026-06-09 00:59:59,1.0,6,6.0,,SETTLEMENT,0.006000000000000005,0.10010010010010019,57,WIN,False,,,,YES
13,2026-06-09,2026-06-09 01:31:03,2026-06-09 01:45:00,KXETH15M-26JUN090145-45,17.4,17.406,0.006000000000000227,0.034482758620690966,1,YES,2026-06-09 01:44:09,0.999,6,5.994,32a0930e-c330-487b-a923-3172029bff10,True,2026-06-09 01:45:00,1.0,6,6.0,,SETTLEMENT,0.006000000000000005,0.10010010010010019,51,WIN,False,,,,YES
14,2026-06-09,2026-06-09 01:46:08,2026-06-09 01:59:59,KXETH15M-26JUN090200-00,17.41,17.416,0.006000000000000227,0.03446295232625059,1,NO,2026-06-09 01:59:01,0.999,6,5.994,4c35e684-2898-40b9-a779-6fb38d7a605a,True,2026-06-09 01:59:59,1.0,6,6.0,,SETTLEMENT,0.006000000000000005,0.10010010010010019,58,WIN,False,,,,NO
16,2026-06-09,2026-06-09 02:16:03,2026-06-09 02:29:56,KXETH15M-26JUN090230-30,17.42,17.426000000000002,0.006000000000000227,0.03444316877152828,1,YES,2026-06-09 02:28:30,0.999,6,5.994,3c2364e7-8ca2-4ee5-a939-418eef482a98,True,2026-06-09 02:29:56,1.0,6,6.0,,SETTLEMENT,0.006000000000000005,0.10010010010010019,86,WIN,False,,,,YES
17,2026-06-09,2026-06-09 02:31:03,2026-06-09 02:44:57,KXETH15M-26JUN090245-45,17.43,17.436,0.006000000000000227,0.03442340791738512,1,NO,2026-06-09 02:43:36,0.999,6,5.994,2d780819-0351-4a7b-8d78-40453f97bdab,True,2026-06-09 02:44:57,1.0,6,6.0,,SETTLEMENT,0.006000000000000005,0.10010010010010019,81,WIN,False,,,,NO
18,2026-06-09,2026-06-09 02:46:09,2026-06-09 02:59:58,KXETH15M-26JUN090300-00,17.46,17.466,0.006000000000000227,0.03436426116838618,1,NO,2026-06-09 02:59:26,0.999,6,5.994,a1a0d7f6-c516-4480-b745-f7ee735b5f01,True,2026-06-09 02:59:58,1.0,6,6.0,,SETTLEMENT,0.006000000000000005,0.10010010010010019,32,WIN,False,,,,NO
19,2026-06-09,2026-06-09 03:01:09,2026-06-09 03:14:58,KXETH15M-26JUN090315-15,5.47,5.4719999999999995,0.0019999999999997797,0.03656307129798501,1,YES,2026-06-09 03:14:28,0.999,2,1.998,ba3c9e2b-063e-45b2-bf75-11cc983d7edd,True,2026-06-09 03:14:58,1.0,2,2.0,,SETTLEMENT,0.0020000000000000018,0.10010010010010019,30,WIN,False,,,,YES
20,2026-06-09,2026-06-09 03:16:09,2026-06-09 03:29:55,KXETH15M-26JUN090330-30,17.47,17.471,0.0010000000000012221,0.005724098454500413,1,NO,2026-06-09 03:28:50,0.999,1,0.999,e003df70-7448-4818-b7fa-9e7a837a7c58,True,2026-06-09 03:29:55,1.0,1,1.0,,SETTLEMENT,0.0010000000000000009,0.10010010010010019,65,WIN,False,,,,NO
21,2026-06-09,2026-06-09 03:31:03,2026-06-09 03:44:58,KXETH15M-26JUN090345-45,17.48,17.486,0.006000000000000227,0.03432494279176331,1,YES,2026-06-09 03:43:38,0.999,6,5.994,70fb49c3-f3e6-4b2b-a4ed-8a8ffd8b64a2,True,2026-06-09 03:44:58,1.0,6,6.0,,SETTLEMENT,0.006000000000000005,0.10010010010010019,80,WIN,False,,,,YES
23,2026-06-09,2026-06-09 04:01:03,2026-06-09 04:14:57,KXETH15M-26JUN090415-15,17.49,17.497,0.0070000000000014495,0.040022870211557746,1,NO,2026-06-09 04:13:37,0.999,7,6.993,9919084a-e762-4a21-accd-2f31342cb5c5,True,2026-06-09 04:14:57,1.0,7,7.0,,SETTLEMENT,0.007000000000000006,0.10010010010010019,80,WIN,False,,,,NO
25,2026-06-09,2026-06-09 04:31:02,2026-06-09 04:44:59,KXETH15M-26JUN090445-45,17.5,17.506999999999998,0.006999999999997897,0.03999999999998798,1,YES,2026-06-09 04:44:33,0.999,7,6.993,ec4dae3c-2bd1-4c92-93c2-86b65f25d95c,True,2026-06-09 04:44:59,1.0,7,7.0,,SETTLEMENT,0.007000000000000006,0.10010010010010019,26,WIN,False,,,,YES
26,2026-06-09,2026-06-09 04:46:08,2026-06-09 04:59:58,KXETH15M-26JUN090500-00,17.51,17.517000000000003,0.0070000000000014495,0.03997715591091633,1,NO,2026-06-09 04:59:31,0.999,7,6.993,4ee43b68-6996-4f5c-a777-44767344045c,True,2026-06-09 04:59:58,1.0,7,7.0,,SETTLEMENT,0.007000000000000006,0.10010010010010019,27,WIN,False,,,,NO
27,2026-06-09,2026-06-09 05:01:04,2026-06-09 05:14:55,KXETH15M-26JUN090515-15,17.53,17.537,0.006999999999997897,0.03993154592126581,1,YES,2026-06-09 05:14:31,0.999,7,6.993,f58afa2b-2207-41f2-9670-32a56e5c99cc,True,2026-06-09 05:14:55,1.0,7,7.0,,SETTLEMENT,0.007000000000000006,0.10010010010010019,24,WIN,False,,,,YES
28,2026-06-09,2026-06-09 05:16:13,2026-06-09 05:29:57,KXETH15M-26JUN090530-30,17.53,17.537,0.006999999999997897,0.03993154592126581,1,NO,2026-06-09 05:29:35,0.999,7,6.993,a28fe2c0-d6a4-4afc-b843-ea6ee7e76d53,True,2026-06-09 05:29:57,1.0,7,7.0,,SETTLEMENT,0.007000000000000006,0.10010010010010019,22,WIN,False,,,,NO
29,2026-06-09,2026-06-09 05:31:03,2026-06-09 05:44:55,KXETH15M-26JUN090545-45,17.54,17.546999999999997,0.006999999999997897,0.03990877993157296,1,NO,2026-06-09 05:43:06,0.999,7,6.993,2012b3e1-1811-4974-abcc-3e87e1082199,True,2026-06-09 05:44:55,1.0,7,7.0,,SETTLEMENT,0.007000000000000006,0.10010010010010019,109,WIN,False,,,,NO
32,2026-06-09,2026-06-09 06:16:03,2026-06-09 06:29:59,KXETH15M-26JUN090630-30,17.56,17.567,0.0070000000000014495,0.03986332574032716,1,YES,2026-06-09 06:29:28,0.999,7,6.993,a2630b29-4a63-4d92-aa57-2b6976c7f9f0,True,2026-06-09 06:29:59,1.0,7,7.0,,SETTLEMENT,0.007000000000000006,0.10010010010010019,31,WIN,False,,,,YES
34,2026-06-09,2026-06-09 06:46:03,2026-06-09 06:59:56,KXETH15M-26JUN090700-00,17.57,17.576999999999998,0.006999999999997897,0.03984063745018723,1,YES,2026-06-09 06:59:17,0.999,7,6.993,067f3995-81e7-440b-a36e-0d53cff2015e,True,2026-06-09 06:59:56,1.0,7,7.0,,SETTLEMENT,0.007000000000000006,0.10010010010010019,39,WIN,False,,,,YES
35,2026-06-09,2026-06-09 07:01:09,2026-06-09 07:14:56,KXETH15M-26JUN090715-15,17.58,17.586999999999996,0.006999999999997897,0.03981797497154663,1,NO,2026-06-09 07:13:20,0.999,7,6.993,69833819-0df6-4453-9dfd-64d318acc8c4,True,2026-06-09 07:14:56,1.0,7,7.0,,SETTLEMENT,0.007000000000000006,0.10010010010010019,96,WIN,False,,,,NO
36,2026-06-09,2026-06-09 07:16:08,2026-06-09 07:29:58,KXETH15M-26JUN090730-30,17.6,17.607,0.006999999999997897,0.03977272727271532,1,NO,2026-06-09 07:29:34,0.999,7,6.993,4b3c4327-ab60-42a0-9ab0-8a68717b9caf,True,2026-06-09 07:29:58,1.0,7,7.0,,SETTLEMENT,0.007000000000000006,0.10010010010010019,24,WIN,False,,,,NO
37,2026-06-09,2026-06-09 07:31:08,2026-06-09 07:44:59,KXETH15M-26JUN090745-45,17.6,17.614,0.013999999999999346,0.07954545454545082,1,YES,2026-06-09 07:43:51,0.998,7,6.986,aee651a8-88ea-4949-99a6-8a86819d50be,True,2026-06-09 07:44:59,1.0,7,7.0,,SETTLEMENT,0.014000000000000012,0.2004008016032066,68,WIN,False,,,,YES
39,2026-06-09,2026-06-09 08:01:02,2026-06-09 08:14:56,KXETH15M-26JUN090815-15,17.63,17.658,0.028000000000002245,0.15882019285310406,1,YES,2026-06-09 08:13:52,0.9959999999999999,7,6.9719999999999995,458702d7-6326-4904-91ec-9dc9d5464707,True,2026-06-09 08:14:56,1.0,7,7.0,,SETTLEMENT,0.028000000000000802,0.40160642570282273,64,WIN,False,,,,YES
40,2026-06-09,2026-06-09 08:16:08,2026-06-09 08:29:56,KXETH15M-26JUN090830-30,17.68,17.686999999999998,0.006999999999997897,0.03959276018098358,1,NO,2026-06-09 08:29:18,0.999,7,6.993,5a71e284-e8b6-4b1e-a3b6-497dcfb926d2,True,2026-06-09 08:29:56,1.0,7,7.0,,SETTLEMENT,0.007000000000000006,0.10010010010010019,38,WIN,False,,,,NO
41,2026-06-09,2026-06-09 08:31:08,2026-06-09 08:44:58,KXETH15M-26JUN090845-45,17.69,17.697000000000003,0.0070000000000014495,0.0395703787450619,1,NO,2026-06-09 08:44:15,0.999,7,6.993,87ca2e24-21a8-4ae2-96fa-ca65db34e06f,True,2026-06-09 08:44:58,1.0,7,7.0,,SETTLEMENT,0.007000000000000006,0.10010010010010019,43,WIN,False,,,,NO
1,2026-06-09,2026-06-09 09:12:42,2026-06-09 09:14:58,KXETH15M-26JUN090915-15,17.71,17.724,0.013999999999999346,0.07905138339920578,1,YES,2026-06-09 09:12:57,0.998,7,6.986,04bc88bc-8485-48dd-86d4-9078820f0252,True,2026-06-09 09:14:58,1.0,7,7.0,,SETTLEMENT,0.014000000000000012,0.2004008016032066,121,WIN,False,,,,YES
2,2026-06-09,2026-06-09 09:16:07,2026-06-09 09:29:55,KXETH15M-26JUN090930-30,17.73,17.744,0.013999999999999346,0.07896221094190269,1,NO,2026-06-09 09:27:46,0.998,7,6.986,9274cee3-7ad5-4011-ae5f-c062bcda556a,True,2026-06-09 09:29:55,1.0,7,7.0,,SETTLEMENT,0.014000000000000012,0.2004008016032066,129,WIN,False,,,,NO
1,2026-06-09,2026-06-09 10:04:22,2026-06-09 10:14:56,KXETH15M-26JUN091015-15,17.75,17.756999999999998,0.006999999999997897,0.03943661971829801,1,NO,2026-06-09 10:13:45,0.999,7,6.993,3f4ca10b-0b4e-44aa-934e-dce0c6295c86,True,2026-06-09 10:14:56,1.0,7,7.0,,SETTLEMENT,0.007000000000000006,0.10010010010010019,71,WIN,False,,,,NO
2,2026-06-09,2026-06-09 10:16:14,2026-06-09 10:29:59,KXETH15M-26JUN091030-30,17.77,17.777,0.0070000000000014495,0.03939223410242797,1,NO,2026-06-09 10:27:47,0.999,7,6.993,6b2a3e6b-c67a-45ab-b91a-d3689a121893,True,2026-06-09 10:29:59,1.0,7,7.0,,SETTLEMENT,0.007000000000000006,0.10010010010010019,132,WIN,False,,,,NO
3,2026-06-09,2026-06-09 10:31:14,2026-06-09 10:44:58,KXETH15M-26JUN091045-45,17.79,17.804,0.013999999999999346,0.0786958965711037,1,NO,2026-06-09 10:44:17,0.998,7,6.986,f99109e9-913e-434e-a109-ca22a6afab71,True,2026-06-09 10:44:58,1.0,7,7.0,,SETTLEMENT,0.014000000000000012,0.2004008016032066,41,WIN,False,,,,NO
4,2026-06-09,2026-06-09 10:46:14,2026-06-09 10:59:55,KXETH15M-26JUN091100-00,17.81,17.817,0.0070000000000014495,0.0393037619315073,1,YES,2026-06-09 10:58:31,0.999,7,6.993,59bd74d2-abd4-447f-be04-ba907cd26322,True,2026-06-09 10:59:55,1.0,7,7.0,,SETTLEMENT,0.007000000000000006,0.10010010010010019,84,WIN,False,,,,YES
5,2026-06-09,2026-06-09 11:01:08,2026-06-09 11:14:59,KXETH15M-26JUN091115-15,17.82,17.826999999999998,0.006999999999997897,0.03928170594836081,1,YES,2026-06-09 11:13:36,0.999,7,6.993,76039b10-6268-4e10-843f-19ea37cc211a,True,2026-06-09 11:14:59,1.0,7,7.0,,SETTLEMENT,0.007000000000000006,0.10010010010010019,83,WIN,False,,,,YES
6,2026-06-09,2026-06-09 11:16:14,2026-06-09 11:29:59,KXETH15M-26JUN091130-30,17.84,17.847,0.0070000000000014495,0.039237668161443105,1,NO,2026-06-09 11:28:02,0.999,7,6.993,e2130c21-e5ae-406b-b112-4dafc3b84365,True,2026-06-09 11:29:59,1.0,7,7.0,,SETTLEMENT,0.007000000000000006,0.10010010010010019,117,WIN,False,,,,NO
7,2026-06-09,2026-06-09 11:31:08,2026-06-09 11:44:59,KXETH15M-26JUN091145-45,17.85,17.857,0.006999999999997897,0.039215686274498014,1,YES,2026-06-09 11:44:31,0.999,7,6.993,7c92618c-1e92-4d2a-a786-31c7a292c929,True,2026-06-09 11:44:59,1.0,7,7.0,,SETTLEMENT,0.007000000000000006,0.10010010010010019,28,WIN,False,,,,YES
8,2026-06-09,2026-06-09 11:46:08,2026-06-09 11:59:58,KXETH15M-26JUN091200-00,17.86,17.866999999999997,0.006999999999997897,0.03919372900334769,1,NO,2026-06-09 11:58:51,0.999,7,6.993,f5796f44-637e-4f1f-af15-7ca460018c70,True,2026-06-09 11:59:58,1.0,7,7.0,,SETTLEMENT,0.007000000000000006,0.10010010010010019,67,WIN,False,,,,NO
9,2026-06-09,2026-06-09 12:01:15,2026-06-09 12:14:55,KXETH15M-26JUN091215-15,17.87,17.877000000000002,0.0070000000000014495,0.03917179630666732,1,NO,2026-06-09 12:13:53,0.999,7,6.993,868298fa-e993-4034-9f43-3bb6a0d3bae3,True,2026-06-09 12:14:55,1.0,7,7.0,,SETTLEMENT,0.007000000000000006,0.10010010010010019,62,WIN,False,,,,NO
11,2026-06-09,2026-06-09 12:31:02,2026-06-09 12:44:55,KXETH15M-26JUN091245-45,17.88,17.887,0.0070000000000014495,0.03914988814318484,1,NO,2026-06-09 12:44:04,0.999,7,6.993,2ba4be84-f78b-42f0-9f6b-972506d4aef2,True,2026-06-09 12:44:55,1.0,7,7.0,,SETTLEMENT,0.007000000000000006,0.10010010010010019,51,WIN,False,,,,NO
12,2026-06-09,2026-06-09 12:46:08,2026-06-09 12:59:59,KXETH15M-26JUN091300-00,17.9,17.906999999999996,0.006999999999997897,0.0391061452513849,1,YES,2026-06-09 12:58:44,0.999,7,6.993,fb1ee53e-19f6-4872-b201-7a4adb1615fe,True,2026-06-09 12:59:59,1.0,7,7.0,,SETTLEMENT,0.007000000000000006,0.10010010010010019,75,WIN,False,,,,YES
13,2026-06-09,2026-06-09 13:01:15,2026-06-09 13:14:58,KXETH15M-26JUN091315-15,17.92,17.927,0.006999999999997897,0.03906249999998826,1,YES,2026-06-09 13:13:30,0.999,7,6.993,d2e50b26-c0bb-4818-b4dd-1829cbb4a7d5,True,2026-06-09 13:14:58,1.0,7,7.0,,SETTLEMENT,0.007000000000000006,0.10010010010010019,88,WIN,False,,,,YES
14,2026-06-09,2026-06-09 13:16:14,2026-06-09 13:29:57,KXETH15M-26JUN091330-30,17.93,17.936999999999998,0.006999999999997897,0.039040713887327924,1,YES,2026-06-09 13:29:02,0.999,7,6.993,0ef1528a-459b-4184-ba0b-60c6dc3bac2e,True,2026-06-09 13:29:57,1.0,7,7.0,,SETTLEMENT,0.007000000000000006,0.10010010010010019,55,WIN,False,,,,YES
15,2026-06-09,2026-06-09 13:31:03,2026-06-09 13:44:59,KXETH15M-26JUN091345-45,17.94,17.947000000000003,0.0070000000000014495,0.0390189520624384,1,YES,2026-06-09 13:44:06,0.999,7,6.993,fbb713e5-539b-4600-ba10-0bfb98d418ee,True,2026-06-09 13:44:59,1.0,7,7.0,,SETTLEMENT,0.007000000000000006,0.10010010010010019,53,WIN,False,,,,YES
16,2026-06-09,2026-06-09 13:46:14,2026-06-09 13:59:59,KXETH15M-26JUN091400-00,17.95,17.964,0.013999999999999346,0.07799442896935568,1,NO,2026-06-09 13:59:05,0.998,7,6.986,98d57d54-6c97-48cf-82cb-bf06cc273fc6,True,2026-06-09 13:59:59,1.0,7,7.0,,SETTLEMENT,0.014000000000000012,0.2004008016032066,54,WIN,False,,,,NO
17,2026-06-09,2026-06-09 14:01:10,2026-06-09 14:14:55,KXETH15M-26JUN091415-15,17.96,17.967,0.006999999999997897,0.038975501113574035,1,YES,2026-06-09 14:14:30,0.999,7,6.993,ae611e51-4675-4c28-b3cf-44a46b844390,True,2026-06-09 14:14:55,1.0,7,7.0,,SETTLEMENT,0.007000000000000006,0.10010010010010019,25,WIN,False,,,,YES
18,2026-06-09,2026-06-09 14:16:08,2026-06-09 14:29:55,KXETH15M-26JUN091430-30,17.97,17.976999999999997,0.006999999999997897,0.038953811908725086,1,YES,2026-06-09 14:28:51,0.999,7,6.993,aa603f0d-3860-4eb5-836a-fedd8ceb695a,True,2026-06-09 14:29:55,1.0,7,7.0,,SETTLEMENT,0.007000000000000006,0.10010010010010019,64,WIN,False,,,,YES
19,2026-06-09,2026-06-09 14:31:08,2026-06-09 14:44:59,KXETH15M-26JUN091445-45,17.98,17.987000000000002,0.0070000000000014495,0.03893214682981896,1,NO,2026-06-09 14:44:25,0.999,7,6.993,3fa86fd7-a8af-4307-a4f6-1a6d3d42df5c,True,2026-06-09 14:44:59,1.0,7,7.0,,SETTLEMENT,0.007000000000000006,0.10010010010010019,34,WIN,False,,,,NO
20,2026-06-09,2026-06-09 14:46:08,2026-06-09 14:59:56,KXETH15M-26JUN091500-00,17.99,17.997,0.0070000000000014495,0.03891050583658393,1,YES,2026-06-09 14:58:17,0.999,7,6.993,dda2f88a-cc88-4319-b0e0-3522a6dda81c,True,2026-06-09 14:59:56,1.0,7,7.0,,SETTLEMENT,0.007000000000000006,0.10010010010010019,99,WIN,False,,,,YES
21,2026-06-09,2026-06-09 15:01:09,2026-06-09 15:14:57,KXETH15M-26JUN091515-15,18.01,18.017000000000003,0.0070000000000014495,0.03886729594670433,1,NO,2026-06-09 15:14:03,0.999,7,6.993,75424878-4894-43ba-a77d-561ad24dab00,True,2026-06-09 15:14:57,1.0,7,7.0,,SETTLEMENT,0.007000000000000006,0.10010010010010019,54,WIN,False,,,,NO
23,2026-06-09,2026-06-09 15:31:02,2026-06-09 15:44:56,KXETH15M-26JUN091545-45,18.02,18.027,0.0070000000000014495,0.03884572697004134,1,YES,2026-06-09 15:44:23,0.999,7,6.993,52b34601-7969-453b-8715-05f436cfd6a1,True,2026-06-09 15:44:56,1.0,7,7.0,,SETTLEMENT,0.007000000000000006,0.10010010010010019,33,WIN,False,,,,YES
1,2026-06-09,2026-06-09 16:52:27,2026-06-09 16:59:56,KXETH15M-26JUN091700-00,18.03,18.037,0.006999999999997897,0.038824181919012185,1,NO,2026-06-09 16:59:17,0.999,7,6.993,a65ecbed-bc60-49e8-89dd-5d79706ca14f,True,2026-06-09 16:59:56,1.0,7,7.0,,SETTLEMENT,0.007000000000000006,0.10010010010010019,39,WIN,False,,,,NO
2,2026-06-09,2026-06-09 17:01:13,2026-06-09 17:14:56,KXETH15M-26JUN091715-15,18.04,18.046999999999997,0.006999999999997897,0.03880266075386861,1,NO,2026-06-09 17:14:34,0.999,7,6.993,86e09bc9-df3f-40c0-8b7e-1f73a4e55ef7,True,2026-06-09 17:14:56,1.0,7,7.0,,SETTLEMENT,0.007000000000000006,0.10010010010010019,22,WIN,False,,,,NO
3,2026-06-09,2026-06-09 17:16:14,2026-06-09 17:29:58,KXETH15M-26JUN091730-30,18.05,18.057000000000002,0.0070000000000014495,0.03878116343491108,1,NO,2026-06-09 17:27:49,0.999,7,6.993,e6dac976-41bd-4d6e-8396-4382082e48bc,True,2026-06-09 17:29:58,1.0,7,7.0,,SETTLEMENT,0.007000000000000006,0.10010010010010019,129,WIN,False,,,,NO
5,2026-06-09,2026-06-09 17:46:02,2026-06-09 17:59:56,KXETH15M-26JUN091800-00,18.07,18.076999999999998,0.006999999999997897,0.038738240177077464,1,NO,2026-06-09 17:59:03,0.999,7,6.993,29f18521-162b-42f1-bec5-5c19250340ae,True,2026-06-09 17:59:56,1.0,7,7.0,,SETTLEMENT,0.007000000000000006,0.10010010010010019,53,WIN,False,,,,NO
6,2026-06-09,2026-06-09 18:01:08,2026-06-09 18:14:55,KXETH15M-26JUN091815-15,18.08,18.086,0.006000000000000227,0.03318584070796587,1,YES,2026-06-09 18:13:56,0.999,6,5.994,57f9723c-f012-4342-b7d8-c2fd2164b41e,True,2026-06-09 18:14:55,1.0,6,6.0,,SETTLEMENT,0.006000000000000005,0.10010010010010019,59,WIN,False,,,,YES
7,2026-06-09,2026-06-09 18:16:13,2026-06-09 18:29:57,KXETH15M-26JUN091830-30,18.09,18.097,0.0070000000000014495,0.0386954118297482,1,NO,2026-06-09 18:28:27,0.999,7,6.993,a0568c77-1949-4d1a-adce-912059c2839e,True,2026-06-09 18:29:57,1.0,7,7.0,,SETTLEMENT,0.007000000000000006,0.10010010010010019,90,WIN,False,,,,NO
8,2026-06-09,2026-06-09 18:31:08,2026-06-09 18:44:58,KXETH15M-26JUN091845-45,18.1,18.107,0.006999999999997897,0.038674033149159646,1,NO,2026-06-09 18:44:01,0.999,7,6.993,f9d0005f-c039-4827-bc07-cf2966a2f617,True,2026-06-09 18:44:58,1.0,7,7.0,,SETTLEMENT,0.007000000000000006,0.10010010010010019,57,WIN,False,,,,NO
9,2026-06-09,2026-06-09 18:46:08,2026-06-09 18:59:59,KXETH15M-26JUN091900-00,18.12,18.127000000000002,0.0070000000000014495,0.03863134657837444,1,NO,2026-06-09 18:57:57,0.999,7,6.993,7f1476db-21d6-42b9-8584-982473ba210e,True,2026-06-09 18:59:59,1.0,7,7.0,,SETTLEMENT,0.007000000000000006,0.10010010010010019,122,WIN,False,,,,NO
10,2026-06-09,2026-06-09 19:01:14,2026-06-09 19:14:59,KXETH15M-26JUN091915-15,18.13,18.137,0.0070000000000014495,0.0386100386100466,1,NO,2026-06-09 19:14:11,0.999,7,6.993,a94397f7-a9fe-4e5f-942f-ddc963f54e97,True,2026-06-09 19:14:59,1.0,7,7.0,,SETTLEMENT,0.007000000000000006,0.10010010010010019,48,WIN,False,,,,NO
11,2026-06-09,2026-06-09 19:16:08,2026-06-09 19:29:56,KXETH15M-26JUN091930-30,18.14,18.147,0.006999999999997897,0.03858875413449778,1,NO,2026-06-09 19:29:05,0.999,7,6.993,e9d40595-8cd1-4842-a546-5db91ba286fd,True,2026-06-09 19:29:56,1.0,7,7.0,,SETTLEMENT,0.007000000000000006,0.10010010010010019,51,WIN,False,,,,NO
12,2026-06-09,2026-06-09 19:31:14,2026-06-09 19:44:56,KXETH15M-26JUN091945-45,18.16,18.321,0.16100000000000136,0.8865638766519899,1,YES,2026-06-09 19:44:25,0.977,7,6.8389999999999995,7ac74941-831c-4bf2-927d-0ab11cade347,True,2026-06-09 19:44:56,1.0,7,7.0,,SETTLEMENT,0.16100000000000014,2.3541453428863894,31,WIN,False,,,,YES
13,2026-06-09,2026-06-09 19:46:15,2026-06-09 19:59:55,KXETH15M-26JUN092000-00,18.31,18.317,0.0070000000000014495,0.03823047515019907,1,YES,2026-06-09 19:58:58,0.999,7,6.993,6283c54f-8aa9-4839-b7ea-6507f9587151,True,2026-06-09 19:59:55,1.0,7,7.0,,SETTLEMENT,0.007000000000000006,0.10010010010010019,57,WIN,False,,,,YES
14,2026-06-09,2026-06-09 20:01:07,2026-06-09 20:14:58,KXETH15M-26JUN092015-15,18.33,18.336999999999996,0.006999999999997897,0.038188761593005445,1,YES,2026-06-09 20:14:15,0.999,7,6.993,2122a04e-dcd5-4bd1-aca8-4cdbfbcd63bf,True,2026-06-09 20:14:58,1.0,7,7.0,,SETTLEMENT,0.007000000000000006,0.10010010010010019,43,WIN,False,,,,YES
1,2026-06-09,2026-06-09 20:29:26,2026-06-09 20:29:59,KXETH15M-26JUN092030-30,18.75,18.756999999999998,0.006999999999997897,0.037333333333322116,1,YES,2026-06-09 20:29:29,0.999,7,6.993,35afdc9f-6925-4625-b8be-4890b659f264,True,2026-06-09 20:29:59,1.0,7,7.0,,SETTLEMENT,0.007000000000000006,0.10010010010010019,30,WIN,False,,,,YES
2,2026-06-09,2026-06-09 20:31:09,2026-06-09 20:44:57,KXETH15M-26JUN092045-45,25.75,25.759999999999998,0.00999999999999801,0.03883495145630295,1,NO,2026-06-09 20:42:44,0.999,10,9.99,a9aa73a6-6e21-4f80-81d4-b7b0c427aa33,True,2026-06-09 20:44:57,1.0,10,10.0,,SETTLEMENT,0.010000000000000009,0.10010010010010019,133,WIN,False,,,,NO
3,2026-06-09,2026-06-09 20:46:14,2026-06-09 20:59:55,KXETH15M-26JUN092100-00,25.77,25.78,0.010000000000001563,0.03880481179666886,1,YES,2026-06-09 20:57:47,0.999,10,9.99,1aa84ace-ae93-45b1-8bfa-0822f60a49ce,True,2026-06-09 20:59:55,1.0,10,10.0,,SETTLEMENT,0.010000000000000009,0.10010010010010019,128,WIN,False,,,,YES
4,2026-06-09,2026-06-09 21:01:13,2026-06-09 21:14:57,KXETH15M-26JUN092115-15,25.79,25.799999999999997,0.00999999999999801,0.038774718883280386,1,NO,2026-06-09 21:14:14,0.999,10,9.99,236792eb-ffea-4e07-b50a-d6665c100c1c,True,2026-06-09 21:14:57,1.0,10,10.0,,SETTLEMENT,0.010000000000000009,0.10010010010010019,43,WIN,False,,,,NO
6,2026-06-09,2026-06-09 21:31:02,2026-06-09 21:44:59,KXETH15M-26JUN092145-45,25.82,25.83,0.00999999999999801,0.03872966692485674,1,NO,2026-06-09 21:43:05,0.999,10,9.99,d03238df-6586-4dee-ba1b-4354c849462e,True,2026-06-09 21:44:59,1.0,10,10.0,,SETTLEMENT,0.010000000000000009,0.10010010010010019,114,WIN,False,,,,NO
7,2026-06-09,2026-06-09 21:46:09,2026-06-09 21:59:57,KXETH15M-26JUN092200-00,25.84,25.85,0.010000000000001563,0.038699690402482834,1,YES,2026-06-09 21:58:36,0.999,10,9.99,f1a2da71-1984-4c07-984e-07829610f4e6,True,2026-06-09 21:59:57,1.0,10,10.0,,SETTLEMENT,0.010000000000000009,0.10010010010010019,81,WIN,False,,,,YES
8,2026-06-09,2026-06-09 22:01:04,2026-06-09 22:14:56,KXETH15M-26JUN092215-15,25.86,25.869999999999997,0.00999999999999801,0.03866976024747878,1,NO,2026-06-09 22:13:52,0.999,10,9.99,184254b4-bedf-45a1-acb0-b5bf890d5462,True,2026-06-09 22:14:56,1.0,10,10.0,,SETTLEMENT,0.010000000000000009,0.10010010010010019,64,WIN,False,,,,NO
9,2026-06-09,2026-06-09 22:16:08,2026-06-09 22:30:01,KXETH15M-26JUN092230-30,25.88,25.894,0.013999999999999346,0.05409582689335141,1,NO,2026-06-09 22:27:53,0.9984444444444445,9,8.986,dab660d8-b749-4a0e-b745-0e275d9e0346,True,2026-06-09 22:30:01,1.0,9,9.0,,SETTLEMENT,0.01399999999999979,0.1557979078566636,128,WIN,False,,,,NO
10,2026-06-09,2026-06-09 22:31:09,2026-06-09 22:44:57,KXETH15M-26JUN092245-45,25.9,25.909999999999997,0.00999999999999801,0.03861003861003093,1,NO,2026-06-09 22:43:46,0.999,10,9.99,a45ea780-40b3-4294-b978-7dabff46bf4b,True,2026-06-09 22:44:57,1.0,10,10.0,,SETTLEMENT,0.010000000000000009,0.10010010010010019,71,WIN,False,,,,NO
11,2026-06-09,2026-06-09 22:46:08,2026-06-09 22:59:57,KXETH15M-26JUN092300-00,25.93,25.939999999999998,0.00999999999999801,0.038565368299259585,1,YES,2026-06-09 22:59:27,0.999,10,9.99,d6e44747-4fc6-465e-b80d-8d2ddd28f4b4,True,2026-06-09 22:59:57,1.0,10,10.0,,SETTLEMENT,0.010000000000000009,0.10010010010010019,30,WIN,False,,,,YES
12,2026-06-09,2026-06-09 23:01:15,2026-06-09 23:14:58,KXETH15M-26JUN092315-15,25.94,25.96,0.019999999999999574,0.07710100231302842,1,YES,2026-06-09 23:13:37,0.998,10,9.98,a4a89488-0a17-434b-8f86-b6ec003fa310,True,2026-06-09 23:14:58,1.0,10,10.0,,SETTLEMENT,0.020000000000000018,0.20040080160320656,81,WIN,False,,,,YES
13,2026-06-09,2026-06-09 23:16:03,2026-06-09 23:29:59,KXETH15M-26JUN092330-30,25.97,25.979999999999997,0.00999999999999801,0.03850596842509823,1,YES,2026-06-09 23:28:56,0.999,10,9.99,54412df4-ba1e-40f6-ae20-c11b892e101b,True,2026-06-09 23:29:59,1.0,10,10.0,,SETTLEMENT,0.010000000000000009,0.10010010010010019,63,WIN,False,,,,YES
14,2026-06-09,2026-06-09 23:31:08,2026-06-09 23:44:59,KXETH15M-26JUN092345-45,25.99,25.999,0.009000000000000341,0.03462870334744264,1,NO,2026-06-09 23:42:40,0.999,9,8.991,58fd3951-a684-441e-b7d0-e1a05a635083,True,2026-06-09 23:44:59,1.0,9,9.0,,SETTLEMENT,0.009000000000000008,0.10010010010010019,139,WIN,False,,,,NO
15,2026-06-09,2026-06-09 23:46:08,2026-06-09 23:59:57,KXETH15M-26JUN100000-00,26.01,26.020000000000003,0.010000000000001563,0.03844675124952542,1,NO,2026-06-09 23:59:13,0.999,10,9.99,80a7f91b-cad2-485b-8517-6856384dba8c,True,2026-06-09 23:59:57,1.0,10,10.0,,SETTLEMENT,0.010000000000000009,0.10010010010010019,44,WIN,False,,,,NO
16,2026-06-10,2026-06-10 00:01:15,2026-06-10 00:14:34,KXETH15M-26JUN100015-15,26.02,26.019999999999996,-3.552713678800501e-15,-1.3653780471946582e-14,1,NO,2026-06-10 00:14:12,0.99,10,9.9,11f9040a-60a4-41e2-8923-a7c6c5f05839,True,2026-06-10 00:14:34,0.99,10,9.9,156160d5-586d-4050-84d3-6e4a54d484f5,MANUAL_STOP_LOSS,0.0,0.0,22,WIN,False,,,,
17,2026-06-10,2026-06-10 00:16:02,2026-06-10 00:29:57,KXETH15M-26JUN100030-30,26.02,26.03,0.010000000000001563,0.03843197540354175,1,YES,2026-06-10 00:29:35,0.999,10,9.99,f5015b4f-fab9-4473-ab0b-0f4124f64f7e,True,2026-06-10 00:29:57,1.0,10,10.0,,SETTLEMENT,0.010000000000000009,0.10010010010010019,22,WIN,False,,,,YES
18,2026-06-10,2026-06-10 00:31:08,2026-06-10 00:44:59,KXETH15M-26JUN100045-45,26.05,26.060000000000002,0.010000000000001563,0.03838771593090811,1,NO,2026-06-10 00:42:48,0.999,10,9.99,e1a8c1ee-248b-473b-b1f5-0981bc9829dd,True,2026-06-10 00:44:59,1.0,10,10.0,,SETTLEMENT,0.010000000000000009,0.10010010010010019,131,WIN,False,,,,NO
19,2026-06-10,2026-06-10 00:46:08,2026-06-10 00:59:55,KXETH15M-26JUN100100-00,26.07,26.08,0.00999999999999801,0.03835826620635984,1,YES,2026-06-10 00:59:02,0.999,10,9.99,fd0522de-28f0-4e4e-82b8-6a24629b1ecd,True,2026-06-10 00:59:55,1.0,10,10.0,,SETTLEMENT,0.010000000000000009,0.10010010010010019,53,WIN,False,,,,YES
20,2026-06-10,2026-06-10 01:01:13,2026-06-10 01:14:57,KXETH15M-26JUN100115-15,26.09,26.1,0.010000000000001563,0.0383288616328155,1,NO,2026-06-10 01:14:05,0.999,10,9.99,5b53dd61-c99f-4680-8317-673e32d3b456,True,2026-06-10 01:14:57,1.0,10,10.0,,SETTLEMENT,0.010000000000000009,0.10010010010010019,52,WIN,False,,,,NO
21,2026-06-10,2026-06-10 01:16:08,2026-06-10 01:29:56,KXETH15M-26JUN100130-30,26.11,26.119999999999997,0.00999999999999801,0.038299502106464996,1,YES,2026-06-10 01:29:00,0.999,10,9.99,0f115a0c-0a29-44c9-b279-a2225c9d0d1a,True,2026-06-10 01:29:56,1.0,10,10.0,,SETTLEMENT,0.010000000000000009,0.10010010010010019,56,WIN,False,,,,YES
22,2026-06-10,2026-06-10 01:31:08,2026-06-10 01:44:56,KXETH15M-26JUN100145-45,26.13,26.137999999999998,0.007999999999999119,0.030616150019131722,1,NO,2026-06-10 01:44:30,0.999,8,7.992,a66c0154-eb70-432c-9d19-f42ecc84ad21,True,2026-06-10 01:44:56,1.0,8,8.0,,SETTLEMENT,0.008000000000000007,0.10010010010010019,26,WIN,False,,,,NO
23,2026-06-10,2026-06-10 01:46:13,2026-06-10 01:59:58,KXETH15M-26JUN100200-00,26.14,26.15,0.00999999999999801,0.03825554705431526,1,YES,2026-06-10 01:58:58,0.999,10,9.99,8d0fab56-bfb1-4e36-9469-d3dc41081920,True,2026-06-10 01:59:58,1.0,10,10.0,,SETTLEMENT,0.010000000000000009,0.10010010010010019,60,WIN,False,,,,YES
24,2026-06-10,2026-06-10 02:01:15,2026-06-10 02:14:32,KXETH15M-26JUN100215-15,26.16,26.160000000000004,3.552713678800501e-15,1.3580709781347479e-14,1,YES,2026-06-10 02:14:31,0.999,10,9.99,86502461-d354-4e68-9e1b-0b10cc06f8ee,True,2026-06-10 02:14:32,0.999,10,9.99,9477bef4-8b20-4759-8ae2-e38d08e786f7,MANUAL_STOP_LOSS,0.0,0.0,1,WIN,False,,,,
1,2026-06-10,2026-06-10 08:54:51,2026-06-10 08:59:58,KXETH15M-26JUN100900-00,26.19,26.200000000000003,0.010000000000001563,0.038182512409322494,1,NO,2026-06-10 08:59:37,0.999,10,9.99,72c6fa6f-751f-4373-8d53-66599b2099e8,True,2026-06-10 08:59:58,1.0,10,10.0,,SETTLEMENT,0.010000000000000009,0.10010010010010019,21,WIN,False,,,,NO
2,2026-06-10,2026-06-10 09:01:09,2026-06-10 09:15:00,KXETH15M-26JUN100915-15,26.21,26.22,0.00999999999999801,0.03815337657381919,1,NO,2026-06-10 09:14:15,0.999,10,9.99,119a3dcb-9840-4fda-ae9c-9f6a7d6a70d9,True,2026-06-10 09:15:00,1.0,10,10.0,,SETTLEMENT,0.010000000000000009,0.10010010010010019,45,WIN,False,,,,NO
3,2026-06-10,2026-06-10 09:16:08,2026-06-10 09:30:00,KXETH15M-26JUN100930-30,26.23,26.240000000000002,0.010000000000001563,0.038124285169659024,1,YES,2026-06-10 09:29:15,0.999,10,9.99,e61b2bd9-e7bd-44a8-aa84-204153314716,True,2026-06-10 09:30:00,1.0,10,10.0,,SETTLEMENT,0.010000000000000009,0.10010010010010019,45,WIN,False,,,,YES
1,2026-06-10,2026-06-10 10:02:20,2026-06-10 10:15:00,KXETH15M-26JUN101015-15,26.26,26.32,0.05999999999999872,0.2284843869002236,1,NO,2026-06-10 10:14:12,0.994,10,9.94,e3fd346c-5524-4dac-8c13-3cf69286c54f,True,2026-06-10 10:15:00,1.0,10,10.0,,SETTLEMENT,0.06000000000000005,0.6036217303822944,48,WIN,False,,,,NO
2,2026-06-10,2026-06-10 10:16:07,2026-06-10 10:29:59,KXETH15M-26JUN101030-30,26.31,26.32,0.010000000000001563,0.038008361839610656,1,NO,2026-06-10 10:29:24,0.999,10,9.99,c8c8140b-5bf8-4b88-afed-0159b44d4c17,True,2026-06-10 10:29:59,1.0,10,10.0,,SETTLEMENT,0.010000000000000009,0.10010010010010019,35,WIN,False,,,,NO
3,2026-06-10,2026-06-10 10:31:06,2026-06-10 10:44:55,KXETH15M-26JUN101045-45,26.32,26.34,0.019999999999999574,0.07598784194528714,1,NO,2026-06-10 10:44:31,0.998,10,9.98,51161fa9-6f8a-4261-b044-5ef327294d27,True,2026-06-10 10:44:55,1.0,10,10.0,,SETTLEMENT,0.020000000000000018,0.20040080160320656,24,WIN,False,,,,NO
4,2026-06-10,2026-06-10 10:46:13,2026-06-10 10:59:42,KXETH15M-26JUN101100-00,26.34,20.97,-5.370000000000001,-20.387243735763104,1,NO,2026-06-10 10:59:07,0.9970000000000001,10,9.97,82a4d7c4-0fb6-47a8-8480-0762154d459d,True,2026-06-10 10:59:42,0.4600000000000001,10,4.6000000000000005,4fb9c93d-9a55-4dd5-bef1-600e70e5022d,MANUAL_STOP_LOSS,-5.37,-53.86158475426278,35,LOSS,False,,,,
5,2026-06-10,2026-06-10 11:01:02,2026-06-10 11:15:00,KXETH15M-26JUN101115-15,20.79,20.798,0.007999999999999119,0.03848003848003424,1,NO,2026-06-10 11:14:32,0.999,8,7.992,8863e795-867c-4522-b21e-d5686a3eff79,True,2026-06-10 11:15:00,1.0,8,8.0,,SETTLEMENT,0.008000000000000007,0.10010010010010019,28,WIN,False,,,,NO
6,2026-06-10,2026-06-10 11:16:13,2026-06-10 11:29:56,KXETH15M-26JUN101130-30,20.81,20.817999999999998,0.007999999999999119,0.03844305622296549,1,YES,2026-06-10 11:28:03,0.999,8,7.992,9eb6b04d-1e81-4ed7-9e3f-5f36c9b86b0b,True,2026-06-10 11:29:56,1.0,8,8.0,,SETTLEMENT,0.008000000000000007,0.10010010010010019,113,WIN,False,,,,YES
7,2026-06-10,2026-06-10 11:31:08,2026-06-10 11:44:55,KXETH15M-26JUN101145-45,20.82,20.828,0.007999999999999119,0.03842459173870854,1,YES,2026-06-10 11:44:17,0.999,8,7.992,4b29502c-2e61-4f94-b404-149f200fe570,True,2026-06-10 11:44:55,1.0,8,8.0,,SETTLEMENT,0.008000000000000007,0.10010010010010019,38,WIN,False,,,,YES
8,2026-06-10,2026-06-10 11:46:08,2026-06-10 11:59:59,KXETH15M-26JUN101200-00,20.84,20.848,0.007999999999999119,0.03838771593089788,1,YES,2026-06-10 11:59:18,0.999,8,7.992,983a6a9a-1fd1-416f-bf7c-6e9e8bcbef73,True,2026-06-10 11:59:59,1.0,8,8.0,,SETTLEMENT,0.008000000000000007,0.10010010010010019,41,WIN,False,,,,YES
9,2026-06-10,2026-06-10 12:01:04,2026-06-10 12:15:00,KXETH15M-26JUN101215-15,20.85,20.858,0.007999999999999119,0.03836930455635069,1,NO,2026-06-10 12:14:00,0.999,8,7.992,7dc5ebd3-3f06-4abf-beec-3483063d1117,True,2026-06-10 12:15:00,1.0,8,8.0,,SETTLEMENT,0.008000000000000007,0.10010010010010019,60,WIN,False,,,,NO
10,2026-06-10,2026-06-10 12:16:07,2026-06-10 12:30:03,KXETH15M-26JUN101230-30,20.87,20.878,0.007999999999999119,0.03833253473885539,1,NO,2026-06-10 12:28:49,0.999,8,7.992,04051e34-4ab5-4322-a87a-f72144f40245,True,2026-06-10 12:30:03,1.0,8,8.0,,SETTLEMENT,0.008000000000000007,0.10010010010010019,74,WIN,False,,,,NO
11,2026-06-10,2026-06-10 12:31:05,2026-06-10 12:45:01,KXETH15M-26JUN101245-45,20.9,20.915999999999997,0.015999999999998238,0.07655502392343655,1,NO,2026-06-10 12:43:54,0.998,8,7.984,67225480-5f35-415b-91e3-1a7948a4e74a,True,2026-06-10 12:45:01,1.0,8,8.0,,SETTLEMENT,0.016000000000000014,0.20040080160320656,67,WIN,False,,,,NO
12,2026-06-10,2026-06-10 12:46:08,2026-06-10 12:59:56,KXETH15M-26JUN101300-00,20.91,20.926000000000002,0.01600000000000179,0.07651841224295453,1,NO,2026-06-10 12:58:20,0.998,8,7.984,07eacecb-d5b5-45ad-b18a-6d9ff1efea23,True,2026-06-10 12:59:56,1.0,8,8.0,,SETTLEMENT,0.016000000000000014,0.20040080160320656,96,WIN,False,,,,NO
13,2026-06-10,2026-06-10 13:01:09,2026-06-10 13:14:59,KXETH15M-26JUN101315-15,20.93,20.938,0.007999999999999119,0.038222646918294884,1,NO,2026-06-10 13:14:12,0.999,8,7.992,c126305a-d594-44fa-bc9d-72067d27177f,True,2026-06-10 13:14:59,1.0,8,8.0,,SETTLEMENT,0.008000000000000007,0.10010010010010019,47,WIN,False,,,,NO
14,2026-06-10,2026-06-10 13:16:08,2026-06-10 13:29:57,KXETH15M-26JUN101330-30,20.94,20.948,0.007999999999999119,0.038204393505248894,1,NO,2026-06-10 13:28:44,0.999,8,7.992,d15ae742-a0e2-4723-9343-64dca2166265,True,2026-06-10 13:29:57,1.0,8,8.0,,SETTLEMENT,0.008000000000000007,0.10010010010010019,73,WIN,False,,,,NO
15,2026-06-10,2026-06-10 13:31:02,2026-06-10 13:44:55,KXETH15M-26JUN101345-45,20.96,20.968,0.007999999999999119,0.038167938931293506,1,NO,2026-06-10 13:43:42,0.999,8,7.992,b662fc0e-daeb-4579-8275-cd417ab7d21c,True,2026-06-10 13:44:55,1.0,8,8.0,,SETTLEMENT,0.008000000000000007,0.10010010010010019,73,WIN,False,,,,NO
16,2026-06-10,2026-06-10 13:46:15,2026-06-10 13:59:59,KXETH15M-26JUN101400-00,20.98,20.996000000000002,0.01600000000000179,0.07626310772164818,1,YES,2026-06-10 13:58:03,0.998,8,7.984,dc46adff-5594-4059-a458-7b8fd2e02341,True,2026-06-10 13:59:59,1.0,8,8.0,,SETTLEMENT,0.016000000000000014,0.20040080160320656,116,WIN,False,,,,YES
17,2026-06-10,2026-06-10 14:01:11,2026-06-10 14:14:59,KXETH15M-26JUN101415-15,21.0,21.008,0.007999999999999119,0.0380952380952339,1,NO,2026-06-10 14:13:45,0.999,8,7.992,e91b4eab-b80e-4c4d-8ef2-4e33027e83d1,True,2026-06-10 14:14:59,1.0,8,8.0,,SETTLEMENT,0.008000000000000007,0.10010010010010019,74,WIN,False,,,,NO
18,2026-06-10,2026-06-10 14:16:09,2026-06-10 14:29:59,KXETH15M-26JUN101430-30,21.04,21.048,0.007999999999999119,0.03802281368820874,1,NO,2026-06-10 14:29:16,0.999,8,7.992,6f62fd7a-5279-4947-b1c8-c428435e416f,True,2026-06-10 14:29:59,1.0,8,8.0,,SETTLEMENT,0.008000000000000007,0.10010010010010019,43,WIN,False,,,,NO
19,2026-06-10,2026-06-10 14:31:09,2026-06-10 14:44:59,KXETH15M-26JUN101445-45,21.05,21.058,0.007999999999999119,0.03800475059382004,1,NO,2026-06-10 14:43:47,0.999,8,7.992,d5669b8e-143a-4725-9e1f-200ef42e2256,True,2026-06-10 14:44:59,1.0,8,8.0,,SETTLEMENT,0.008000000000000007,0.10010010010010019,72,WIN,False,,,,NO
20,2026-06-10,2026-06-10 14:46:14,2026-06-10 14:59:55,KXETH15M-26JUN101500-00,21.07,21.086,0.015999999999998238,0.07593735168485163,1,YES,2026-06-10 14:57:59,0.998,8,7.984,41619e3a-b5c2-4f95-a680-e98582cfb831,True,2026-06-10 14:59:55,1.0,8,8.0,,SETTLEMENT,0.016000000000000014,0.20040080160320656,116,WIN,False,,,,YES
1,2026-06-10,2026-06-10 16:15:08,2026-06-10 16:29:57,KXETH15M-26JUN101630-30,24.58,24.589,0.009000000000000341,0.03661513425549366,1,YES,2026-06-10 16:28:46,0.999,9,8.991,fe1f450b-fe52-4800-b754-bff923bc47bd,True,2026-06-10 16:29:57,1.0,9,9.0,,SETTLEMENT,0.009000000000000008,0.10010010010010019,71,WIN,False,,,,YES
1,2026-06-10,2026-06-10 17:05:59,2026-06-10 17:14:55,KXETH15M-26JUN101715-15,24.6,24.609,0.009000000000000341,0.03658536585365992,1,NO,2026-06-10 17:12:52,0.999,9,8.991,b6b7ae66-150a-45a4-adf0-0a45c236b11a,True,2026-06-10 17:14:55,1.0,9,9.0,,SETTLEMENT,0.009000000000000008,0.10010010010010019,123,WIN,False,,,,NO
2,2026-06-10,2026-06-10 17:16:08,2026-06-10 17:30:00,KXETH15M-26JUN101730-30,24.62,24.629,0.009000000000000341,0.036555645816410805,1,YES,2026-06-10 17:29:14,0.999,9,8.991,a30d696a-7a7f-4b05-895e-494e0fda2f29,True,2026-06-10 17:30:00,1.0,9,9.0,,SETTLEMENT,0.009000000000000008,0.10010010010010019,46,WIN,False,,,,YES
3,2026-06-10,2026-06-10 17:31:14,2026-06-10 17:44:59,KXETH15M-26JUN101745-45,24.63,24.639,0.009000000000000341,0.03654080389768713,1,YES,2026-06-10 17:43:52,0.999,9,8.991,96c1f0e0-d077-4445-8c12-5a5d1db975a4,True,2026-06-10 17:44:59,1.0,9,9.0,,SETTLEMENT,0.009000000000000008,0.10010010010010019,67,WIN,False,,,,YES
1,2026-06-10,2026-06-10 17:57:19,2026-06-10 17:59:58,KXETH15M-26JUN101800-00,15.87,15.876,0.006000000000000227,0.037807183364840756,1,NO,2026-06-10 17:58:49,0.999,6,5.994,1fcb0c33-d386-470c-a03e-d04177f831c2,True,2026-06-10 17:59:58,1.0,6,6.0,,SETTLEMENT,0.006000000000000005,0.10010010010010019,69,WIN,False,,,,NO
2,2026-06-10,2026-06-10 18:31:02,2026-06-10 18:44:56,KXETH15M-26JUN101845-45,2.66,2.661,0.0009999999999998899,0.03759398496240187,1,YES,2026-06-10 18:42:52,0.999,1,0.999,9fece96d-dc64-4ab8-b2fd-2afac2926ee3,True,2026-06-10 18:44:56,1.0,1,1.0,,SETTLEMENT,0.0010000000000000009,0.10010010010010019,124,WIN,False,,,,YES
2,2026-06-10,2026-06-10 20:31:03,2026-06-10 20:44:57,KXETH15M-26JUN102045-45,9.83,9.836,0.006000000000000227,0.06103763987792703,1,NO,2026-06-10 20:44:00,0.9979999999999999,3,2.9939999999999998,560066a2-531e-4c09-a980-811f8a67010a,True,2026-06-10 20:44:57,1.0,3,3.0,,SETTLEMENT,0.006000000000000338,0.20040080160321772,57,WIN,False,,,,NO
5,2026-06-10,2026-06-10 21:16:02,2026-06-10 21:29:56,KXETH15M-26JUN102130-30,9.84,9.843,0.0030000000000001137,0.030487804878049935,1,YES,2026-06-10 21:29:22,0.999,3,2.997,91a4c969-9f68-4565-a49a-58da5dc090c8,True,2026-06-10 21:29:56,1.0,3,3.0,,SETTLEMENT,0.0030000000000000027,0.10010010010010019,34,WIN,False,,,,YES
6,2026-06-10,2026-06-10 21:31:15,2026-06-10 21:44:58,KXETH15M-26JUN102145-45,9.85,9.853,0.0030000000000001137,0.03045685279187933,1,YES,2026-06-10 21:43:17,0.999,3,2.997,a0158f96-65e4-45ce-89d2-bd232df359da,True,2026-06-10 21:44:58,1.0,3,3.0,,SETTLEMENT,0.0030000000000000027,0.10010010010010019,101,WIN,False,,,,YES
7,2026-06-10,2026-06-10 21:46:03,2026-06-10 21:59:55,KXETH15M-26JUN102200-00,9.86,9.863,0.0030000000000001137,0.03042596348884497,1,NO,2026-06-10 21:59:23,0.999,3,2.997,7a8ccd6c-c229-48dc-9a0b-8ba90f60cb05,True,2026-06-10 21:59:55,1.0,3,3.0,,SETTLEMENT,0.0030000000000000027,0.10010010010010019,32,WIN,False,,,,NO
8,2026-06-10,2026-06-10 22:01:09,2026-06-10 22:14:59,KXETH15M-26JUN102215-15,9.86,9.866,0.006000000000000227,0.06085192697768994,1,NO,2026-06-10 22:13:08,0.9979999999999999,3,2.9939999999999998,515b066d-a8f3-4abf-a9cc-272652c9cac0,True,2026-06-10 22:14:59,1.0,3,3.0,,SETTLEMENT,0.006000000000000338,0.20040080160321772,111,WIN,False,,,,NO
9,2026-06-10,2026-06-10 22:16:14,2026-06-10 22:29:55,KXETH15M-26JUN102230-30,9.87,9.873,0.0030000000000001137,0.030395136778116658,1,NO,2026-06-10 22:28:00,0.999,3,2.997,eb797ab4-0164-4d76-adc6-1e63963c3e8f,True,2026-06-10 22:29:55,1.0,3,3.0,,SETTLEMENT,0.0030000000000000027,0.10010010010010019,115,WIN,False,,,,NO
11,2026-06-10,2026-06-10 22:46:02,2026-06-10 22:59:59,KXETH15M-26JUN102300-00,9.87,9.873,0.0030000000000001137,0.030395136778116658,1,YES,2026-06-10 22:57:40,0.999,3,2.997,90ae5489-3734-443c-8a40-4be7bccaf497,True,2026-06-10 22:59:59,1.0,3,3.0,,SETTLEMENT,0.0030000000000000027,0.10010010010010019,139,WIN,False,,,,YES
12,2026-06-10,2026-06-10 23:01:10,2026-06-10 23:14:57,KXETH15M-26JUN102315-15,9.88,9.883000000000001,0.0030000000000001137,0.030364372469636778,1,NO,2026-06-10 23:12:49,0.999,3,2.997,f039e1c8-e77f-4c8d-bf36-a2cd3bc007c9,True,2026-06-10 23:14:57,1.0,3,3.0,,SETTLEMENT,0.0030000000000000027,0.10010010010010019,128,WIN,False,,,,NO
13,2026-06-10,2026-06-10 23:16:09,2026-06-10 23:29:55,KXETH15M-26JUN102330-30,9.89,9.893,0.0030000000000001137,0.030333670374116415,1,YES,2026-06-10 23:29:31,0.999,3,2.997,a0cdbfd1-cab5-43ae-aa6b-821cbe211e4a,True,2026-06-10 23:29:55,1.0,3,3.0,,SETTLEMENT,0.0030000000000000027,0.10010010010010019,24,WIN,False,,,,YES
14,2026-06-10,2026-06-10 23:31:13,2026-06-10 23:44:59,KXETH15M-26JUN102345-45,9.89,9.893,0.0030000000000001137,0.030333670374116415,1,YES,2026-06-10 23:42:58,0.999,3,2.997,df67b8bb-cfef-4b54-86cd-d033bd0a526b,True,2026-06-10 23:44:59,1.0,3,3.0,,SETTLEMENT,0.0030000000000000027,0.10010010010010019,121,WIN,False,,,,YES
15,2026-06-10,2026-06-10 23:46:08,2026-06-10 23:59:56,KXETH15M-26JUN110000-00,9.9,9.903,0.0030000000000001137,0.030303030303031452,1,YES,2026-06-10 23:57:43,0.999,3,2.997,ba3fd448-6ff9-4f00-8db8-5448d740adc4,True,2026-06-10 23:59:56,1.0,3,3.0,,SETTLEMENT,0.0030000000000000027,0.10010010010010019,133,WIN,False,,,,YES
16,2026-06-11,2026-06-11 00:01:09,2026-06-11 00:14:57,KXETH15M-26JUN110015-15,9.9,9.903,0.0030000000000001137,0.030303030303031452,1,NO,2026-06-11 00:14:00,0.999,3,2.997,1746232e-b95f-4690-9e28-6e417e485409,True,2026-06-11 00:14:57,1.0,3,3.0,,SETTLEMENT,0.0030000000000000027,0.10010010010010019,57,WIN,False,,,,NO
17,2026-06-11,2026-06-11 00:16:14,2026-06-11 00:29:59,KXETH15M-26JUN110030-30,9.9,9.903,0.0030000000000001137,0.030303030303031452,1,NO,2026-06-11 00:29:02,0.999,3,2.997,98abf516-4740-46b9-86c2-1a5204f4de36,True,2026-06-11 00:29:59,1.0,3,3.0,,SETTLEMENT,0.0030000000000000027,0.10010010010010019,57,WIN,False,,,,NO
18,2026-06-11,2026-06-11 00:31:03,2026-06-11 00:44:55,KXETH15M-26JUN110045-45,9.91,9.913,0.0030000000000001137,0.030272452068618703,1,YES,2026-06-11 00:43:59,0.999,3,2.997,87b61508-8548-4fbb-ab2d-b791a1c209da,True,2026-06-11 00:44:55,1.0,3,3.0,,SETTLEMENT,0.0030000000000000027,0.10010010010010019,56,WIN,False,,,,YES
19,2026-06-11,2026-06-11 00:46:08,2026-06-11 00:59:59,KXETH15M-26JUN110100-00,9.92,9.923,0.0030000000000001137,0.030241935483872114,1,YES,2026-06-11 00:58:04,0.999,3,2.997,8413d404-08a7-4510-83fd-7bc95983f339,True,2026-06-11 00:59:59,1.0,3,3.0,,SETTLEMENT,0.0030000000000000027,0.10010010010010019,115,WIN,False,,,,YES
20,2026-06-11,2026-06-11 01:01:05,2026-06-11 01:14:55,KXETH15M-26JUN110115-15,9.92,9.923,0.0030000000000001137,0.030241935483872114,1,NO,2026-06-11 01:14:01,0.999,3,2.997,b8bdb48f-17dc-46cb-9989-eb2b3eedb3a1,True,2026-06-11 01:14:55,1.0,3,3.0,,SETTLEMENT,0.0030000000000000027,0.10010010010010019,54,WIN,False,,,,NO
21,2026-06-11,2026-06-11 01:16:14,2026-06-11 01:29:56,KXETH15M-26JUN110130-30,9.93,9.933,0.0030000000000001137,0.030211480362538908,1,NO,2026-06-11 01:28:59,0.999,3,2.997,a2195edf-1983-470f-ae55-fa2c002b18bb,True,2026-06-11 01:29:56,1.0,3,3.0,,SETTLEMENT,0.0030000000000000027,0.10010010010010019,57,WIN,False,,,,NO
22,2026-06-11,2026-06-11 01:31:08,2026-06-11 01:44:55,KXETH15M-26JUN110145-45,9.93,9.933,0.0030000000000001137,0.030211480362538908,1,YES,2026-06-11 01:44:00,0.999,3,2.997,969df3bb-f970-4a1b-ae16-b79f1b0e61a8,True,2026-06-11 01:44:55,1.0,3,3.0,,SETTLEMENT,0.0030000000000000027,0.10010010010010019,55,WIN,False,,,,YES
23,2026-06-11,2026-06-11 01:46:13,2026-06-11 01:59:58,KXETH15M-26JUN110200-00,9.93,9.933,0.0030000000000001137,0.030211480362538908,1,NO,2026-06-11 01:58:51,0.999,3,2.997,cad6af97-dbbf-4323-9cb2-b91ef265480c,True,2026-06-11 01:59:58,1.0,3,3.0,,SETTLEMENT,0.0030000000000000027,0.10010010010010019,67,WIN,False,,,,NO
365,2026-06-11,2026-06-11 05:01:00,2026-06-11 05:14:58,KXETH15M-26JUN110515-15,9.94,9.943,0.0030000000000001137,0.03018108651911583,1,NO,2026-06-11 05:14:01,0.999,3,2.997,a1c600fb-0cc0-4503-835f-3b82bb50532c,True,2026-06-11 05:14:58,1.0,3,3.0,,SETTLEMENT,0.0030000000000000027,0.10010010010010019,57,WIN,False,,,,NO
366,2026-06-11,2026-06-11 05:16:08,2026-06-11 05:29:56,KXETH15M-26JUN110530-30,9.95,9.953,0.0030000000000001137,0.030150753768845368,1,NO,2026-06-11 05:29:01,0.999,3,2.997,f09fb67f-35aa-4de5-9e69-e296a8ef7a13,True,2026-06-11 05:29:56,1.0,3,3.0,,SETTLEMENT,0.0030000000000000027,0.10010010010010019,55,WIN,False,,,,NO
367,2026-06-11,2026-06-11 05:31:08,2026-06-11 05:44:57,KXETH15M-26JUN110545-45,9.95,9.953,0.0030000000000001137,0.030150753768845368,1,YES,2026-06-11 05:43:02,0.999,3,2.997,73b48cf8-e1cb-41f3-981c-09737dda5a51,True,2026-06-11 05:44:57,1.0,3,3.0,,SETTLEMENT,0.0030000000000000027,0.10010010010010019,115,WIN,False,,,,YES
369,2026-06-11,2026-06-11 06:01:03,2026-06-11 06:14:56,KXETH15M-26JUN110615-15,9.96,9.963000000000001,0.0030000000000001137,0.030120481927711985,1,NO,2026-06-11 06:14:13,0.999,3,2.997,6357c69f-7e66-4466-b74d-d385f0bae4da,True,2026-06-11 06:14:56,1.0,3,3.0,,SETTLEMENT,0.0030000000000000027,0.10010010010010019,43,WIN,False,,,,NO
370,2026-06-11,2026-06-11 06:16:08,2026-06-11 06:29:55,KXETH15M-26JUN110630-30,9.96,9.963000000000001,0.0030000000000001137,0.030120481927711985,1,NO,2026-06-11 06:28:33,0.999,3,2.997,7957dd9f-0ad5-4bc6-a1eb-e6a20c6da455,True,2026-06-11 06:29:55,1.0,3,3.0,,SETTLEMENT,0.0030000000000000027,0.10010010010010019,82,WIN,False,,,,NO
371,2026-06-11,2026-06-11 06:31:02,2026-06-11 06:44:58,KXETH15M-26JUN110645-45,9.97,9.973,0.0030000000000001137,0.030090270812438452,1,YES,2026-06-11 06:44:31,0.999,3,2.997,c06d9dc2-4ae3-427e-8d75-a4792af4d1d8,True,2026-06-11 06:44:58,1.0,3,3.0,,SETTLEMENT,0.0030000000000000027,0.10010010010010019,27,WIN,False,,,,YES
372,2026-06-11,2026-06-11 06:46:08,2026-06-11 06:59:59,KXETH15M-26JUN110700-00,9.97,9.973,0.0030000000000001137,0.030090270812438452,1,YES,2026-06-11 06:58:56,0.999,3,2.997,33d8862e-66b8-4260-b85e-f5dc1d876a21,True,2026-06-11 06:59:59,1.0,3,3.0,,SETTLEMENT,0.0030000000000000027,0.10010010010010019,63,WIN,False,,,,YES
373,2026-06-11,2026-06-11 07:01:09,2026-06-11 07:14:58,KXETH15M-26JUN110715-15,9.98,9.983,0.0030000000000001137,0.0300601202404821,1,YES,2026-06-11 07:14:03,0.999,3,2.997,6284650b-0083-475f-b16b-102245d944e0,True,2026-06-11 07:14:58,1.0,3,3.0,,SETTLEMENT,0.0030000000000000027,0.10010010010010019,55,WIN,False,,,,YES
374,2026-06-11,2026-06-11 07:16:14,2026-06-11 07:29:55,KXETH15M-26JUN110730-30,9.98,9.983,0.0030000000000001137,0.0300601202404821,1,YES,2026-06-11 07:29:30,0.999,3,2.997,e4e68e83-f34d-4b0c-8c8f-54b7f19d0d93,True,2026-06-11 07:29:55,1.0,3,3.0,,SETTLEMENT,0.0030000000000000027,0.10010010010010019,25,WIN,False,,,,YES
375,2026-06-11,2026-06-11 07:31:03,2026-06-11 07:44:56,KXETH15M-26JUN110745-45,9.99,9.994,0.0039999999999995595,0.04004004004003563,1,NO,2026-06-11 07:44:18,0.999,4,3.996,92bd1f6f-5f47-402b-8913-3b9f657cba4e,True,2026-06-11 07:44:56,1.0,4,4.0,,SETTLEMENT,0.0040000000000000036,0.10010010010010019,38,WIN,False,,,,NO
378,2026-06-11,2026-06-11 08:16:02,2026-06-11 08:29:55,KXETH15M-26JUN110830-30,10.0,10.004,0.0039999999999995595,0.039999999999995595,1,NO,2026-06-11 08:28:30,0.999,4,3.996,43c717d7-3876-4b01-9be3-d7a929904ea3,True,2026-06-11 08:29:55,1.0,4,4.0,,SETTLEMENT,0.0040000000000000036,0.10010010010010019,85,WIN,False,,,,NO
380,2026-06-11,2026-06-11 08:46:02,2026-06-11 08:59:57,KXETH15M-26JUN110900-00,10.01,10.018,0.008000000000000895,0.07992007992008887,1,YES,2026-06-11 08:58:54,0.998,4,3.992,8f6656d8-1366-4ba0-919e-5d8a8aa29f97,True,2026-06-11 08:59:57,1.0,4,4.0,,SETTLEMENT,0.008000000000000007,0.20040080160320656,63,WIN,False,,,,YES
381,2026-06-11,2026-06-11 09:01:13,2026-06-11 09:14:56,KXETH15M-26JUN110915-15,10.02,10.024,0.0039999999999995595,0.03992015968063433,1,NO,2026-06-11 09:13:56,0.999,4,3.996,c77ee1e6-efdc-489c-b070-17f35853c736,True,2026-06-11 09:14:56,1.0,4,4.0,,SETTLEMENT,0.0040000000000000036,0.10010010010010019,60,WIN,False,,,,NO
3,2026-06-11,2026-06-11 12:01:06,2026-06-11 12:14:56,KXETH15M-26JUN111215-15,10.05,10.054,0.0039999999999995595,0.039800995024871236,1,YES,2026-06-11 12:14:01,0.999,4,3.996,f3949d4f-4b9a-43cb-8598-41572ce153f8,True,2026-06-11 12:14:56,1.0,4,4.0,,SETTLEMENT,0.0040000000000000036,0.10010010010010019,55,WIN,False,,,,YES
4,2026-06-11,2026-06-11 12:16:08,2026-06-11 12:29:55,KXETH15M-26JUN111230-30,10.06,10.064,0.0039999999999995595,0.03976143141152644,1,NO,2026-06-11 12:28:26,0.999,4,3.996,23720681-15b6-42b0-bd17-15b7f2098995,True,2026-06-11 12:29:55,1.0,4,4.0,,SETTLEMENT,0.0040000000000000036,0.10010010010010019,89,WIN,False,,,,NO
5,2026-06-11,2026-06-11 12:31:13,2026-06-11 12:44:59,KXETH15M-26JUN111245-45,10.07,10.074,0.0039999999999995595,0.039721946375368015,1,YES,2026-06-11 12:44:14,0.999,4,3.996,dd738952-f85d-45ff-af39-bfd9d3fd5a7b,True,2026-06-11 12:44:59,1.0,4,4.0,,SETTLEMENT,0.0040000000000000036,0.10010010010010019,45,WIN,False,,,,YES
6,2026-06-11,2026-06-11 12:46:13,2026-06-11 12:59:59,KXETH15M-26JUN111300-00,10.07,10.074,0.0039999999999995595,0.039721946375368015,1,NO,2026-06-11 12:59:00,0.999,4,3.996,39c88603-578c-43d8-b130-f0816f89d0ce,True,2026-06-11 12:59:59,1.0,4,4.0,,SETTLEMENT,0.0040000000000000036,0.10010010010010019,59,WIN,False,,,,NO
7,2026-06-11,2026-06-11 13:01:13,2026-06-11 13:14:56,KXETH15M-26JUN111315-15,10.08,10.084,0.0039999999999995595,0.039682539682535316,1,NO,2026-06-11 13:13:55,0.999,4,3.996,beaf656b-c5e4-4e52-ab4a-5400125524be,True,2026-06-11 13:14:56,1.0,4,4.0,,SETTLEMENT,0.0040000000000000036,0.10010010010010019,61,WIN,False,,,,NO
8,2026-06-11,2026-06-11 13:16:14,2026-06-11 13:29:57,KXETH15M-26JUN111330-30,10.09,10.094,0.0039999999999995595,0.03964321110009474,1,YES,2026-06-11 13:28:52,0.999,4,3.996,f20120c8-8528-4e2f-aba6-c446f84bcefd,True,2026-06-11 13:29:57,1.0,4,4.0,,SETTLEMENT,0.0040000000000000036,0.10010010010010019,65,WIN,False,,,,YES
9,2026-06-11,2026-06-11 13:31:08,2026-06-11 13:45:00,KXETH15M-26JUN111345-45,10.09,10.094,0.0039999999999995595,0.03964321110009474,1,YES,2026-06-11 13:42:43,0.999,4,3.996,f7b941df-5af4-42c4-b6fc-34a84e5b5df6,True,2026-06-11 13:45:00,1.0,4,4.0,,SETTLEMENT,0.0040000000000000036,0.10010010010010019,137,WIN,False,,,,YES
10,2026-06-11,2026-06-11 13:46:13,2026-06-11 13:59:57,KXETH15M-26JUN111400-00,10.1,10.108,0.008000000000000895,0.07920792079208808,1,YES,2026-06-11 13:57:54,0.998,4,3.992,a04c8266-fbe0-4e9a-a6a9-e06b0478e518,True,2026-06-11 13:59:57,1.0,4,4.0,,SETTLEMENT,0.008000000000000007,0.20040080160320656,123,WIN,False,,,,YES
11,2026-06-11,2026-06-11 14:01:08,2026-06-11 14:14:59,KXETH15M-26JUN111415-15,10.11,10.113,0.0030000000000001137,0.029673590504452164,1,NO,2026-06-11 14:14:02,0.999,3,2.997,152d4122-d108-4336-8e41-af95eaed526c,True,2026-06-11 14:14:59,1.0,3,3.0,,SETTLEMENT,0.0030000000000000027,0.10010010010010019,57,WIN,False,,,,NO
12,2026-06-11,2026-06-11 14:16:13,2026-06-11 14:29:55,KXETH15M-26JUN111430-30,10.12,10.123999999999999,0.0039999999999995595,0.03952569169960039,1,NO,2026-06-11 14:29:31,0.999,4,3.996,e9a91980-7959-4094-8e03-eb34c2673746,True,2026-06-11 14:29:55,1.0,4,4.0,,SETTLEMENT,0.0040000000000000036,0.10010010010010019,24,WIN,False,,,,NO
13,2026-06-11,2026-06-11 14:31:13,2026-06-11 14:44:57,KXETH15M-26JUN111445-45,10.13,10.138000000000002,0.008000000000000895,0.07897334649556657,1,YES,2026-06-11 14:43:21,0.998,4,3.992,2d2c9bf0-8794-4b59-a36b-5b30495666d6,True,2026-06-11 14:44:57,1.0,4,4.0,,SETTLEMENT,0.008000000000000007,0.20040080160320656,96,WIN,False,,,,YES
14,2026-06-11,2026-06-11 14:46:08,2026-06-11 14:59:57,KXETH15M-26JUN111500-00,10.14,10.148,0.007999999999999119,0.07889546351083943,1,NO,2026-06-11 14:59:17,0.998,4,3.992,9dabca12-6a5c-4e22-b176-92cbdb2cc356,True,2026-06-11 14:59:57,1.0,4,4.0,,SETTLEMENT,0.008000000000000007,0.20040080160320656,40,WIN,False,,,,NO
15,2026-06-11,2026-06-11 15:01:13,2026-06-11 15:14:55,KXETH15M-26JUN111515-15,10.15,10.154,0.0039999999999995595,0.039408866995069555,1,NO,2026-06-11 15:14:12,0.999,4,3.996,f27b2450-0c73-40be-8667-5300b0a38f60,True,2026-06-11 15:14:55,1.0,4,4.0,,SETTLEMENT,0.0040000000000000036,0.10010010010010019,43,WIN,False,,,,NO
16,2026-06-11,2026-06-11 15:16:13,2026-06-11 15:29:57,KXETH15M-26JUN111530-30,10.15,10.154,0.0039999999999995595,0.039408866995069555,1,YES,2026-06-11 15:29:24,0.999,4,3.996,39dfd3f5-e0a3-4f37-b1fb-b92bfe1f13e6,True,2026-06-11 15:29:57,1.0,4,4.0,,SETTLEMENT,0.0040000000000000036,0.10010010010010019,33,WIN,False,,,,YES
17,2026-06-11,2026-06-11 15:31:08,2026-06-11 15:45:00,KXETH15M-26JUN111545-45,10.17,10.174,0.0039999999999995595,0.03933136676499075,1,YES,2026-06-11 15:43:00,0.999,4,3.996,95c78de4-5789-410d-9813-20802a7c85bb,True,2026-06-11 15:45:00,1.0,4,4.0,,SETTLEMENT,0.0040000000000000036,0.10010010010010019,120,WIN,False,,,,YES
18,2026-06-11,2026-06-11 15:46:13,2026-06-11 15:59:59,KXETH15M-26JUN111600-00,10.18,10.184,0.0039999999999995595,0.03929273084478938,1,NO,2026-06-11 15:58:29,0.999,4,3.996,dfaf0675-6bef-4c19-92ff-0e34b8e290e4,True,2026-06-11 15:59:59,1.0,4,4.0,,SETTLEMENT,0.0040000000000000036,0.10010010010010019,90,WIN,False,,,,NO
19,2026-06-11,2026-06-11 16:01:08,2026-06-11 16:14:59,KXETH15M-26JUN111615-15,10.19,10.193999999999999,0.0039999999999995595,0.039254170755638466,1,NO,2026-06-11 16:14:01,0.999,4,3.996,01f2660a-9717-4840-afb8-3eae753483a2,True,2026-06-11 16:14:59,1.0,4,4.0,,SETTLEMENT,0.0040000000000000036,0.10010010010010019,58,WIN,False,,,,NO
1,2026-06-11,2026-06-11 16:51:43,2026-06-11 16:59:59,KXETH15M-26JUN111700-00,10.2,10.203999999999999,0.0039999999999995595,0.03921568627450549,1,YES,2026-06-11 16:58:41,0.999,4,3.996,f15e73a8-f0a4-4e24-9b18-d7fb6c62a786,True,2026-06-11 16:59:59,1.0,4,4.0,,SETTLEMENT,0.0040000000000000036,0.10010010010010019,78,WIN,False,,,,YES
2,2026-06-11,2026-06-11 17:01:13,2026-06-11 17:14:55,KXETH15M-26JUN111715-15,10.2,10.203999999999999,0.0039999999999995595,0.03921568627450549,1,YES,2026-06-11 17:13:06,0.999,4,3.996,ae005ee3-e4cd-4f5c-bd29-17f8b3d11c78,True,2026-06-11 17:14:55,1.0,4,4.0,,SETTLEMENT,0.0040000000000000036,0.10010010010010019,109,WIN,False,,,,YES
3,2026-06-11,2026-06-11 17:16:07,2026-06-11 17:29:56,KXETH15M-26JUN111730-30,10.21,10.214,0.0039999999999995595,0.03917727717923172,1,NO,2026-06-11 17:28:34,0.999,4,3.996,754332b8-5ab8-44f2-bbdc-f305276d70b1,True,2026-06-11 17:29:56,1.0,4,4.0,,SETTLEMENT,0.0040000000000000036,0.10010010010010019,82,WIN,False,,,,NO
4,2026-06-11,2026-06-11 17:31:13,2026-06-11 17:44:56,KXETH15M-26JUN111745-45,10.22,10.224,0.0039999999999995595,0.03913894324852798,1,YES,2026-06-11 17:44:19,0.999,4,3.996,64f1b819-65d4-44d6-80b2-9cdddf3b7d24,True,2026-06-11 17:44:56,1.0,4,4.0,,SETTLEMENT,0.0040000000000000036,0.10010010010010019,37,WIN,False,,,,YES
6,2026-06-11,2026-06-11 18:01:03,2026-06-11 18:14:58,KXETH15M-26JUN111815-15,10.26,10.264,0.0039999999999995595,0.03898635477582416,1,YES,2026-06-11 18:14:00,0.999,4,3.996,7694e2b2-0caa-4fef-94cc-81c104a792be,True,2026-06-11 18:14:58,1.0,4,4.0,,SETTLEMENT,0.0040000000000000036,0.10010010010010019,58,WIN,False,,,,YES
7,2026-06-11,2026-06-11 18:16:13,2026-06-11 18:29:55,KXETH15M-26JUN111830-30,10.27,10.273,0.0030000000000001137,0.029211295034080955,1,NO,2026-06-11 18:28:44,0.999,3,2.997,fa1c25cd-97c8-4980-9bab-166597cbf20e,True,2026-06-11 18:29:55,1.0,3,3.0,,SETTLEMENT,0.0030000000000000027,0.10010010010010019,71,WIN,False,,,,NO
8,2026-06-11,2026-06-11 18:31:14,2026-06-11 18:44:59,KXETH15M-26JUN111845-45,10.27,10.274,0.0039999999999995595,0.03894839337876884,1,NO,2026-06-11 18:44:36,0.999,4,3.996,619829c0-9743-426e-8bac-22565a831c21,True,2026-06-11 18:44:59,1.0,4,4.0,,SETTLEMENT,0.0040000000000000036,0.10010010010010019,23,WIN,False,,,,NO
9,2026-06-11,2026-06-11 18:46:13,2026-06-11 18:59:59,KXETH15M-26JUN111900-00,10.28,10.292,0.012000000000000455,0.11673151750973204,1,YES,2026-06-11 18:59:16,0.997,4,3.988,1ba63274-3402-4cb3-a255-3f766f63c229,True,2026-06-11 18:59:59,1.0,4,4.0,,SETTLEMENT,0.01200000000000001,0.3009027081243734,43,WIN,False,,,,YES
10,2026-06-11,2026-06-11 19:01:09,2026-06-11 19:15:00,KXETH15M-26JUN111915-15,10.21,10.214,0.0039999999999995595,0.03917727717923172,1,NO,2026-06-11 19:13:52,0.999,4,3.996,3cbd9cff-228b-4684-898d-827a714e0637,True,2026-06-11 19:15:00,1.0,4,4.0,,SETTLEMENT,0.0040000000000000036,0.10010010010010019,68,WIN,False,,,,NO
11,2026-06-11,2026-06-11 19:16:07,2026-06-11 19:30:00,KXETH15M-26JUN111930-30,10.22,10.224,0.0039999999999995595,0.03913894324852798,1,NO,2026-06-11 19:28:41,0.999,4,3.996,ec57dc29-53ce-41d9-b62f-ce939e759558,True,2026-06-11 19:30:00,1.0,4,4.0,,SETTLEMENT,0.0040000000000000036,0.10010010010010019,79,WIN,False,,,,NO
12,2026-06-11,2026-06-11 19:31:13,2026-06-11 19:44:57,KXETH15M-26JUN111945-45,10.23,10.234,0.0039999999999995595,0.039100684261970275,1,YES,2026-06-11 19:42:40,0.999,4,3.996,7e1b366c-e219-49e0-b809-597d5e12fad6,True,2026-06-11 19:44:57,1.0,4,4.0,,SETTLEMENT,0.0040000000000000036,0.10010010010010019,137,WIN,False,,,,YES
13,2026-06-11,2026-06-11 19:46:08,2026-06-11 19:59:58,KXETH15M-26JUN112000-00,10.24,10.244,0.0039999999999995595,0.0390624999999957,1,NO,2026-06-11 19:58:32,0.999,4,3.996,790f6739-2e60-4ea2-82e2-9c0b4945d046,True,2026-06-11 19:59:58,1.0,4,4.0,,SETTLEMENT,0.0040000000000000036,0.10010010010010019,86,WIN,False,,,,NO
14,2026-06-11,2026-06-11 20:01:14,2026-06-11 20:14:55,KXETH15M-26JUN112015-15,10.25,10.254,0.0039999999999995595,0.039024390243898144,1,YES,2026-06-11 20:14:03,0.999,4,3.996,2ece83f7-66b8-4978-b006-2e8146d4e510,True,2026-06-11 20:14:55,1.0,4,4.0,,SETTLEMENT,0.0040000000000000036,0.10010010010010019,52,WIN,False,,,,YES
15,2026-06-11,2026-06-11 20:16:14,2026-06-11 20:30:00,KXETH15M-26JUN112030-30,10.25,10.254,0.0039999999999995595,0.039024390243898144,1,NO,2026-06-11 20:28:01,0.999,4,3.996,c1cc5f09-a92e-448f-833d-7ef8122d34e0,True,2026-06-11 20:30:00,1.0,4,4.0,,SETTLEMENT,0.0040000000000000036,0.10010010010010019,119,WIN,False,,,,NO
16,2026-06-11,2026-06-11 20:31:08,2026-06-11 20:44:56,KXETH15M-26JUN112045-45,10.26,10.264,0.0039999999999995595,0.03898635477582416,1,YES,2026-06-11 20:44:18,0.999,4,3.996,094e7881-b507-4bdf-b465-1e936b54b8d4,True,2026-06-11 20:44:56,1.0,4,4.0,,SETTLEMENT,0.0040000000000000036,0.10010010010010019,38,WIN,False,,,,YES
17,2026-06-11,2026-06-11 20:46:08,2026-06-11 20:59:57,KXETH15M-26JUN112100-00,10.27,10.274,0.0039999999999995595,0.03894839337876884,1,NO,2026-06-11 20:59:22,0.999,4,3.996,14124b2b-3588-4625-b771-23d536b9cce4,True,2026-06-11 20:59:57,1.0,4,4.0,,SETTLEMENT,0.0040000000000000036,0.10010010010010019,35,WIN,False,,,,NO
18,2026-06-11,2026-06-11 21:01:03,2026-06-11 21:14:58,KXETH15M-26JUN112115-15,10.27,10.274,0.0039999999999995595,0.03894839337876884,1,NO,2026-06-11 21:12:41,0.999,4,3.996,d78d58fe-ecf0-4d43-a786-fffa8e99048c,True,2026-06-11 21:14:58,1.0,4,4.0,,SETTLEMENT,0.0040000000000000036,0.10010010010010019,137,WIN,False,,,,NO
19,2026-06-11,2026-06-11 21:16:13,2026-06-11 21:29:56,KXETH15M-26JUN112130-30,10.28,10.283999999999999,0.0039999999999995595,0.03891050583657159,1,NO,2026-06-11 21:27:58,0.999,4,3.996,3bc647d4-55ea-4aee-b4bc-6d27ba54ff98,True,2026-06-11 21:29:56,1.0,4,4.0,,SETTLEMENT,0.0040000000000000036,0.10010010010010019,118,WIN,False,,,,NO
20,2026-06-11,2026-06-11 21:31:14,2026-06-11 21:44:59,KXETH15M-26JUN112145-45,10.29,10.293999999999999,0.0039999999999995595,0.03887269193391215,1,YES,2026-06-11 21:44:00,0.999,4,3.996,144c0b82-79f0-4282-a7d9-ec156d3ad580,True,2026-06-11 21:44:59,1.0,4,4.0,,SETTLEMENT,0.0040000000000000036,0.10010010010010019,59,WIN,False,,,,YES
21,2026-06-11,2026-06-11 21:46:13,2026-06-11 21:59:55,KXETH15M-26JUN112200-00,10.3,10.304,0.0039999999999995595,0.0388349514563064,1,YES,2026-06-11 21:59:10,0.999,4,3.996,4f4e07a3-c9c1-4288-a220-906682c37583,True,2026-06-11 21:59:55,1.0,4,4.0,,SETTLEMENT,0.0040000000000000036,0.10010010010010019,45,WIN,False,,,,YES
22,2026-06-11,2026-06-11 22:01:14,2026-06-11 22:15:00,KXETH15M-26JUN112215-15,10.3,10.304,0.0039999999999995595,0.0388349514563064,1,YES,2026-06-11 22:12:47,0.999,4,3.996,6803f5c6-20e0-46f5-8fe4-5c73d229e7bb,True,2026-06-11 22:15:00,1.0,4,4.0,,SETTLEMENT,0.0040000000000000036,0.10010010010010019,133,WIN,False,,,,YES
23,2026-06-11,2026-06-11 22:16:07,2026-06-11 22:30:00,KXETH15M-26JUN112230-30,10.31,10.314,0.0039999999999995595,0.03879728419010242,1,NO,2026-06-11 22:29:06,0.999,4,3.996,d12485d4-2006-4ff4-a3b2-045780a1f52f,True,2026-06-11 22:30:00,1.0,4,4.0,,SETTLEMENT,0.0040000000000000036,0.10010010010010019,54,WIN,False,,,,NO
24,2026-06-11,2026-06-11 22:31:07,2026-06-11 22:44:59,KXETH15M-26JUN112245-45,10.32,10.324,0.0039999999999995595,0.038759689922476345,1,YES,2026-06-11 22:44:14,0.999,4,3.996,2805718d-aebb-4c12-a55e-68e9db8735c6,True,2026-06-11 22:44:59,1.0,4,4.0,,SETTLEMENT,0.0040000000000000036,0.10010010010010019,45,WIN,False,,,,YES
25,2026-06-11,2026-06-11 22:46:13,2026-06-11 22:59:58,KXETH15M-26JUN112300-00,10.33,10.334,0.0039999999999995595,0.03872216844142846,1,NO,2026-06-11 22:59:02,0.999,4,3.996,f5987596-9b19-4e7f-910c-91053135cbb6,True,2026-06-11 22:59:58,1.0,4,4.0,,SETTLEMENT,0.0040000000000000036,0.10010010010010019,56,WIN,False,,,,NO
26,2026-06-11,2026-06-11 23:01:03,2026-06-11 23:15:00,KXETH15M-26JUN112315-15,10.33,10.334,0.0039999999999995595,0.03872216844142846,1,NO,2026-06-11 23:13:43,0.999,4,3.996,0c2e5694-4e14-487b-9878-5d9e9c91aaf7,True,2026-06-11 23:15:00,1.0,4,4.0,,SETTLEMENT,0.0040000000000000036,0.10010010010010019,77,WIN,False,,,,NO
27,2026-06-11,2026-06-11 23:16:13,2026-06-11 23:30:00,KXETH15M-26JUN112330-30,10.34,10.344,0.0039999999999995595,0.0386847195357791,1,NO,2026-06-11 23:28:46,0.999,4,3.996,7a4dfef3-6f97-49d9-890c-da4b1f605aec,True,2026-06-11 23:30:00,1.0,4,4.0,,SETTLEMENT,0.0040000000000000036,0.10010010010010019,74,WIN,False,,,,NO
29,2026-06-11,2026-06-11 23:46:06,2026-06-11 23:59:56,KXETH15M-26JUN120000-00,10.35,10.354,0.0039999999999995595,0.03864734299516483,1,YES,2026-06-11 23:59:02,0.999,4,3.996,cd545742-949b-48eb-94b1-054ad14d4c7e,True,2026-06-11 23:59:56,1.0,4,4.0,,SETTLEMENT,0.0040000000000000036,0.10010010010010019,54,WIN,False,,,,YES
30,2026-06-12,2026-06-12 00:01:10,2026-06-12 00:14:58,KXETH15M-26JUN120015-15,10.36,10.404,0.04400000000000048,0.4247104247104294,1,NO,2026-06-12 00:13:47,0.989,4,3.956,9ca8320b-1843-4f2f-a5bc-7d14a5ea4f6b,True,2026-06-12 00:14:58,1.0,4,4.0,,SETTLEMENT,0.04400000000000004,1.1122345803842275,71,WIN,False,,,,NO
31,2026-06-12,2026-06-12 00:16:14,2026-06-12 00:29:58,KXETH15M-26JUN120030-30,10.4,10.408000000000001,0.008000000000000895,0.07692307692308553,1,YES,2026-06-12 00:28:01,0.998,4,3.992,e425ebdc-b471-4450-b790-3f1665ffbcf4,True,2026-06-12 00:29:58,1.0,4,4.0,,SETTLEMENT,0.008000000000000007,0.20040080160320656,117,WIN,False,,,,YES
32,2026-06-12,2026-06-12 00:31:08,2026-06-12 00:44:57,KXETH15M-26JUN120045-45,10.41,10.414,0.0039999999999995595,0.03842459173870854,1,YES,2026-06-12 00:44:02,0.999,4,3.996,d04a3c1f-057b-4908-8d44-7b615372f604,True,2026-06-12 00:44:57,1.0,4,4.0,,SETTLEMENT,0.0040000000000000036,0.10010010010010019,55,WIN,False,,,,YES
34,2026-06-12,2026-06-12 01:01:02,2026-06-12 01:14:58,KXETH15M-26JUN120115-15,10.43,10.434,0.0039999999999995595,0.03835091083412809,1,NO,2026-06-12 01:12:44,0.999,4,3.996,1ebc0ec9-d44d-486c-9afb-831c7d527041,True,2026-06-12 01:14:58,1.0,4,4.0,,SETTLEMENT,0.0040000000000000036,0.10010010010010019,134,WIN,False,,,,NO
36,2026-06-12,2026-06-12 01:31:02,2026-06-12 01:44:55,KXETH15M-26JUN120145-45,10.44,10.443999999999999,0.0039999999999995595,0.03831417624520651,1,NO,2026-06-12 01:43:59,0.999,4,3.996,ec47a1d4-8527-4813-a6b8-f8eda0dc87ce,True,2026-06-12 01:44:55,1.0,4,4.0,,SETTLEMENT,0.0040000000000000036,0.10010010010010019,56,WIN,False,,,,NO
38,2026-06-12,2026-06-12 02:01:03,2026-06-12 02:14:56,KXETH15M-26JUN120215-15,10.45,10.453999999999999,0.0039999999999995595,0.038277511961718275,1,NO,2026-06-12 02:14:04,0.999,4,3.996,1a4c5268-eb1b-47cb-835f-c18f72f9e750,True,2026-06-12 02:14:56,1.0,4,4.0,,SETTLEMENT,0.0040000000000000036,0.10010010010010019,52,WIN,False,,,,NO
39,2026-06-12,2026-06-12 02:16:08,2026-06-12 02:30:00,KXETH15M-26JUN120230-30,10.46,10.464,0.0039999999999995595,0.03824091778202256,1,NO,2026-06-12 02:29:05,0.999,4,3.996,08988273-a018-41e3-90d0-1d2d6a661f85,True,2026-06-12 02:30:00,1.0,4,4.0,,SETTLEMENT,0.0040000000000000036,0.10010010010010019,55,WIN,False,,,,NO
40,2026-06-12,2026-06-12 02:31:13,2026-06-12 02:44:59,KXETH15M-26JUN120245-45,10.47,10.474,0.0039999999999995595,0.038204393505248894,1,NO,2026-06-12 02:44:03,0.999,4,3.996,1cb6d25a-af58-4c5d-9ed8-638704f8393d,True,2026-06-12 02:44:59,1.0,4,4.0,,SETTLEMENT,0.0040000000000000036,0.10010010010010019,56,WIN,False,,,,NO
41,2026-06-12,2026-06-12 02:46:14,2026-06-12 02:59:56,KXETH15M-26JUN120300-00,10.47,10.474,0.0039999999999995595,0.038204393505248894,1,YES,2026-06-12 02:58:51,0.999,4,3.996,cb6e8141-cc12-4829-a788-7ae37ebb1b2b,True,2026-06-12 02:59:56,1.0,4,4.0,,SETTLEMENT,0.0040000000000000036,0.10010010010010019,65,WIN,False,,,,YES
43,2026-06-12,2026-06-12 03:16:07,2026-06-12 03:29:55,KXETH15M-26JUN120330-30,10.48,10.484,0.0039999999999995595,0.038167938931293506,1,YES,2026-06-12 03:29:17,0.999,4,3.996,c024e96c-1dda-4102-a927-17ebb745d385,True,2026-06-12 03:29:55,1.0,4,4.0,,SETTLEMENT,0.0040000000000000036,0.10010010010010019,38,WIN,False,,,,YES
44,2026-06-12,2026-06-12 03:31:08,2026-06-12 03:45:00,KXETH15M-26JUN120345-45,10.49,10.494,0.0039999999999995595,0.03813155386081563,1,YES,2026-06-12 03:43:54,0.999,4,3.996,ffd59cb1-cace-4916-893c-23f5a22b309b,True,2026-06-12 03:45:00,1.0,4,4.0,,SETTLEMENT,0.0040000000000000036,0.10010010010010019,66,WIN,False,,,,YES
45,2026-06-12,2026-06-12 03:46:13,2026-06-12 03:59:55,KXETH15M-26JUN120400-00,10.49,10.494,0.0039999999999995595,0.03813155386081563,1,YES,2026-06-12 03:59:17,0.999,4,3.996,65540f11-af28-4286-b697-9444bcf5422e,True,2026-06-12 03:59:55,1.0,4,4.0,,SETTLEMENT,0.0040000000000000036,0.10010010010010019,38,WIN,False,,,,YES
46,2026-06-12,2026-06-12 04:01:08,2026-06-12 04:14:56,KXETH15M-26JUN120415-15,10.5,10.504,0.0039999999999995595,0.0380952380952339,1,YES,2026-06-12 04:13:11,0.999,4,3.996,e875db2b-3f70-4c91-87c7-1888e403776d,True,2026-06-12 04:14:56,1.0,4,4.0,,SETTLEMENT,0.0040000000000000036,0.10010010010010019,105,WIN,False,,,,YES
47,2026-06-12,2026-06-12 04:16:08,2026-06-12 04:29:58,KXETH15M-26JUN120430-30,10.5,10.504,0.0039999999999995595,0.0380952380952339,1,YES,2026-06-12 04:28:02,0.999,4,3.996,2c2f7bc7-e1ee-4b40-b5d9-6e0b1b5cb963,True,2026-06-12 04:29:58,1.0,4,4.0,,SETTLEMENT,0.0040000000000000036,0.10010010010010019,116,WIN,False,,,,YES
48,2026-06-12,2026-06-12 04:31:08,2026-06-12 04:44:57,KXETH15M-26JUN120445-45,10.51,10.514,0.0039999999999995595,0.038058991436722735,1,NO,2026-06-12 04:43:13,0.999,4,3.996,71a3252e-86df-4cb9-8dec-6d92dd50139d,True,2026-06-12 04:44:57,1.0,4,4.0,,SETTLEMENT,0.0040000000000000036,0.10010010010010019,104,WIN,False,,,,NO
49,2026-06-12,2026-06-12 04:46:14,2026-06-12 04:59:55,KXETH15M-26JUN120500-00,10.51,10.514,0.0039999999999995595,0.038058991436722735,1,YES,2026-06-12 04:59:03,0.999,4,3.996,422286f0-4a10-4a9f-97a2-8fa6c63be2a1,True,2026-06-12 04:59:55,1.0,4,4.0,,SETTLEMENT,0.0040000000000000036,0.10010010010010019,52,WIN,False,,,,YES
50,2026-06-12,2026-06-12 05:01:08,2026-06-12 05:14:55,KXETH15M-26JUN120515-15,10.52,10.524,0.0039999999999995595,0.03802281368820874,1,YES,2026-06-12 05:14:17,0.999,4,3.996,6a8166e1-b4dd-4207-87df-4750f508e82e,True,2026-06-12 05:14:55,1.0,4,4.0,,SETTLEMENT,0.0040000000000000036,0.10010010010010019,38,WIN,False,,,,YES
51,2026-06-12,2026-06-12 05:16:08,2026-06-12 05:29:58,KXETH15M-26JUN120530-30,10.53,10.533999999999999,0.0039999999999995595,0.03798670465336714,1,YES,2026-06-12 05:27:40,0.999,4,3.996,41a79604-20ae-4ad3-9ca9-f77aaf599d56,True,2026-06-12 05:29:58,1.0,4,4.0,,SETTLEMENT,0.0040000000000000036,0.10010010010010019,138,WIN,False,,,,YES
53,2026-06-12,2026-06-12 05:46:01,2026-06-12 06:00:00,KXETH15M-26JUN120600-00,10.54,10.543999999999999,0.0039999999999995595,0.03795066413661822,1,NO,2026-06-12 05:59:21,0.999,4,3.996,7aa3cb0e-e2f2-44d6-8038-5ce1b5fc5994,True,2026-06-12 06:00:00,1.0,4,4.0,,SETTLEMENT,0.0040000000000000036,0.10010010010010019,39,WIN,False,,,,NO
55,2026-06-12,2026-06-12 06:16:02,2026-06-12 06:29:59,KXETH15M-26JUN120630-30,10.55,10.554,0.0039999999999995595,0.03791469194312378,1,NO,2026-06-12 06:28:01,0.999,4,3.996,ba405527-23fa-47f6-ba09-48baf7baa089,True,2026-06-12 06:29:59,1.0,4,4.0,,SETTLEMENT,0.0040000000000000036,0.10010010010010019,118,WIN,False,,,,NO
56,2026-06-12,2026-06-12 06:31:08,2026-06-12 06:44:58,KXETH15M-26JUN120645-45,10.56,10.564,0.0039999999999995595,0.0378787878787837,1,YES,2026-06-12 06:44:00,0.999,4,3.996,f762615b-9c75-4bea-838e-ef5784ac3c11,True,2026-06-12 06:44:58,1.0,4,4.0,,SETTLEMENT,0.0040000000000000036,0.10010010010010019,58,WIN,False,,,,YES
58,2026-06-12,2026-06-12 07:01:02,2026-06-12 07:14:56,KXETH15M-26JUN120715-15,10.56,10.564,0.0039999999999995595,0.0378787878787837,1,YES,2026-06-12 07:14:02,0.999,4,3.996,a53e7482-41cf-4e9c-8792-76c915d2c61e,True,2026-06-12 07:14:56,1.0,4,4.0,,SETTLEMENT,0.0040000000000000036,0.10010010010010019,54,WIN,False,,,,YES
60,2026-06-12,2026-06-12 07:31:02,2026-06-12 07:44:55,KXETH15M-26JUN120745-45,10.57,10.574,0.0039999999999995595,0.03784295175023235,1,NO,2026-06-12 07:44:02,0.999,4,3.996,691ea7f7-f585-4ee6-bd90-8c60b999be11,True,2026-06-12 07:44:55,1.0,4,4.0,,SETTLEMENT,0.0040000000000000036,0.10010010010010019,53,WIN,False,,,,NO
61,2026-06-12,2026-06-12 07:46:14,2026-06-12 07:59:59,KXETH15M-26JUN120800-00,10.57,10.574,0.0039999999999995595,0.03784295175023235,1,NO,2026-06-12 07:59:34,0.999,4,3.996,9fca3a8e-3979-47b1-acd6-1151eb3d8542,True,2026-06-12 07:59:59,1.0,4,4.0,,SETTLEMENT,0.0040000000000000036,0.10010010010010019,25,WIN,False,,,,NO
62,2026-06-12,2026-06-12 08:01:08,2026-06-12 08:14:58,KXETH15M-26JUN120815-15,10.58,10.584,0.0039999999999995595,0.037807183364835156,1,NO,2026-06-12 08:13:25,0.999,4,3.996,e2da8efb-118b-4ee3-87d1-fddc4289e145,True,2026-06-12 08:14:58,1.0,4,4.0,,SETTLEMENT,0.0040000000000000036,0.10010010010010019,93,WIN,False,,,,NO
63,2026-06-12,2026-06-12 08:16:08,2026-06-12 08:29:57,KXETH15M-26JUN120830-30,10.59,10.594,0.0039999999999995595,0.03777148253068517,1,NO,2026-06-12 08:28:18,0.999,4,3.996,d680e07e-df25-4ea4-8372-049c5cf183e3,True,2026-06-12 08:29:57,1.0,4,4.0,,SETTLEMENT,0.0040000000000000036,0.10010010010010019,99,WIN,False,,,,NO
64,2026-06-12,2026-06-12 08:31:08,2026-06-12 08:45:00,KXETH15M-26JUN120845-45,10.59,10.594,0.0039999999999995595,0.03777148253068517,1,NO,2026-06-12 08:44:22,0.999,4,3.996,6c927606-b536-4f57-86eb-958e2a826a80,True,2026-06-12 08:45:00,1.0,4,4.0,,SETTLEMENT,0.0040000000000000036,0.10010010010010019,38,WIN,False,,,,NO
67,2026-06-12,2026-06-12 09:16:07,2026-06-12 09:29:59,KXETH15M-26JUN120930-30,10.6,10.604,0.0039999999999995595,0.037735849056599616,1,NO,2026-06-12 09:29:19,0.999,4,3.996,6c72d295-434b-4969-87f7-76cba7e8c6ee,True,2026-06-12 09:29:59,1.0,4,4.0,,SETTLEMENT,0.0040000000000000036,0.10010010010010019,40,WIN,False,,,,NO
68,2026-06-12,2026-06-12 09:31:13,2026-06-12 09:45:00,KXETH15M-26JUN120945-45,10.61,10.613999999999999,0.0039999999999995595,0.03770028275211649,1,NO,2026-06-12 09:44:01,0.999,4,3.996,5b723616-48eb-46fa-a488-17fdcc8efca4,True,2026-06-12 09:45:00,1.0,4,4.0,,SETTLEMENT,0.0040000000000000036,0.10010010010010019,59,WIN,False,,,,NO
70,2026-06-12,2026-06-12 10:01:02,2026-06-12 10:14:56,KXETH15M-26JUN121015-15,10.62,10.623999999999999,0.0039999999999995595,0.03766478342749115,1,YES,2026-06-12 10:14:02,0.999,4,3.996,43d0b9bb-bc1c-4791-b97c-2e78fb743982,True,2026-06-12 10:14:56,1.0,4,4.0,,SETTLEMENT,0.0040000000000000036,0.10010010010010019,54,WIN,False,,,,YES
71,2026-06-12,2026-06-12 10:16:14,2026-06-12 10:29:59,KXETH15M-26JUN121030-30,10.63,10.634,0.0039999999999995595,0.03762935089369294,1,YES,2026-06-12 10:28:43,0.999,4,3.996,9bfdd036-0974-4d67-8a87-0000ef9f65ab,True,2026-06-12 10:29:59,1.0,4,4.0,,SETTLEMENT,0.0040000000000000036,0.10010010010010019,76,WIN,False,,,,YES
72,2026-06-12,2026-06-12 10:31:13,2026-06-12 10:44:57,KXETH15M-26JUN121045-45,10.63,10.634,0.0039999999999995595,0.03762935089369294,1,NO,2026-06-12 10:44:32,0.999,4,3.996,c5fa956c-d310-4eb3-9498-be273d60cfa4,True,2026-06-12 10:44:57,1.0,4,4.0,,SETTLEMENT,0.0040000000000000036,0.10010010010010019,25,WIN,False,,,,NO
73,2026-06-12,2026-06-12 10:46:14,2026-06-12 10:59:59,KXETH15M-26JUN121100-00,10.64,10.644,0.0039999999999995595,0.03759398496240187,1,YES,2026-06-12 10:57:47,0.999,4,3.996,41079912-5b42-46af-b5d2-66b5482242d8,True,2026-06-12 10:59:59,1.0,4,4.0,,SETTLEMENT,0.0040000000000000036,0.10010010010010019,132,WIN,False,,,,YES
74,2026-06-12,2026-06-12 11:01:13,2026-06-12 11:14:58,KXETH15M-26JUN121115-15,10.65,10.654,0.0039999999999995595,0.037558685446005255,1,YES,2026-06-12 11:13:51,0.999,4,3.996,a2fa6646-d5a5-4bed-b7b3-537482a8d37e,True,2026-06-12 11:14:58,1.0,4,4.0,,SETTLEMENT,0.0040000000000000036,0.10010010010010019,67,WIN,False,,,,YES
75,2026-06-12,2026-06-12 11:16:08,2026-06-12 11:29:57,KXETH15M-26JUN121130-30,10.67,10.674,0.0039999999999995595,0.03748828491096119,1,NO,2026-06-12 11:28:44,0.999,4,3.996,024cce8f-290c-4178-9a2b-00f56b5c958d,True,2026-06-12 11:29:57,1.0,4,4.0,,SETTLEMENT,0.0040000000000000036,0.10010010010010019,73,WIN,False,,,,NO
76,2026-06-12,2026-06-12 11:31:02,2026-06-12 11:44:59,KXETH15M-26JUN121145-45,10.67,10.674,0.0039999999999995595,0.03748828491096119,1,NO,2026-06-12 11:43:43,0.999,4,3.996,f7a38372-ee11-4c29-9005-fee383f359be,True,2026-06-12 11:44:59,1.0,4,4.0,,SETTLEMENT,0.0040000000000000036,0.10010010010010019,76,WIN,False,,,,NO
77,2026-06-12,2026-06-12 11:46:13,2026-06-12 11:59:55,KXETH15M-26JUN121200-00,10.68,10.684,0.0039999999999995595,0.037453183520595124,1,NO,2026-06-12 11:59:02,0.999,4,3.996,8766e926-ac91-4162-bcaf-0251d4192d40,True,2026-06-12 11:59:55,1.0,4,4.0,,SETTLEMENT,0.0040000000000000036,0.10010010010010019,53,WIN,False,,,,NO
78,2026-06-12,2026-06-12 12:01:14,2026-06-12 12:14:56,KXETH15M-26JUN121215-15,10.69,10.693999999999999,0.0039999999999995595,0.037418147801679694,1,YES,2026-06-12 12:13:33,0.999,4,3.996,36793b4a-dc0c-4f22-af6a-5b8c5fabf11d,True,2026-06-12 12:14:56,1.0,4,4.0,,SETTLEMENT,0.0040000000000000036,0.10010010010010019,83,WIN,False,,,,YES
80,2026-06-12,2026-06-12 12:31:02,2026-06-12 12:44:56,KXETH15M-26JUN121245-45,10.7,10.703999999999999,0.0039999999999995595,0.03738317757008934,1,NO,2026-06-12 12:44:35,0.999,4,3.996,e93eadb9-1f8b-4549-8ace-7d3732c3b6ba,True,2026-06-12 12:44:56,1.0,4,4.0,,SETTLEMENT,0.0040000000000000036,0.10010010010010019,21,WIN,False,,,,NO
81,2026-06-12,2026-06-12 12:46:14,2026-06-12 13:00:06,KXETH15M-26JUN121300-00,10.71,10.714,0.0039999999999995595,0.037348272642386174,1,YES,2026-06-12 12:59:02,0.999,4,3.996,245a6c6b-592e-47ff-8fdf-e7d016a33743,True,2026-06-12 13:00:06,1.0,4,4.0,,SETTLEMENT,0.0040000000000000036,0.10010010010010019,64,WIN,False,,,,YES
83,2026-06-12,2026-06-12 13:16:02,2026-06-12 13:30:00,KXETH15M-26JUN121330-30,10.73,10.746,0.016000000000000014,0.1491146318732527,1,NO,2026-06-12 13:29:23,0.996,4,3.984,ef37572c-d083-4d65-8fba-3f37fe5dd3de,True,2026-06-12 13:30:00,1.0,4,4.0,,SETTLEMENT,0.016000000000000014,0.40160642570281163,37,WIN,False,,,,NO
84,2026-06-12,2026-06-12 13:31:08,2026-06-12 13:44:58,KXETH15M-26JUN121345-45,10.74,10.744,0.0039999999999995595,0.03724394785846889,1,NO,2026-06-12 13:44:17,0.999,4,3.996,2eb3aa3d-15fd-434c-9ebd-cc30a3a91e69,True,2026-06-12 13:44:58,1.0,4,4.0,,SETTLEMENT,0.0040000000000000036,0.10010010010010019,41,WIN,False,,,,NO
87,2026-06-12,2026-06-12 14:16:02,2026-06-12 14:30:00,KXETH15M-26JUN121430-30,10.75,10.754,0.0039999999999995595,0.037209302325577294,1,NO,2026-06-12 14:29:01,0.999,4,3.996,618ae749-6305-4ebd-8f2b-0cf8609f99f7,True,2026-06-12 14:30:00,1.0,4,4.0,,SETTLEMENT,0.0040000000000000036,0.10010010010010019,59,WIN,False,,,,NO
88,2026-06-12,2026-06-12 14:31:13,2026-06-12 14:44:55,KXETH15M-26JUN121445-45,10.76,10.764,0.0039999999999995595,0.037174721189586986,1,YES,2026-06-12 14:43:02,0.999,4,3.996,3764a24e-00ac-4309-a984-21f48f6fe9d5,True,2026-06-12 14:44:55,1.0,4,4.0,,SETTLEMENT,0.0040000000000000036,0.10010010010010019,113,WIN,False,,,,YES
89,2026-06-12,2026-06-12 14:46:14,2026-06-12 15:00:00,KXETH15M-26JUN121500-00,10.77,10.774,0.0039999999999995595,0.0371402042711194,1,NO,2026-06-12 14:58:08,0.999,4,3.996,f6f136ed-a3cf-46c1-ae7a-c3128815a0c0,True,2026-06-12 15:00:00,1.0,4,4.0,,SETTLEMENT,0.0040000000000000036,0.10010010010010019,112,WIN,False,,,,NO
90,2026-06-12,2026-06-12 15:01:07,2026-06-12 15:15:00,KXETH15M-26JUN121515-15,10.77,10.774,0.0039999999999995595,0.0371402042711194,1,YES,2026-06-12 15:14:02,0.999,4,3.996,dafb1520-6aa1-4f31-8bc5-4e8f205bc387,True,2026-06-12 15:15:00,1.0,4,4.0,,SETTLEMENT,0.0040000000000000036,0.10010010010010019,58,WIN,False,,,,YES
1,2026-06-12,2026-06-12 15:52:44,2026-06-12 15:59:55,KXETH15M-26JUN121600-00,10.17,10.174,0.0039999999999995595,0.03933136676499075,1,NO,2026-06-12 15:59:33,0.999,4,3.996,7dad2cf2-a695-43b4-bfcb-02741ded25cc,True,2026-06-12 15:59:55,1.0,4,4.0,,SETTLEMENT,0.0040000000000000036,0.10010010010010019,22,WIN,False,,,,NO
6,2026-06-12,2026-06-12 17:01:07,2026-06-12 17:14:56,KXETH15M-26JUN121715-15,10.2,10.203999999999999,0.0039999999999995595,0.03921568627450549,1,YES,2026-06-12 17:14:01,0.999,4,3.996,8b70a8a3-ee4f-4c35-8a69-ba17da43c3df,True,2026-06-12 17:14:56,1.0,4,4.0,,SETTLEMENT,0.0040000000000000036,0.10010010010010019,55,WIN,False,,,,YES
7,2026-06-12,2026-06-12 17:16:14,2026-06-12 17:30:00,KXETH15M-26JUN121730-30,10.2,10.203999999999999,0.0039999999999995595,0.03921568627450549,1,NO,2026-06-12 17:29:06,0.999,4,3.996,f7ceea6f-907e-4f08-83cc-2e45d7365514,True,2026-06-12 17:30:00,1.0,4,4.0,,SETTLEMENT,0.0040000000000000036,0.10010010010010019,54,WIN,False,,,,NO
8,2026-06-12,2026-06-12 17:31:08,2026-06-12 17:44:57,KXETH15M-26JUN121745-45,10.22,10.224,0.0039999999999995595,0.03913894324852798,1,NO,2026-06-12 17:44:33,0.999,4,3.996,9c1bfde1-1de1-4de8-ba64-2e9c6e3c4334,True,2026-06-12 17:44:57,1.0,4,4.0,,SETTLEMENT,0.0040000000000000036,0.10010010010010019,24,WIN,False,,,,NO
9,2026-06-12,2026-06-12 17:46:08,2026-06-12 17:59:58,KXETH15M-26JUN121800-00,10.23,10.234,0.0039999999999995595,0.039100684261970275,1,NO,2026-06-12 17:58:27,0.999,4,3.996,28c47953-90b5-4b66-87f5-5a26aaecf3c2,True,2026-06-12 17:59:58,1.0,4,4.0,,SETTLEMENT,0.0040000000000000036,0.10010010010010019,91,WIN,False,,,,NO
10,2026-06-12,2026-06-12 18:01:08,2026-06-12 18:14:58,KXETH15M-26JUN121815-15,10.24,10.244,0.0039999999999995595,0.0390624999999957,1,NO,2026-06-12 18:14:21,0.999,4,3.996,359adc03-8c8b-47e2-b99a-6bebf56ec992,True,2026-06-12 18:14:58,1.0,4,4.0,,SETTLEMENT,0.0040000000000000036,0.10010010010010019,37,WIN,False,,,,NO
11,2026-06-12,2026-06-12 18:16:14,2026-06-12 18:30:00,KXETH15M-26JUN121830-30,10.24,10.244,0.0039999999999995595,0.0390624999999957,1,YES,2026-06-12 18:29:07,0.999,4,3.996,24a9894c-08dd-4054-9bc5-c1c0649f6c24,True,2026-06-12 18:30:00,1.0,4,4.0,,SETTLEMENT,0.0040000000000000036,0.10010010010010019,53,WIN,False,,,,YES
12,2026-06-12,2026-06-12 18:31:08,2026-06-12 18:45:00,KXETH15M-26JUN121845-45,10.25,10.254,0.0039999999999995595,0.039024390243898144,1,NO,2026-06-12 18:43:46,0.999,4,3.996,d3d6bcdf-8b68-46a2-8536-e50a451205a1,True,2026-06-12 18:45:00,1.0,4,4.0,,SETTLEMENT,0.0040000000000000036,0.10010010010010019,74,WIN,False,,,,NO
14,2026-06-12,2026-06-12 19:01:01,2026-06-12 19:15:00,KXETH15M-26JUN121915-15,10.26,10.264,0.0039999999999995595,0.03898635477582416,1,NO,2026-06-12 19:14:17,0.999,4,3.996,271c930a-d437-47ff-aad6-04ce0f6d5b98,True,2026-06-12 19:15:00,1.0,4,4.0,,SETTLEMENT,0.0040000000000000036,0.10010010010010019,43,WIN,False,,,,NO
15,2026-06-12,2026-06-12 19:16:08,2026-06-12 19:29:59,KXETH15M-26JUN121930-30,10.26,10.264,0.0039999999999995595,0.03898635477582416,1,YES,2026-06-12 19:28:37,0.999,4,3.996,ee6c3d0e-e7ff-4b46-9b0c-9528dde96a73,True,2026-06-12 19:29:59,1.0,4,4.0,,SETTLEMENT,0.0040000000000000036,0.10010010010010019,82,WIN,False,,,,YES
16,2026-06-12,2026-06-12 19:31:08,2026-06-12 19:44:59,KXETH15M-26JUN121945-45,10.27,10.274,0.0039999999999995595,0.03894839337876884,1,YES,2026-06-12 19:44:03,0.999,4,3.996,7ecb4d39-bda5-4da0-a419-68990137fdc4,True,2026-06-12 19:44:59,1.0,4,4.0,,SETTLEMENT,0.0040000000000000036,0.10010010010010019,56,WIN,False,,,,YES
17,2026-06-12,2026-06-12 19:46:14,2026-06-12 19:59:59,KXETH15M-26JUN122000-00,10.27,10.273,0.0030000000000001137,0.029211295034080955,1,YES,2026-06-12 19:58:44,0.999,3,2.997,5a29f841-9948-462d-b17f-749004fbecb4,True,2026-06-12 19:59:59,1.0,3,3.0,,SETTLEMENT,0.0030000000000000027,0.10010010010010019,75,WIN,False,,,,YES
18,2026-06-12,2026-06-12 20:01:09,2026-06-12 20:15:01,KXETH15M-26JUN122015-15,10.28,10.283999999999999,0.0039999999999995595,0.03891050583657159,1,YES,2026-06-12 20:14:02,0.999,4,3.996,e779d4c0-8330-49d3-8209-9621bd084e23,True,2026-06-12 20:15:01,1.0,4,4.0,,SETTLEMENT,0.0040000000000000036,0.10010010010010019,59,WIN,False,,,,YES
19,2026-06-12,2026-06-12 20:16:10,2026-06-12 20:29:55,KXETH15M-26JUN122030-30,10.29,10.293999999999999,0.0039999999999995595,0.03887269193391215,1,NO,2026-06-12 20:29:25,0.999,4,3.996,7ae60141-e3f4-451a-b08f-5ccc02c708d1,True,2026-06-12 20:29:55,1.0,4,4.0,,SETTLEMENT,0.0040000000000000036,0.10010010010010019,30,WIN,False,,,,NO
21,2026-06-12,2026-06-12 20:46:02,2026-06-12 20:59:57,KXETH15M-26JUN122100-00,10.3,10.303,0.0030000000000001137,0.029126213592234114,1,YES,2026-06-12 20:59:16,0.999,3,2.997,6ce657ca-767d-4afe-9c5f-f96bb4b65662,True,2026-06-12 20:59:57,1.0,3,3.0,,SETTLEMENT,0.0030000000000000027,0.10010010010010019,41,WIN,False,,,,YES
2,2026-06-12,2026-06-12 22:01:06,2026-06-12 22:15:00,KXETH15M-26JUN122215-15,10.41,10.414,0.0039999999999995595,0.03842459173870854,1,NO,2026-06-12 22:14:18,0.999,4,3.996,2f7864c3-34b9-4f82-be39-c1a3ebbf41a0,True,2026-06-12 22:15:00,1.0,4,4.0,,SETTLEMENT,0.0040000000000000036,0.10010010010010019,42,WIN,False,,,,NO
3,2026-06-12,2026-06-12 22:16:13,2026-06-12 22:29:59,KXETH15M-26JUN122230-30,10.41,10.414,0.0039999999999995595,0.03842459173870854,1,NO,2026-06-12 22:28:38,0.999,4,3.996,0360ee3f-6a40-463f-8628-d4ca4b327c3d,True,2026-06-12 22:29:59,1.0,4,4.0,,SETTLEMENT,0.0040000000000000036,0.10010010010010019,81,WIN,False,,,,NO
4,2026-06-12,2026-06-12 22:31:03,2026-06-12 22:44:59,KXETH15M-26JUN122245-45,10.42,10.424,0.0039999999999995595,0.03838771593089788,1,NO,2026-06-12 22:43:38,0.999,4,3.996,7044c90b-fa4a-4fc8-b7f1-67f0c3ca7400,True,2026-06-12 22:44:59,1.0,4,4.0,,SETTLEMENT,0.0040000000000000036,0.10010010010010019,81,WIN,False,,,,NO
5,2026-06-12,2026-06-12 22:46:08,2026-06-12 22:59:57,KXETH15M-26JUN122300-00,10.43,10.434,0.0039999999999995595,0.03835091083412809,1,YES,2026-06-12 22:59:31,0.999,4,3.996,b03a402d-6a5c-417c-b0b8-2b5ea1dee29f,True,2026-06-12 22:59:57,1.0,4,4.0,,SETTLEMENT,0.0040000000000000036,0.10010010010010019,26,WIN,False,,,,YES
7,2026-06-12,2026-06-12 23:16:02,2026-06-12 23:29:55,KXETH15M-26JUN122330-30,10.41,10.414,0.0039999999999995595,0.03842459173870854,1,NO,2026-06-12 23:28:02,0.999,4,3.996,3aedd1a3-a242-46af-9abf-6c6e7d3df97e,True,2026-06-12 23:29:55,1.0,4,4.0,,SETTLEMENT,0.0040000000000000036,0.10010010010010019,113,WIN,False,,,,NO
11,2026-06-13,2026-06-13 00:16:02,2026-06-13 00:29:57,KXETH15M-26JUN130030-30,10.43,10.434,0.0039999999999995595,0.03835091083412809,1,YES,2026-06-13 00:29:04,0.999,4,3.996,0f8df6a1-1f3b-4afb-aba1-10895862a324,True,2026-06-13 00:29:57,1.0,4,4.0,,SETTLEMENT,0.0040000000000000036,0.10010010010010019,53,WIN,False,,,,YES
13,2026-06-13,2026-06-13 00:46:02,2026-06-13 00:59:55,KXETH15M-26JUN130100-00,10.44,10.443999999999999,0.0039999999999995595,0.03831417624520651,1,NO,2026-06-13 00:59:23,0.999,4,3.996,9613da10-1609-455e-8e8f-07f6252c3a31,True,2026-06-13 00:59:55,1.0,4,4.0,,SETTLEMENT,0.0040000000000000036,0.10010010010010019,32,WIN,False,,,,NO
14,2026-06-13,2026-06-13 01:01:08,2026-06-13 01:14:45,KXETH15M-26JUN130115-15,10.46,10.444,-0.016000000000000014,-0.15296367112810721,1,YES,2026-06-13 01:14:27,0.999,4,3.996,9c698a6f-9a6c-4212-ac65-818fbf530143,True,2026-06-13 01:14:45,0.995,4,3.98,6e1424b4-bb8d-4cd8-8b6d-b2bc146a9b6f,MANUAL_STOP_LOSS,-0.016000000000000014,-0.40040040040040076,18,LOSS,False,,,,
20,2026-06-13,2026-06-13 02:31:02,2026-06-13 02:45:00,KXETH15M-26JUN130245-45,10.46,10.464,0.0039999999999995595,0.03824091778202256,1,YES,2026-06-13 02:44:00,0.999,4,3.996,747f3217-7c21-4795-b22a-b62d2c378fca,True,2026-06-13 02:45:00,1.0,4,4.0,,SETTLEMENT,0.0040000000000000036,0.10010010010010019,60,WIN,False,,,,YES
21,2026-06-13,2026-06-13 02:46:13,2026-06-13 02:59:59,KXETH15M-26JUN130300-00,10.46,10.464,0.0039999999999995595,0.03824091778202256,1,YES,2026-06-13 02:57:40,0.999,4,3.996,0a5cb545-8635-4fd8-be50-069adf244ab0,True,2026-06-13 02:59:59,1.0,4,4.0,,SETTLEMENT,0.0040000000000000036,0.10010010010010019,139,WIN,False,,,,YES
23,2026-06-13,2026-06-13 03:16:02,2026-06-13 03:29:58,KXETH15M-26JUN130330-30,10.47,10.474,0.0039999999999995595,0.038204393505248894,1,YES,2026-06-13 03:28:53,0.999,4,3.996,04781475-ab10-402b-885d-a942d523127b,True,2026-06-13 03:29:58,1.0,4,4.0,,SETTLEMENT,0.0040000000000000036,0.10010010010010019,65,WIN,False,,,,YES
25,2026-06-13,2026-06-13 03:46:07,2026-06-13 03:59:55,KXETH15M-26JUN130400-00,10.48,10.484,0.0039999999999995595,0.038167938931293506,1,YES,2026-06-13 03:59:02,0.999,4,3.996,bf23c790-b95d-4a52-ae3b-7cac8c478751,True,2026-06-13 03:59:55,1.0,4,4.0,,SETTLEMENT,0.0040000000000000036,0.10010010010010019,53,WIN,False,,,,YES
31,2026-06-13,2026-06-13 05:16:02,2026-06-13 05:30:00,KXETH15M-26JUN130530-30,10.49,10.494,0.0039999999999995595,0.03813155386081563,1,NO,2026-06-13 05:29:02,0.999,4,3.996,220e102c-1ed0-4de3-b1ed-257c9166b3ad,True,2026-06-13 05:30:00,1.0,4,4.0,,SETTLEMENT,0.0040000000000000036,0.10010010010010019,58,WIN,False,,,,NO
32,2026-06-13,2026-06-13 05:31:13,2026-06-13 05:44:57,KXETH15M-26JUN130545-45,10.49,10.494,0.0039999999999995595,0.03813155386081563,1,YES,2026-06-13 05:44:27,0.999,4,3.996,e085553f-a17c-4b70-b539-8d6f937ad3d4,True,2026-06-13 05:44:57,1.0,4,4.0,,SETTLEMENT,0.0040000000000000036,0.10010010010010019,30,WIN,False,,,,YES
34,2026-06-13,2026-06-13 06:01:02,2026-06-13 06:14:55,KXETH15M-26JUN130615-15,10.5,10.504,0.0039999999999995595,0.0380952380952339,1,NO,2026-06-13 06:14:28,0.999,4,3.996,98226cd3-fb23-4409-b217-8d6d6a568da8,True,2026-06-13 06:14:55,1.0,4,4.0,,SETTLEMENT,0.0040000000000000036,0.10010010010010019,27,WIN,False,,,,NO
36,2026-06-13,2026-06-13 06:31:06,2026-06-13 06:45:00,KXETH15M-26JUN130645-45,10.51,10.514,0.0039999999999995595,0.038058991436722735,1,YES,2026-06-13 06:44:29,0.999,4,3.996,64590f58-9dd5-4c07-9514-3fdb3391cdd8,True,2026-06-13 06:45:00,1.0,4,4.0,,SETTLEMENT,0.0040000000000000036,0.10010010010010019,31,WIN,False,,,,YES
39,2026-06-13,2026-06-13 07:16:01,2026-06-13 07:29:58,KXETH15M-26JUN130730-30,10.52,10.524,0.0039999999999995595,0.03802281368820874,1,YES,2026-06-13 07:28:57,0.999,4,3.996,06844426-4853-4990-b3ae-d13e496cf9da,True,2026-06-13 07:29:58,1.0,4,4.0,,SETTLEMENT,0.0040000000000000036,0.10010010010010019,61,WIN,False,,,,YES
40,2026-06-13,2026-06-13 07:31:13,2026-06-13 07:45:00,KXETH15M-26JUN130745-45,10.53,10.533999999999999,0.0039999999999995595,0.03798670465336714,1,NO,2026-06-13 07:44:11,0.999,4,3.996,771f3929-73b0-4587-9d4d-5174192b5211,True,2026-06-13 07:45:00,1.0,4,4.0,,SETTLEMENT,0.0040000000000000036,0.10010010010010019,49,WIN,False,,,,NO
41,2026-06-13,2026-06-13 07:46:13,2026-06-13 07:59:55,KXETH15M-26JUN130800-00,10.53,10.533,0.0030000000000001137,0.028490028490029573,1,YES,2026-06-13 07:59:19,0.999,3,2.997,c7b864a8-abad-4b9f-9732-b284e4a92727,True,2026-06-13 07:59:55,1.0,3,3.0,,SETTLEMENT,0.0030000000000000027,0.10010010010010019,36,WIN,False,,,,YES
42,2026-06-13,2026-06-13 08:01:14,2026-06-13 08:14:59,KXETH15M-26JUN130815-15,10.54,10.543999999999999,0.0039999999999995595,0.03795066413661822,1,NO,2026-06-13 08:14:13,0.999,4,3.996,f6486ab9-ad58-4117-90ec-2979b6acef42,True,2026-06-13 08:14:59,1.0,4,4.0,,SETTLEMENT,0.0040000000000000036,0.10010010010010019,46,WIN,False,,,,NO
45,2026-06-13,2026-06-13 08:46:02,2026-06-13 08:59:56,KXETH15M-26JUN130900-00,10.56,10.564,0.0039999999999995595,0.0378787878787837,1,YES,2026-06-13 08:58:20,0.999,4,3.996,64fd36bf-c914-455b-acba-5b9ea4524fb0,True,2026-06-13 08:59:56,1.0,4,4.0,,SETTLEMENT,0.0040000000000000036,0.10010010010010019,96,WIN,False,,,,YES
46,2026-06-13,2026-06-13 09:01:02,2026-06-13 09:15:00,KXETH15M-26JUN130915-15,10.56,10.564,0.0039999999999995595,0.0378787878787837,1,NO,2026-06-13 09:14:18,0.999,4,3.996,572fdaa6-b399-4eec-ad93-92e7961b186e,True,2026-06-13 09:15:00,1.0,4,4.0,,SETTLEMENT,0.0040000000000000036,0.10010010010010019,42,WIN,False,,,,NO
47,2026-06-13,2026-06-13 09:16:07,2026-06-13 09:30:00,KXETH15M-26JUN130930-30,10.57,10.574,0.0039999999999995595,0.03784295175023235,1,YES,2026-06-13 09:29:22,0.999,4,3.996,5257cb43-5796-4189-8212-5f4054fe63c8,True,2026-06-13 09:30:00,1.0,4,4.0,,SETTLEMENT,0.0040000000000000036,0.10010010010010019,38,WIN,False,,,,YES
49,2026-06-13,2026-06-13 09:46:02,2026-06-13 09:59:57,KXETH15M-26JUN131000-00,10.58,10.584,0.0039999999999995595,0.037807183364835156,1,NO,2026-06-13 09:59:25,0.999,4,3.996,7133f538-3ba6-4551-994a-c5bce33c1823,True,2026-06-13 09:59:57,1.0,4,4.0,,SETTLEMENT,0.0040000000000000036,0.10010010010010019,32,WIN,False,,,,NO
50,2026-06-13,2026-06-13 10:01:03,2026-06-13 10:15:00,KXETH15M-26JUN131015-15,10.59,10.594,0.0039999999999995595,0.03777148253068517,1,YES,2026-06-13 10:13:37,0.999,4,3.996,aa7134c9-e1fb-415c-b54e-e4ecc7f610c8,True,2026-06-13 10:15:00,1.0,4,4.0,,SETTLEMENT,0.0040000000000000036,0.10010010010010019,83,WIN,False,,,,YES
51,2026-06-13,2026-06-13 10:16:13,2026-06-13 10:29:56,KXETH15M-26JUN131030-30,10.6,10.604,0.0039999999999995595,0.037735849056599616,1,NO,2026-06-13 10:29:17,0.999,4,3.996,f93df707-13ab-47fa-a952-75601f2861a8,True,2026-06-13 10:29:56,1.0,4,4.0,,SETTLEMENT,0.0040000000000000036,0.10010010010010019,39,WIN,False,,,,NO
52,2026-06-13,2026-06-13 10:31:08,2026-06-13 10:44:58,KXETH15M-26JUN131045-45,10.6,10.604,0.0039999999999995595,0.037735849056599616,1,YES,2026-06-13 10:44:32,0.999,4,3.996,db730203-7026-429f-a2d0-e6d74527b998,True,2026-06-13 10:44:58,1.0,4,4.0,,SETTLEMENT,0.0040000000000000036,0.10010010010010019,26,WIN,False,,,,YES
54,2026-06-13,2026-06-13 11:01:02,2026-06-13 11:15:00,KXETH15M-26JUN131115-15,10.61,10.613999999999999,0.0039999999999995595,0.03770028275211649,1,YES,2026-06-13 11:14:05,0.999,4,3.996,1e84770d-263c-464c-a740-738279669e78,True,2026-06-13 11:15:00,1.0,4,4.0,,SETTLEMENT,0.0040000000000000036,0.10010010010010019,55,WIN,False,,,,YES
55,2026-06-13,2026-06-13 11:16:07,2026-06-13 11:30:00,KXETH15M-26JUN131130-30,10.62,10.623999999999999,0.0039999999999995595,0.03766478342749115,1,YES,2026-06-13 11:29:04,0.999,4,3.996,7d68d3d4-4074-43a1-baa0-c42bb7882a50,True,2026-06-13 11:30:00,1.0,4,4.0,,SETTLEMENT,0.0040000000000000036,0.10010010010010019,56,WIN,False,,,,YES
56,2026-06-13,2026-06-13 11:31:08,2026-06-13 11:45:09,KXETH15M-26JUN131145-45,10.62,10.623999999999999,0.0039999999999995595,0.03766478342749115,1,NO,2026-06-13 11:44:36,0.999,4,3.996,faa9c4fb-0396-480f-97a5-06eb3c0ea5dc,True,2026-06-13 11:45:09,1.0,4,4.0,,SETTLEMENT,0.0040000000000000036,0.10010010010010019,33,WIN,False,,,,NO
57,2026-06-13,2026-06-13 11:46:17,2026-06-13 11:59:55,KXETH15M-26JUN131200-00,10.63,10.633000000000001,0.0030000000000001137,0.02822201317027388,1,YES,2026-06-13 11:59:00,0.999,3,2.997,bd5a70e9-545d-4936-b1ac-00fbf505af2b,True,2026-06-13 11:59:55,1.0,3,3.0,,SETTLEMENT,0.0030000000000000027,0.10010010010010019,55,WIN,False,,,,YES
58,2026-06-13,2026-06-13 12:01:08,2026-06-13 12:14:58,KXETH15M-26JUN131215-15,10.64,10.644,0.0039999999999995595,0.03759398496240187,1,NO,2026-06-13 12:13:29,0.999,4,3.996,05f834c9-d584-4e72-9915-0e82f1b620ef,True,2026-06-13 12:14:58,1.0,4,4.0,,SETTLEMENT,0.0040000000000000036,0.10010010010010019,89,WIN,False,,,,NO
59,2026-06-13,2026-06-13 12:16:03,2026-06-13 12:30:00,KXETH15M-26JUN131230-30,10.65,10.654,0.0039999999999995595,0.037558685446005255,1,NO,2026-06-13 12:29:01,0.999,4,3.996,fb0a875c-c15e-4716-81d3-7e5602ba041b,True,2026-06-13 12:30:00,1.0,4,4.0,,SETTLEMENT,0.0040000000000000036,0.10010010010010019,59,WIN,False,,,,NO
60,2026-06-13,2026-06-13 12:31:13,2026-06-13 12:45:00,KXETH15M-26JUN131245-45,10.65,10.654,0.0039999999999995595,0.037558685446005255,1,YES,2026-06-13 12:44:17,0.999,4,3.996,3af4e8f0-53e0-4078-9675-19633b7912a0,True,2026-06-13 12:45:00,1.0,4,4.0,,SETTLEMENT,0.0040000000000000036,0.10010010010010019,43,WIN,False,,,,YES
61,2026-06-13,2026-06-13 12:46:13,2026-06-13 12:59:56,KXETH15M-26JUN131300-00,10.66,10.664,0.0039999999999995595,0.03752345215759437,1,YES,2026-06-13 12:59:05,0.999,4,3.996,c232eabd-4c40-4601-84fe-cb1dedfc8a76,True,2026-06-13 12:59:56,1.0,4,4.0,,SETTLEMENT,0.0040000000000000036,0.10010010010010019,51,WIN,False,,,,YES
62,2026-06-13,2026-06-13 13:01:03,2026-06-13 13:14:57,KXETH15M-26JUN131315-15,10.67,10.674,0.0039999999999995595,0.03748828491096119,1,NO,2026-06-13 13:14:25,0.999,4,3.996,abaf3b7a-b9f4-46a2-b8ce-7e3263d39e2b,True,2026-06-13 13:14:57,1.0,4,4.0,,SETTLEMENT,0.0040000000000000036,0.10010010010010019,32,WIN,False,,,,NO
63,2026-06-13,2026-06-13 13:16:08,2026-06-13 13:30:00,KXETH15M-26JUN131330-30,10.68,10.684,0.0039999999999995595,0.037453183520595124,1,YES,2026-06-13 13:28:39,0.999,4,3.996,429ffee2-0641-4cd3-93ae-7f248f8e6dcf,True,2026-06-13 13:30:00,1.0,4,4.0,,SETTLEMENT,0.0040000000000000036,0.10010010010010019,81,WIN,False,,,,YES
65,2026-06-13,2026-06-13 13:46:01,2026-06-13 13:59:58,KXETH15M-26JUN131400-00,10.69,10.693999999999999,0.0039999999999995595,0.037418147801679694,1,NO,2026-06-13 13:58:48,0.999,4,3.996,90688e80-73fc-4a39-a1ae-812e2b41a141,True,2026-06-13 13:59:58,1.0,4,4.0,,SETTLEMENT,0.0040000000000000036,0.10010010010010019,70,WIN,False,,,,NO
66,2026-06-13,2026-06-13 14:01:08,2026-06-13 14:15:03,KXETH15M-26JUN131415-15,10.69,10.693999999999999,0.0039999999999995595,0.037418147801679694,1,YES,2026-06-13 14:13:26,0.999,4,3.996,8c9fa92e-a3f3-4505-a345-f6785a2442e7,True,2026-06-13 14:15:03,1.0,4,4.0,,SETTLEMENT,0.0040000000000000036,0.10010010010010019,97,WIN,False,,,,YES
67,2026-06-13,2026-06-13 14:16:06,2026-06-13 14:30:00,KXETH15M-26JUN131430-30,10.7,10.703999999999999,0.0039999999999995595,0.03738317757008934,1,YES,2026-06-13 14:28:16,0.999,4,3.996,d715d61a-6e97-4f02-b4df-271848b84f99,True,2026-06-13 14:30:00,1.0,4,4.0,,SETTLEMENT,0.0040000000000000036,0.10010010010010019,104,WIN,False,,,,YES
68,2026-06-13,2026-06-13 14:31:08,2026-06-13 14:44:57,KXETH15M-26JUN131445-45,10.71,10.714,0.0039999999999995595,0.037348272642386174,1,YES,2026-06-13 14:44:02,0.999,4,3.996,7ae5bebf-2119-4f86-9844-5ae819f667bf,True,2026-06-13 14:44:57,1.0,4,4.0,,SETTLEMENT,0.0040000000000000036,0.10010010010010019,55,WIN,False,,,,YES
69,2026-06-13,2026-06-13 14:46:14,2026-06-13 14:59:59,KXETH15M-26JUN131500-00,10.72,10.724,0.0039999999999995595,0.037313432835816784,1,NO,2026-06-13 14:57:56,0.999,4,3.996,90d9ab5e-14b9-4330-974e-3de393e36fd9,True,2026-06-13 14:59:59,1.0,4,4.0,,SETTLEMENT,0.0040000000000000036,0.10010010010010019,123,WIN,False,,,,NO
1,2026-06-13,2026-06-13 15:57:44,2026-06-13 15:59:59,KXETH15M-26JUN131600-00,10.91,10.914,0.0039999999999995595,0.036663611365715484,1,NO,2026-06-13 15:59:34,0.999,4,3.996,3211c9dc-cd20-4bb2-a65b-4acb0f3d99fa,True,2026-06-13 15:59:59,1.0,4,4.0,,SETTLEMENT,0.0040000000000000036,0.10010010010010019,25,WIN,False,,,,NO
2,2026-06-13,2026-06-13 16:01:09,2026-06-13 16:15:00,KXETH15M-26JUN131615-15,10.91,10.914,0.0039999999999995595,0.036663611365715484,1,NO,2026-06-13 16:14:02,0.999,4,3.996,e912d8c8-58fe-49a0-adee-88a7291a8a56,True,2026-06-13 16:15:00,1.0,4,4.0,,SETTLEMENT,0.0040000000000000036,0.10010010010010019,58,WIN,False,,,,NO
3,2026-06-13,2026-06-13 16:16:14,2026-06-13 16:29:56,KXETH15M-26JUN131630-30,10.92,10.924,0.0039999999999995595,0.0366300366300326,1,NO,2026-06-13 16:29:33,0.999,4,3.996,26bfee4e-b61e-4bdb-8eae-6e263e110ffa,True,2026-06-13 16:29:56,1.0,4,4.0,,SETTLEMENT,0.0040000000000000036,0.10010010010010019,23,WIN,False,,,,NO
4,2026-06-13,2026-06-13 16:31:09,2026-06-13 16:44:59,KXETH15M-26JUN131645-45,10.93,10.934,0.0039999999999995595,0.036596523330279594,1,NO,2026-06-13 16:44:05,0.999,4,3.996,7778ba9f-6238-4f1e-899e-c275b92cf77e,True,2026-06-13 16:44:59,1.0,4,4.0,,SETTLEMENT,0.0040000000000000036,0.10010010010010019,54,WIN,False,,,,NO
5,2026-06-13,2026-06-13 16:46:09,2026-06-13 16:59:55,KXETH15M-26JUN131700-00,10.94,10.943999999999999,0.0039999999999995595,0.03656307129798501,1,YES,2026-06-13 16:59:04,0.999,4,3.996,5178ce32-792f-4fa6-b943-fb3b2ed9481f,True,2026-06-13 16:59:55,1.0,4,4.0,,SETTLEMENT,0.0040000000000000036,0.10010010010010019,51,WIN,False,,,,YES
6,2026-06-13,2026-06-13 17:01:09,2026-06-13 17:15:00,KXETH15M-26JUN131715-15,10.94,10.943999999999999,0.0039999999999995595,0.03656307129798501,1,NO,2026-06-13 17:14:12,0.999,4,3.996,76c5f0bd-b5e5-4da1-81f1-e57ecb1976ab,True,2026-06-13 17:15:00,1.0,4,4.0,,SETTLEMENT,0.0040000000000000036,0.10010010010010019,48,WIN,False,,,,NO
7,2026-06-13,2026-06-13 17:16:09,2026-06-13 17:29:59,KXETH15M-26JUN131730-30,10.95,10.953999999999999,0.0039999999999995595,0.036529680365292784,1,YES,2026-06-13 17:28:59,0.999,4,3.996,a3deee12-db32-4e88-9145-f8feef329acf,True,2026-06-13 17:29:59,1.0,4,4.0,,SETTLEMENT,0.0040000000000000036,0.10010010010010019,60,WIN,False,,,,YES
8,2026-06-13,2026-06-13 17:31:09,2026-06-13 17:44:59,KXETH15M-26JUN131745-45,10.95,10.953999999999999,0.0039999999999995595,0.036529680365292784,1,YES,2026-06-13 17:42:41,0.999,4,3.996,eac9e536-155c-4bc2-bcfe-bf6a5d56d886,True,2026-06-13 17:44:59,1.0,4,4.0,,SETTLEMENT,0.0040000000000000036,0.10010010010010019,138,WIN,False,,,,YES
9,2026-06-13,2026-06-13 17:46:14,2026-06-13 17:59:57,KXETH15M-26JUN131800-00,10.96,10.964,0.0039999999999995595,0.036496350364959476,1,NO,2026-06-13 17:59:29,0.999,4,3.996,39aa50b9-e7e7-4049-8fd8-937341ff0c00,True,2026-06-13 17:59:57,1.0,4,4.0,,SETTLEMENT,0.0040000000000000036,0.10010010010010019,28,WIN,False,,,,NO
1,2026-06-13,2026-06-13 18:57:24,2026-06-13 18:59:55,KXETH15M-26JUN131900-00,11.17,11.174,0.0039999999999995595,0.03581020590868003,1,NO,2026-06-13 18:59:04,0.999,4,3.996,c7c57017-5667-44be-a741-abcd951df11a,True,2026-06-13 18:59:55,1.0,4,4.0,,SETTLEMENT,0.0040000000000000036,0.10010010010010019,51,WIN,False,,,,NO
6,2026-06-13,2026-06-13 20:01:04,2026-06-13 20:14:56,KXETH15M-26JUN132015-15,11.16,11.164,0.0039999999999995595,0.035842293906806086,1,NO,2026-06-13 20:14:15,0.999,4,3.996,815ea390-55d0-43a6-8fe8-a235f09b772d,True,2026-06-13 20:14:56,1.0,4,4.0,,SETTLEMENT,0.0040000000000000036,0.10010010010010019,41,WIN,False,,,,NO
7,2026-06-13,2026-06-13 20:16:14,2026-06-13 20:29:58,KXETH15M-26JUN132030-30,11.17,11.174,0.0039999999999995595,0.03581020590868003,1,YES,2026-06-13 20:28:57,0.999,4,3.996,8b8d2bf2-c48d-434e-80cc-5e97c1bdfbbe,True,2026-06-13 20:29:58,1.0,4,4.0,,SETTLEMENT,0.0040000000000000036,0.10010010010010019,61,WIN,False,,,,YES
8,2026-06-13,2026-06-13 20:31:09,2026-06-13 20:44:58,KXETH15M-26JUN132045-45,11.18,11.184,0.0039999999999995595,0.03577817531305509,1,YES,2026-06-13 20:44:15,0.999,4,3.996,96d5ca74-5b6a-4fa4-b827-8516f898307c,True,2026-06-13 20:44:58,1.0,4,4.0,,SETTLEMENT,0.0040000000000000036,0.10010010010010019,43,WIN,False,,,,YES
1,2026-06-13,2026-06-13 21:57:18,2026-06-13 21:59:56,KXETH15M-26JUN132200-00,11.39,11.394,0.0039999999999995595,0.03511852502194521,1,NO,2026-06-13 21:59:24,0.999,4,3.996,b93cac63-842a-46dc-8a81-7d4d9e24545b,True,2026-06-13 21:59:56,1.0,4,4.0,,SETTLEMENT,0.0040000000000000036,0.10010010010010019,32,WIN,False,,,,NO
2,2026-06-13,2026-06-13 22:01:10,2026-06-13 22:14:59,KXETH15M-26JUN132215-15,11.39,11.394,0.0039999999999995595,0.03511852502194521,1,YES,2026-06-13 22:13:27,0.999,4,3.996,fa97dee5-fab2-490b-9e6f-31fc4df1aaf8,True,2026-06-13 22:14:59,1.0,4,4.0,,SETTLEMENT,0.0040000000000000036,0.10010010010010019,92,WIN,False,,,,YES
3,2026-06-13,2026-06-13 22:16:15,2026-06-13 22:29:58,KXETH15M-26JUN132230-30,11.4,11.404,0.0039999999999995595,0.03508771929824175,1,NO,2026-06-13 22:28:58,0.999,4,3.996,479ef4c6-e391-4c66-83bb-d145fa4f1ace,True,2026-06-13 22:29:58,1.0,4,4.0,,SETTLEMENT,0.0040000000000000036,0.10010010010010019,60,WIN,False,,,,NO
4,2026-06-13,2026-06-13 22:31:09,2026-06-13 22:44:56,KXETH15M-26JUN132245-45,11.4,11.404,0.0039999999999995595,0.03508771929824175,1,NO,2026-06-13 22:44:05,0.999,4,3.996,9809ffc3-8f01-40c1-828d-9354a86fe439,True,2026-06-13 22:44:56,1.0,4,4.0,,SETTLEMENT,0.0040000000000000036,0.10010010010010019,51,WIN,False,,,,NO
5,2026-06-13,2026-06-13 22:46:14,2026-06-13 22:59:56,KXETH15M-26JUN132300-00,11.41,11.414,0.0039999999999995595,0.03505696757230114,1,YES,2026-06-13 22:59:31,0.999,4,3.996,a9090d1e-54f0-4bdb-8767-653c76efbc64,True,2026-06-13 22:59:56,1.0,4,4.0,,SETTLEMENT,0.0040000000000000036,0.10010010010010019,25,WIN,False,,,,YES
6,2026-06-13,2026-06-13 23:01:09,2026-06-13 23:14:57,KXETH15M-26JUN132315-15,11.42,11.424,0.0039999999999995595,0.03502626970227285,1,NO,2026-06-13 23:14:23,0.999,4,3.996,8e0e7f3a-a1a1-400e-95d3-2cde2d78a91b,True,2026-06-13 23:14:57,1.0,4,4.0,,SETTLEMENT,0.0040000000000000036,0.10010010010010019,34,WIN,False,,,,NO
7,2026-06-13,2026-06-13 23:16:14,2026-06-13 23:29:57,KXETH15M-26JUN132330-30,11.42,11.424,0.0039999999999995595,0.03502626970227285,1,YES,2026-06-13 23:29:32,0.999,4,3.996,16a1d8d9-65e9-4d8f-9c85-2d8ad40b2d01,True,2026-06-13 23:29:57,1.0,4,4.0,,SETTLEMENT,0.0040000000000000036,0.10010010010010019,25,WIN,False,,,,YES
9,2026-06-13,2026-06-13 23:46:03,2026-06-13 23:59:59,KXETH15M-26JUN140000-00,11.43,11.434,0.0039999999999995595,0.0349956255468028,1,YES,2026-06-13 23:59:06,0.999,4,3.996,ef053b97-abcd-4874-b1fc-d4415277c1fe,True,2026-06-13 23:59:59,1.0,4,4.0,,SETTLEMENT,0.0040000000000000036,0.10010010010010019,53,WIN,False,,,,YES
10,2026-06-14,2026-06-14 00:01:08,2026-06-14 00:14:56,KXETH15M-26JUN140015-15,11.44,11.448,0.008000000000000895,0.06993006993007776,1,NO,2026-06-14 00:14:17,0.998,4,3.992,8fb83042-5270-4920-b620-cdfd936fe9c9,True,2026-06-14 00:14:56,1.0,4,4.0,,SETTLEMENT,0.008000000000000007,0.20040080160320656,39,WIN,False,,,,NO
12,2026-06-14,2026-06-14 00:31:02,2026-06-14 00:44:55,KXETH15M-26JUN140045-45,11.47,11.474,0.0039999999999995595,0.034873583260676196,1,NO,2026-06-14 00:43:27,0.999,4,3.996,ec4c44e6-986c-4bb5-aabf-9b5df0c3bb9d,True,2026-06-14 00:44:55,1.0,4,4.0,,SETTLEMENT,0.0040000000000000036,0.10010010010010019,88,WIN,False,,,,NO
13,2026-06-14,2026-06-14 00:46:08,2026-06-14 00:59:59,KXETH15M-26JUN140100-00,11.47,11.474,0.0039999999999995595,0.034873583260676196,1,YES,2026-06-14 00:59:25,0.999,4,3.996,1ccfc2a6-6472-4a77-b644-d919dfaf550e,True,2026-06-14 00:59:59,1.0,4,4.0,,SETTLEMENT,0.0040000000000000036,0.10010010010010019,34,WIN,False,,,,YES
14,2026-06-14,2026-06-14 01:01:15,2026-06-14 01:14:58,KXETH15M-26JUN140115-15,11.48,11.484,0.0039999999999995595,0.03484320557490905,1,NO,2026-06-14 01:14:02,0.999,4,3.996,fe5e658d-1a68-4b53-8751-49058778658a,True,2026-06-14 01:14:58,1.0,4,4.0,,SETTLEMENT,0.0040000000000000036,0.10010010010010019,56,WIN,False,,,,NO
15,2026-06-14,2026-06-14 01:16:09,2026-06-14 01:29:58,KXETH15M-26JUN140130-30,11.49,11.494,0.0039999999999995595,0.034812880765879545,1,NO,2026-06-14 01:29:02,0.999,4,3.996,f8ee974a-3404-40f3-8dc5-c0093f8d1fed,True,2026-06-14 01:29:58,1.0,4,4.0,,SETTLEMENT,0.0040000000000000036,0.10010010010010019,56,WIN,False,,,,NO
16,2026-06-14,2026-06-14 01:31:08,2026-06-14 01:44:59,KXETH15M-26JUN140145-45,11.5,11.504,0.0039999999999995595,0.034782608695648344,1,YES,2026-06-14 01:44:00,0.999,4,3.996,6d21f70c-c4ab-4dd6-bca2-fc86eb9def31,True,2026-06-14 01:44:59,1.0,4,4.0,,SETTLEMENT,0.0040000000000000036,0.10010010010010019,59,WIN,False,,,,YES
17,2026-06-14,2026-06-14 01:46:14,2026-06-14 01:59:58,KXETH15M-26JUN140200-00,11.5,11.508,0.007999999999999119,0.06956521739129669,1,YES,2026-06-14 01:59:18,0.998,4,3.992,5cf4d01d-0fdd-468f-85db-88ffb57c8c70,True,2026-06-14 01:59:58,1.0,4,4.0,,SETTLEMENT,0.008000000000000007,0.20040080160320656,40,WIN,False,,,,YES
18,2026-06-14,2026-06-14 02:01:10,2026-06-14 02:14:57,KXETH15M-26JUN140215-15,11.52,11.524,0.0039999999999995595,0.0347222222222184,1,YES,2026-06-14 02:12:51,0.999,4,3.996,11319fa3-e52a-4243-b7c9-d0dfe96333f6,True,2026-06-14 02:14:57,1.0,4,4.0,,SETTLEMENT,0.0040000000000000036,0.10010010010010019,126,WIN,False,,,,YES
20,2026-06-14,2026-06-14 02:31:02,2026-06-14 02:44:58,KXETH15M-26JUN140245-45,11.53,11.533999999999999,0.0039999999999995595,0.03469210754552957,1,NO,2026-06-14 02:44:02,0.999,4,3.996,0c41bb90-dedb-4052-abc7-ca02e9009ab3,True,2026-06-14 02:44:58,1.0,4,4.0,,SETTLEMENT,0.0040000000000000036,0.10010010010010019,56,WIN,False,,,,NO
22,2026-06-14,2026-06-14 03:01:03,2026-06-14 03:14:58,KXETH15M-26JUN140315-15,11.54,11.543999999999999,0.0039999999999995595,0.03466204506065476,1,NO,2026-06-14 03:14:32,0.999,4,3.996,50c0e68f-cdf7-4883-b2b3-d39105828a7e,True,2026-06-14 03:14:58,1.0,4,4.0,,SETTLEMENT,0.0040000000000000036,0.10010010010010019,26,WIN,False,,,,NO
23,2026-06-14,2026-06-14 03:16:14,2026-06-14 03:29:57,KXETH15M-26JUN140330-30,11.54,11.543999999999999,0.0039999999999995595,0.03466204506065476,1,YES,2026-06-14 03:29:24,0.999,4,3.996,1aedc937-a0d3-4f41-91c1-14ac7505446b,True,2026-06-14 03:29:57,1.0,4,4.0,,SETTLEMENT,0.0040000000000000036,0.10010010010010019,33,WIN,False,,,,YES
24,2026-06-14,2026-06-14 03:31:08,2026-06-14 03:44:57,KXETH15M-26JUN140345-45,11.55,11.554,0.0039999999999995595,0.034632034632030816,1,NO,2026-06-14 03:42:56,0.999,4,3.996,54ac5fff-298d-41bc-9c98-369e98813225,True,2026-06-14 03:44:57,1.0,4,4.0,,SETTLEMENT,0.0040000000000000036,0.10010010010010019,121,WIN,False,,,,NO
25,2026-06-14,2026-06-14 03:46:14,2026-06-14 03:59:58,KXETH15M-26JUN140400-00,11.56,11.564,0.0039999999999995595,0.03460207612456366,1,YES,2026-06-14 03:58:10,0.999,4,3.996,168943fe-5bec-4f9b-aa82-c9cdbc980574,True,2026-06-14 03:59:58,1.0,4,4.0,,SETTLEMENT,0.0040000000000000036,0.10010010010010019,108,WIN,False,,,,YES
27,2026-06-14,2026-06-14 04:16:03,2026-06-14 04:29:55,KXETH15M-26JUN140430-30,11.57,11.574,0.0039999999999995595,0.03457216940362627,1,YES,2026-06-14 04:28:49,0.999,4,3.996,fbfaae49-4d07-4400-84c0-81e16a6e9708,True,2026-06-14 04:29:55,1.0,4,4.0,,SETTLEMENT,0.0040000000000000036,0.10010010010010019,66,WIN,False,,,,YES
29,2026-06-14,2026-06-14 04:46:02,2026-06-14 04:59:58,KXETH15M-26JUN140500-00,11.57,11.574,0.0039999999999995595,0.03457216940362627,1,NO,2026-06-14 04:58:38,0.999,4,3.996,e20c8fbe-58c8-4247-a902-d5bb858bca8a,True,2026-06-14 04:59:58,1.0,4,4.0,,SETTLEMENT,0.0040000000000000036,0.10010010010010019,80,WIN,False,,,,NO
30,2026-06-14,2026-06-14 05:01:08,2026-06-14 05:14:56,KXETH15M-26JUN140515-15,11.6,11.604,0.0039999999999995595,0.03448275862068586,1,NO,2026-06-14 05:14:26,0.999,4,3.996,0fc525c8-3511-4a90-94f2-08b2b28fedad,True,2026-06-14 05:14:56,1.0,4,4.0,,SETTLEMENT,0.0040000000000000036,0.10010010010010019,30,WIN,False,,,,NO
31,2026-06-14,2026-06-14 05:16:13,2026-06-14 05:29:58,KXETH15M-26JUN140530-30,11.61,11.613999999999999,0.0039999999999995595,0.03445305770886787,1,NO,2026-06-14 05:29:32,0.999,4,3.996,e2339bb8-002f-43bd-b9dc-6f30bf118b67,True,2026-06-14 05:29:58,1.0,4,4.0,,SETTLEMENT,0.0040000000000000036,0.10010010010010019,26,WIN,False,,,,NO
32,2026-06-14,2026-06-14 05:31:08,2026-06-14 05:44:59,KXETH15M-26JUN140545-45,11.62,11.623999999999999,0.0039999999999995595,0.034423407917380036,1,YES,2026-06-14 05:43:10,0.999,4,3.996,ec6230a6-e212-4cc3-be8e-ef22ad52faa4,True,2026-06-14 05:44:59,1.0,4,4.0,,SETTLEMENT,0.0040000000000000036,0.10010010010010019,109,WIN,False,,,,YES
33,2026-06-14,2026-06-14 05:46:08,2026-06-14 05:59:58,KXETH15M-26JUN140600-00,11.62,11.623999999999999,0.0039999999999995595,0.034423407917380036,1,YES,2026-06-14 05:59:01,0.999,4,3.996,b82b4d3e-bf3a-4202-850a-e093a898a0db,True,2026-06-14 05:59:58,1.0,4,4.0,,SETTLEMENT,0.0040000000000000036,0.10010010010010019,57,WIN,False,,,,YES
34,2026-06-14,2026-06-14 06:01:09,2026-06-14 06:14:58,KXETH15M-26JUN140615-15,11.63,11.634,0.0039999999999995595,0.03439380911435563,1,NO,2026-06-14 06:13:54,0.999,4,3.996,26a8fc63-c178-49f7-8c39-875ee59e3ef7,True,2026-06-14 06:14:58,1.0,4,4.0,,SETTLEMENT,0.0040000000000000036,0.10010010010010019,64,WIN,False,,,,NO
35,2026-06-14,2026-06-14 06:16:09,2026-06-14 06:29:55,KXETH15M-26JUN140630-30,11.64,11.644,0.0039999999999995595,0.034364261168381094,1,YES,2026-06-14 06:29:25,0.999,4,3.996,f1a4b769-4e2d-4c25-83f6-77227bcaa003,True,2026-06-14 06:29:55,1.0,4,4.0,,SETTLEMENT,0.0040000000000000036,0.10010010010010019,30,WIN,False,,,,YES
37,2026-06-14,2026-06-14 06:46:02,2026-06-14 06:59:58,KXETH15M-26JUN140700-00,11.65,11.654,0.0039999999999995595,0.03433476394849407,1,NO,2026-06-14 06:58:59,0.999,4,3.996,ee7735f9-62a1-4453-b937-8d6ed6d416d3,True,2026-06-14 06:59:58,1.0,4,4.0,,SETTLEMENT,0.0040000000000000036,0.10010010010010019,59,WIN,False,,,,NO
38,2026-06-14,2026-06-14 07:01:04,2026-06-14 07:14:59,KXETH15M-26JUN140715-15,11.66,11.664,0.0039999999999995595,0.03430531732418147,1,YES,2026-06-14 07:14:13,0.999,4,3.996,ae2c1838-fbde-4665-b81c-cc24dcb83581,True,2026-06-14 07:14:59,1.0,4,4.0,,SETTLEMENT,0.0040000000000000036,0.10010010010010019,46,WIN,False,,,,YES
40,2026-06-14,2026-06-14 07:31:02,2026-06-14 07:44:55,KXETH15M-26JUN140745-45,11.67,11.674,0.0039999999999995595,0.034275921165377546,1,YES,2026-06-14 07:44:09,0.999,4,3.996,e767069b-0128-4dba-8a1c-6b0222591b19,True,2026-06-14 07:44:55,1.0,4,4.0,,SETTLEMENT,0.0040000000000000036,0.10010010010010019,46,WIN,False,,,,YES
41,2026-06-14,2026-06-14 07:46:08,2026-06-14 07:59:57,KXETH15M-26JUN140800-00,11.67,11.674,0.0039999999999995595,0.034275921165377546,1,NO,2026-06-14 07:57:42,0.999,4,3.996,0f7d618f-c8a0-499d-887e-23495cb14057,True,2026-06-14 07:59:57,1.0,4,4.0,,SETTLEMENT,0.0040000000000000036,0.10010010010010019,135,WIN,False,,,,NO
42,2026-06-14,2026-06-14 08:01:09,2026-06-14 08:14:56,KXETH15M-26JUN140815-15,11.68,11.684,0.0039999999999995595,0.034246575342461984,1,NO,2026-06-14 08:14:23,0.999,4,3.996,d7a18903-42d0-47ea-b443-676be68844b8,True,2026-06-14 08:14:56,1.0,4,4.0,,SETTLEMENT,0.0040000000000000036,0.10010010010010019,33,WIN,False,,,,NO
44,2026-06-14,2026-06-14 08:31:02,2026-06-14 08:44:55,KXETH15M-26JUN140845-45,11.7,11.703999999999999,0.0039999999999995595,0.034188034188030424,1,NO,2026-06-14 08:43:25,0.999,4,3.996,3f3698bf-e72a-45b4-a2a6-890c4bc72476,True,2026-06-14 08:44:55,1.0,4,4.0,,SETTLEMENT,0.0040000000000000036,0.10010010010010019,90,WIN,False,,,,NO
45,2026-06-14,2026-06-14 08:46:08,2026-06-14 08:59:55,KXETH15M-26JUN140900-00,11.71,11.713000000000001,0.0030000000000001137,0.02561912894961668,1,NO,2026-06-14 08:58:37,0.999,3,2.997,420eff96-029a-4240-a9bf-ec531861689d,True,2026-06-14 08:59:55,1.0,3,3.0,,SETTLEMENT,0.0030000000000000027,0.10010010010010019,78,WIN,False,,,,NO
46,2026-06-14,2026-06-14 09:01:13,2026-06-14 09:14:55,KXETH15M-26JUN140915-15,11.72,11.724,0.0039999999999995595,0.034129692832760745,1,YES,2026-06-14 09:14:21,0.999,4,3.996,d0490a93-c325-4294-9c17-d65cf733155c,True,2026-06-14 09:14:55,1.0,4,4.0,,SETTLEMENT,0.0040000000000000036,0.10010010010010019,34,WIN,False,,,,YES
47,2026-06-14,2026-06-14 09:16:13,2026-06-14 09:29:58,KXETH15M-26JUN140930-30,11.72,11.724,0.0039999999999995595,0.034129692832760745,1,NO,2026-06-14 09:29:12,0.999,4,3.996,33a684c4-16ee-4168-8505-b2297cacb1af,True,2026-06-14 09:29:58,1.0,4,4.0,,SETTLEMENT,0.0040000000000000036,0.10010010010010019,46,WIN,False,,,,NO
48,2026-06-14,2026-06-14 09:31:14,2026-06-14 09:45:00,KXETH15M-26JUN140945-45,11.73,11.734,0.0039999999999995595,0.03410059676043955,1,YES,2026-06-14 09:44:31,0.999,4,3.996,d153c0da-1e89-4515-be24-3899f0d084c3,True,2026-06-14 09:45:00,1.0,4,4.0,,SETTLEMENT,0.0040000000000000036,0.10010010010010019,29,WIN,False,,,,YES
49,2026-06-14,2026-06-14 09:46:14,2026-06-14 09:59:58,KXETH15M-26JUN141000-00,11.74,11.744,0.0039999999999995595,0.03407155025553287,1,NO,2026-06-14 09:58:53,0.999,4,3.996,907efe10-89b6-4c03-8b91-3cd49786705f,True,2026-06-14 09:59:58,1.0,4,4.0,,SETTLEMENT,0.0040000000000000036,0.10010010010010019,65,WIN,False,,,,NO
52,2026-06-14,2026-06-14 10:31:02,2026-06-14 10:44:58,KXETH15M-26JUN141045-45,11.76,11.764,0.0039999999999995595,0.03401360544217313,1,NO,2026-06-14 10:43:02,0.999,4,3.996,5954bb65-271d-4029-8e64-94cd9edbac0a,True,2026-06-14 10:44:58,1.0,4,4.0,,SETTLEMENT,0.0040000000000000036,0.10010010010010019,116,WIN,False,,,,NO
53,2026-06-14,2026-06-14 10:46:09,2026-06-14 10:59:58,KXETH15M-26JUN141100-00,11.77,11.774,0.0039999999999995595,0.033984706881899404,1,YES,2026-06-14 10:59:01,0.999,4,3.996,a165bff7-a15d-4988-982e-62da4992c025,True,2026-06-14 10:59:58,1.0,4,4.0,,SETTLEMENT,0.0040000000000000036,0.10010010010010019,57,WIN,False,,,,YES
54,2026-06-14,2026-06-14 11:01:04,2026-06-14 11:14:59,KXETH15M-26JUN141115-15,11.77,11.774,0.0039999999999995595,0.033984706881899404,1,YES,2026-06-14 11:13:54,0.999,4,3.996,8a2c0550-49d7-41a6-bda3-03ae2ce1375e,True,2026-06-14 11:14:59,1.0,4,4.0,,SETTLEMENT,0.0040000000000000036,0.10010010010010019,65,WIN,False,,,,YES
58,2026-06-14,2026-06-14 12:01:02,2026-06-14 12:14:55,KXETH15M-26JUN141215-15,11.79,11.793999999999999,0.0039999999999995595,0.03392705682781645,1,YES,2026-06-14 12:13:21,0.999,4,3.996,2477c35b-3bd1-4760-b119-6fee4f552b03,True,2026-06-14 12:14:55,1.0,4,4.0,,SETTLEMENT,0.0040000000000000036,0.10010010010010019,94,WIN,False,,,,YES
59,2026-06-14,2026-06-14 12:16:09,2026-06-14 12:29:58,KXETH15M-26JUN141230-30,11.79,11.793999999999999,0.0039999999999995595,0.03392705682781645,1,YES,2026-06-14 12:28:25,0.999,4,3.996,be28b8a2-7480-4754-b16f-04e60f1c190b,True,2026-06-14 12:29:58,1.0,4,4.0,,SETTLEMENT,0.0040000000000000036,0.10010010010010019,93,WIN,False,,,,YES
61,2026-06-14,2026-06-14 12:46:03,2026-06-14 12:59:58,KXETH15M-26JUN141300-00,11.8,11.804,0.0039999999999995595,0.03389830508474203,1,NO,2026-06-14 12:58:01,0.999,4,3.996,03c93189-a650-437b-bafb-1e79c6e2fc11,True,2026-06-14 12:59:58,1.0,4,4.0,,SETTLEMENT,0.0040000000000000036,0.10010010010010019,117,WIN,False,,,,NO
3,2026-06-14,2026-06-14 13:46:02,2026-06-14 13:59:59,KXETH15M-26JUN141400-00,12.44,12.443999999999999,0.0039999999999995595,0.03215434083600932,1,NO,2026-06-14 13:58:20,0.999,4,3.996,755c2435-81b2-4f5b-b88f-e4d433a1cc1d,True,2026-06-14 13:59:59,1.0,4,4.0,,SETTLEMENT,0.0040000000000000036,0.10010010010010019,99,WIN,False,,,,NO
5,2026-06-14,2026-06-14 14:16:02,2026-06-14 14:29:59,KXETH15M-26JUN141430-30,12.44,12.443999999999999,0.0039999999999995595,0.03215434083600932,1,NO,2026-06-14 14:27:58,0.999,4,3.996,423eff7a-8a63-4c45-9531-b30ae8ba08c8,True,2026-06-14 14:29:59,1.0,4,4.0,,SETTLEMENT,0.0040000000000000036,0.10010010010010019,121,WIN,False,,,,NO
6,2026-06-14,2026-06-14 14:31:08,2026-06-14 14:45:00,KXETH15M-26JUN141445-45,12.45,12.453999999999999,0.0039999999999995595,0.032128514056221365,1,YES,2026-06-14 14:43:55,0.999,4,3.996,903aaa56-4fbc-4b00-b4c4-0ee83c5f8c2c,True,2026-06-14 14:45:00,1.0,4,4.0,,SETTLEMENT,0.0040000000000000036,0.10010010010010019,65,WIN,False,,,,YES
7,2026-06-14,2026-06-14 14:46:09,2026-06-14 15:00:01,KXETH15M-26JUN141500-00,12.45,12.453999999999999,0.0039999999999995595,0.032128514056221365,1,YES,2026-06-14 14:59:07,0.999,4,3.996,e988e665-9478-4012-a71b-e3adbd592d0d,True,2026-06-14 15:00:01,1.0,4,4.0,,SETTLEMENT,0.0040000000000000036,0.10010010010010019,54,WIN,False,,,,YES
8,2026-06-14,2026-06-14 15:01:14,2026-06-14 15:15:00,KXETH15M-26JUN141515-15,12.46,12.464,0.0039999999999995595,0.03210272873193867,1,YES,2026-06-14 15:13:31,0.999,4,3.996,1d9e40f5-22ee-40ab-8ebc-15a1fba8174f,True,2026-06-14 15:15:00,1.0,4,4.0,,SETTLEMENT,0.0040000000000000036,0.10010010010010019,89,WIN,False,,,,YES
9,2026-06-14,2026-06-14 15:16:09,2026-06-14 15:29:59,KXETH15M-26JUN141530-30,12.46,12.464,0.0039999999999995595,0.03210272873193867,1,YES,2026-06-14 15:28:35,0.999,4,3.996,9d780997-7e76-439d-b052-d45dcb19e3a7,True,2026-06-14 15:29:59,1.0,4,4.0,,SETTLEMENT,0.0040000000000000036,0.10010010010010019,84,WIN,False,,,,YES
10,2026-06-14,2026-06-14 15:31:09,2026-06-14 15:44:56,KXETH15M-26JUN141545-45,12.47,12.474,0.0039999999999995595,0.032076984763428705,1,NO,2026-06-14 15:44:24,0.999,4,3.996,230d2985-fdcf-4edc-ae18-6f7c93d5e34e,True,2026-06-14 15:44:56,1.0,4,4.0,,SETTLEMENT,0.0040000000000000036,0.10010010010010019,32,WIN,False,,,,NO
1,2026-06-14,2026-06-14 16:34:22,2026-06-14 16:44:56,KXETH15M-26JUN141645-45,12.59,12.594999999999999,0.004999999999999005,0.03971405877679909,1,YES,2026-06-14 16:42:54,0.999,5,4.995,de3610d4-569e-4c7e-90b5-b3c8c831a75d,True,2026-06-14 16:44:56,1.0,5,5.0,,SETTLEMENT,0.0050000000000000044,0.10010010010010019,122,WIN,False,,,,YES
2,2026-06-14,2026-06-14 16:46:09,2026-06-14 16:59:55,KXETH15M-26JUN141700-00,12.6,12.605,0.005000000000000782,0.039682539682545884,1,NO,2026-06-14 16:59:27,0.999,5,4.995,b76bb7f7-bee4-4aec-a924-252357e6718e,True,2026-06-14 16:59:55,1.0,5,5.0,,SETTLEMENT,0.0050000000000000044,0.10010010010010019,28,WIN,False,,,,NO
3,2026-06-14,2026-06-14 17:01:14,2026-06-14 17:14:59,KXETH15M-26JUN141715-15,12.61,12.614999999999998,0.004999999999999005,0.039651070578897746,1,YES,2026-06-14 17:14:09,0.999,5,4.995,086bcf28-a93f-42d1-9990-7bbd55842149,True,2026-06-14 17:14:59,1.0,5,5.0,,SETTLEMENT,0.0050000000000000044,0.10010010010010019,50,WIN,False,,,,YES
4,2026-06-14,2026-06-14 17:16:14,2026-06-14 17:29:59,KXETH15M-26JUN141730-30,12.63,12.635000000000002,0.005000000000000782,0.039588281868573084,1,YES,2026-06-14 17:27:50,0.999,5,4.995,cf4b03bc-ffa2-42a0-b4c8-7d6533b42e18,True,2026-06-14 17:29:59,1.0,5,5.0,,SETTLEMENT,0.0050000000000000044,0.10010010010010019,129,WIN,False,,,,YES
5,2026-06-14,2026-06-14 17:31:14,2026-06-14 17:44:58,KXETH15M-26JUN141745-45,12.64,12.645,0.004999999999999005,0.03955696202530858,1,YES,2026-06-14 17:42:59,0.999,5,4.995,cc122e40-2621-4c1a-a429-9723b4df106d,True,2026-06-14 17:44:58,1.0,5,5.0,,SETTLEMENT,0.0050000000000000044,0.10010010010010019,119,WIN,False,,,,YES
6,2026-06-14,2026-06-14 17:46:08,2026-06-14 17:59:58,KXETH15M-26JUN141800-00,12.64,12.65,0.009999999999999787,0.07911392405063122,1,YES,2026-06-14 17:59:02,0.998,5,4.99,3c8f3c0d-9d54-46d1-beab-566dda51c992,True,2026-06-14 17:59:58,1.0,5,5.0,,SETTLEMENT,0.010000000000000009,0.20040080160320656,56,WIN,False,,,,YES
7,2026-06-14,2026-06-14 18:01:10,2026-06-14 18:14:55,KXETH15M-26JUN141815-15,12.66,12.665,0.004999999999999005,0.03949447077408377,1,YES,2026-06-14 18:14:11,0.999,5,4.995,a3bb325c-ef7f-4779-90c4-d986bcfd1435,True,2026-06-14 18:14:55,1.0,5,5.0,,SETTLEMENT,0.0050000000000000044,0.10010010010010019,44,WIN,False,,,,YES
1,2026-06-14,2026-06-14 20:07:45,2026-06-14 20:14:57,KXETH15M-26JUN142015-15,15.26,15.266,0.006000000000000227,0.039318479685453656,1,YES,2026-06-14 20:14:00,0.999,6,5.994,3a0a68e3-7748-41f9-a34c-49459b5ca3f3,True,2026-06-14 20:14:57,1.0,6,6.0,,SETTLEMENT,0.006000000000000005,0.10010010010010019,57,WIN,False,,,,YES
2,2026-06-14,2026-06-14 20:16:15,2026-06-14 20:29:59,KXETH15M-26JUN142030-30,15.27,15.274999999999999,0.004999999999999005,0.032743942370654915,1,NO,2026-06-14 20:29:00,0.999,5,4.995,1b1fe782-59dc-48dd-a31b-aa4068add3e2,True,2026-06-14 20:29:59,1.0,5,5.0,,SETTLEMENT,0.0050000000000000044,0.10010010010010019,59,WIN,False,,,,NO
3,2026-06-14,2026-06-14 20:31:04,2026-06-14 20:44:59,KXETH15M-26JUN142045-45,15.29,15.296,0.006000000000000227,0.03924133420536447,1,NO,2026-06-14 20:43:04,0.999,6,5.994,7f0037cd-db24-40cb-a3a0-0edb41cea9eb,True,2026-06-14 20:44:59,1.0,6,6.0,,SETTLEMENT,0.006000000000000005,0.10010010010010019,115,WIN,False,,,,NO
4,2026-06-14,2026-06-14 20:46:17,2026-06-14 20:59:59,KXETH15M-26JUN142100-00,15.3,15.312000000000001,0.012000000000000455,0.07843137254902258,1,YES,2026-06-14 20:59:31,0.9979999999999999,6,5.9879999999999995,894b2c76-ed5c-4716-b4c4-f2bdc54b3d43,True,2026-06-14 20:59:59,1.0,6,6.0,,SETTLEMENT,0.012000000000000677,0.20040080160321772,28,WIN,False,,,,YES
5,2026-06-14,2026-06-14 21:01:09,2026-06-14 21:14:55,KXETH15M-26JUN142115-15,15.31,15.316,0.006000000000000227,0.03919007184846654,1,NO,2026-06-14 21:14:15,0.999,6,5.994,3a0f5dd8-3fb2-446e-a19e-180a8372b8fb,True,2026-06-14 21:14:55,1.0,6,6.0,,SETTLEMENT,0.006000000000000005,0.10010010010010019,40,WIN,False,,,,NO
6,2026-06-14,2026-06-14 21:16:14,2026-06-14 21:29:58,KXETH15M-26JUN142130-30,15.32,15.326,0.006000000000000227,0.03916449086162028,1,NO,2026-06-14 21:27:59,0.999,6,5.994,ae9c2ea5-d775-4c0a-87cb-9597ae6cd14f,True,2026-06-14 21:29:58,1.0,6,6.0,,SETTLEMENT,0.006000000000000005,0.10010010010010019,119,WIN,False,,,,NO
7,2026-06-14,2026-06-14 21:31:14,2026-06-14 21:45:00,KXETH15M-26JUN142145-45,15.34,15.364,0.02400000000000091,0.15645371577575562,1,YES,2026-06-14 21:42:59,0.996,6,5.976,47303c30-9b10-4730-a83a-0addc31fb1dd,True,2026-06-14 21:45:00,1.0,6,6.0,,SETTLEMENT,0.02400000000000002,0.40160642570281163,121,WIN,False,,,,YES
8,2026-06-14,2026-06-14 21:46:13,2026-06-14 21:59:59,KXETH15M-26JUN142200-00,15.36,15.366,0.006000000000000227,0.039062500000001485,1,NO,2026-06-14 21:57:42,0.999,6,5.994,d7d21564-8b65-4e73-a2eb-813a96aebb73,True,2026-06-14 21:59:59,1.0,6,6.0,,SETTLEMENT,0.006000000000000005,0.10010010010010019,137,WIN,False,,,,NO
10,2026-06-14,2026-06-14 22:16:02,2026-06-14 22:29:25,KXETH15M-26JUN142230-30,15.38,15.332,-0.04800000000000004,-0.3120936280884268,1,YES,2026-06-14 22:29:16,0.999,6,5.994,2554d6e2-85da-408f-8b9d-3e4bd6570092,True,2026-06-14 22:29:25,0.991,6,5.946,81788623-2385-477f-a845-2092bb260144,MANUAL_STOP_LOSS,-0.04800000000000004,-0.8008008008008015,9,LOSS,False,,,,
11,2026-06-14,2026-06-14 22:31:09,2026-06-14 22:44:55,KXETH15M-26JUN142245-45,15.33,15.342,0.012000000000000455,0.07827788649706754,1,NO,2026-06-14 22:44:31,0.9979999999999999,6,5.9879999999999995,08b08f44-436f-42ab-84dd-a39b5ae3e606,True,2026-06-14 22:44:55,1.0,6,6.0,,SETTLEMENT,0.012000000000000677,0.20040080160321772,24,WIN,False,,,,NO
12,2026-06-14,2026-06-14 22:46:14,2026-06-14 22:59:55,KXETH15M-26JUN142300-00,15.35,15.362,0.012000000000000455,0.07817589576547528,1,NO,2026-06-14 22:57:51,0.9979999999999999,6,5.9879999999999995,2362e369-f58e-4ceb-9a1e-cc74831d30b9,True,2026-06-14 22:59:55,1.0,6,6.0,,SETTLEMENT,0.012000000000000677,0.20040080160321772,124,WIN,False,,,,NO
13,2026-06-14,2026-06-14 23:01:08,2026-06-14 23:14:57,KXETH15M-26JUN142315-15,15.37,15.376,0.006000000000000227,0.03903708523097091,1,YES,2026-06-14 23:13:00,0.999,6,5.994,7cfca353-a07d-4ef1-9153-ad8a5b2e777f,True,2026-06-14 23:14:57,1.0,6,6.0,,SETTLEMENT,0.006000000000000005,0.10010010010010019,117,WIN,False,,,,YES
14,2026-06-14,2026-06-14 23:16:14,2026-06-14 23:30:00,KXETH15M-26JUN142330-30,15.38,15.386000000000001,0.006000000000000227,0.03901170351105479,1,NO,2026-06-14 23:29:09,0.999,6,5.994,c0b9b414-991c-4a01-aa68-6527d315dd0c,True,2026-06-14 23:30:00,1.0,6,6.0,,SETTLEMENT,0.006000000000000005,0.10010010010010019,51,WIN,False,,,,NO
15,2026-06-14,2026-06-14 23:31:08,2026-06-14 23:44:55,KXETH15M-26JUN142345-45,15.39,15.396,0.006000000000000227,0.038986354775829936,1,YES,2026-06-14 23:44:12,0.999,6,5.994,2c6673ef-995e-40f8-8098-c620ee5d5755,True,2026-06-14 23:44:55,1.0,6,6.0,,SETTLEMENT,0.006000000000000005,0.10010010010010019,43,WIN,False,,,,YES
16,2026-06-14,2026-06-14 23:46:13,2026-06-14 23:59:57,KXETH15M-26JUN150000-00,15.4,15.406,0.006000000000000227,0.03896103896104044,1,NO,2026-06-14 23:59:00,0.999,6,5.994,912868df-e050-4553-a3a3-267014e68448,True,2026-06-14 23:59:57,1.0,6,6.0,,SETTLEMENT,0.006000000000000005,0.10010010010010019,57,WIN,False,,,,NO
17,2026-06-15,2026-06-15 00:01:09,2026-06-15 00:14:57,KXETH15M-26JUN150015-15,15.41,15.416,0.006000000000000227,0.038935756002597195,1,NO,2026-06-15 00:13:57,0.999,6,5.994,c56e5dbe-db0a-4a0e-ae2b-f65ee1e28ea4,True,2026-06-15 00:14:57,1.0,6,6.0,,SETTLEMENT,0.006000000000000005,0.10010010010010019,60,WIN,False,,,,NO
19,2026-06-15,2026-06-15 00:31:02,2026-06-15 00:44:58,KXETH15M-26JUN150045-45,15.42,15.426,0.006000000000000227,0.038910505836577354,1,NO,2026-06-15 00:43:49,0.999,6,5.994,4454bece-8447-4759-a4e9-66883ae2070e,True,2026-06-15 00:44:58,1.0,6,6.0,,SETTLEMENT,0.006000000000000005,0.10010010010010019,69,WIN,False,,,,NO
22,2026-06-15,2026-06-15 01:16:02,2026-06-15 01:29:56,KXETH15M-26JUN150130-30,15.44,15.446,0.006000000000000227,0.038860103626944476,1,YES,2026-06-15 01:29:04,0.999,6,5.994,7cdd5982-22ab-489f-bf02-c0a6b982c53c,True,2026-06-15 01:29:56,1.0,6,6.0,,SETTLEMENT,0.006000000000000005,0.10010010010010019,52,WIN,False,,,,YES
23,2026-06-15,2026-06-15 01:31:13,2026-06-15 01:44:55,KXETH15M-26JUN150145-45,15.45,15.456,0.006000000000000227,0.038834951456312154,1,NO,2026-06-15 01:44:00,0.999,6,5.994,039fc25f-bb53-489d-859d-7765b9256822,True,2026-06-15 01:44:55,1.0,6,6.0,,SETTLEMENT,0.006000000000000005,0.10010010010010019,55,WIN,False,,,,NO
24,2026-06-15,2026-06-15 01:46:15,2026-06-15 01:59:55,KXETH15M-26JUN150200-00,15.47,15.476,0.006000000000000227,0.03878474466709907,1,YES,2026-06-15 01:57:50,0.999,6,5.994,82eb3572-0c82-436a-99d1-ae44e3e641ea,True,2026-06-15 01:59:55,1.0,6,6.0,,SETTLEMENT,0.006000000000000005,0.10010010010010019,125,WIN,False,,,,YES
25,2026-06-15,2026-06-15 02:01:09,2026-06-15 02:14:59,KXETH15M-26JUN150215-15,15.48,15.486,0.006000000000000227,0.03875968992248209,1,YES,2026-06-15 02:14:30,0.999,6,5.994,bc921eba-bef6-4a5d-9fc2-825cb61962c3,True,2026-06-15 02:14:59,1.0,6,6.0,,SETTLEMENT,0.006000000000000005,0.10010010010010019,29,WIN,False,,,,YES
26,2026-06-15,2026-06-15 02:16:08,2026-06-15 02:29:59,KXETH15M-26JUN150230-30,15.48,15.486,0.006000000000000227,0.03875968992248209,1,YES,2026-06-15 02:29:03,0.999,6,5.994,4b38e8da-3f57-4c63-bc86-f1f960d8a121,True,2026-06-15 02:29:59,1.0,6,6.0,,SETTLEMENT,0.006000000000000005,0.10010010010010019,56,WIN,False,,,,YES
27,2026-06-15,2026-06-15 02:31:14,2026-06-15 02:44:55,KXETH15M-26JUN150245-45,15.49,15.495000000000001,0.005000000000000782,0.03227888960620259,1,NO,2026-06-15 02:44:09,0.999,5,4.995,d55fd542-43f3-4af1-939d-78de655fa5e7,True,2026-06-15 02:44:55,1.0,5,5.0,,SETTLEMENT,0.0050000000000000044,0.10010010010010019,46,WIN,False,,,,NO
28,2026-06-15,2026-06-15 02:46:08,2026-06-15 02:59:59,KXETH15M-26JUN150300-00,15.5,15.506,0.006000000000000227,0.038709677419356305,1,YES,2026-06-15 02:59:01,0.999,6,5.994,8aade2d8-8d4f-4b10-8215-caa23dcbb7eb,True,2026-06-15 02:59:59,1.0,6,6.0,,SETTLEMENT,0.006000000000000005,0.10010010010010019,58,WIN,False,,,,YES
29,2026-06-15,2026-06-15 03:01:03,2026-06-15 03:14:59,KXETH15M-26JUN150315-15,15.5,15.506,0.006000000000000227,0.038709677419356305,1,YES,2026-06-15 03:13:45,0.999,6,5.994,1e520d48-c0e1-4e5a-968c-353b3cb36f97,True,2026-06-15 03:14:59,1.0,6,6.0,,SETTLEMENT,0.006000000000000005,0.10010010010010019,74,WIN,False,,,,YES
30,2026-06-15,2026-06-15 03:16:08,2026-06-15 03:29:49,KXETH15M-26JUN150330-30,15.51,15.48,-0.02999999999999936,-0.1934235976789127,1,YES,2026-06-15 03:29:28,0.999,6,5.994,0e1f6864-c4ec-4f43-a811-d94142356b51,True,2026-06-15 03:29:49,0.9940000000000001,6,5.964,1cc84216-3d04-4372-b0e1-fe703197a0b9,MANUAL_STOP_LOSS,-0.02999999999999936,-0.5005005005004898,21,LOSS,False,,,,
31,2026-06-15,2026-06-15 03:31:02,2026-06-15 03:44:58,KXETH15M-26JUN150345-45,15.48,15.486,0.006000000000000227,0.03875968992248209,1,NO,2026-06-15 03:44:02,0.999,6,5.994,de530326-992d-4ec9-87f9-4fbd976c6d25,True,2026-06-15 03:44:58,1.0,6,6.0,,SETTLEMENT,0.006000000000000005,0.10010010010010019,56,WIN,False,,,,NO
32,2026-06-15,2026-06-15 03:46:08,2026-06-15 03:59:58,KXETH15M-26JUN150400-00,15.49,15.496,0.006000000000000227,0.038734667527438524,1,NO,2026-06-15 03:58:52,0.999,6,5.994,c53f2a48-e45b-4671-b772-91e284209553,True,2026-06-15 03:59:58,1.0,6,6.0,,SETTLEMENT,0.006000000000000005,0.10010010010010019,66,WIN,False,,,,NO
33,2026-06-15,2026-06-15 04:01:09,2026-06-15 04:14:56,KXETH15M-26JUN150415-15,15.5,15.506,0.006000000000000227,0.038709677419356305,1,YES,2026-06-15 04:13:21,0.999,6,5.994,00aeb709-510f-4b8d-880e-1a679a10f234,True,2026-06-15 04:14:56,1.0,6,6.0,,SETTLEMENT,0.006000000000000005,0.10010010010010019,95,WIN,False,,,,YES
34,2026-06-15,2026-06-15 04:16:13,2026-06-15 04:29:58,KXETH15M-26JUN150430-30,15.52,15.526,0.006000000000000227,0.038659793814434455,1,NO,2026-06-15 04:29:23,0.999,6,5.994,99e07ef6-f6d1-4874-b947-c7b3af17ee08,True,2026-06-15 04:29:58,1.0,6,6.0,,SETTLEMENT,0.006000000000000005,0.10010010010010019,35,WIN,False,,,,NO
35,2026-06-15,2026-06-15 04:31:14,2026-06-15 04:44:56,KXETH15M-26JUN150445-45,15.53,15.536,0.006000000000000227,0.03863490019317597,1,YES,2026-06-15 04:43:27,0.999,6,5.994,20c756d6-8721-48d5-a749-4d731d9e07a7,True,2026-06-15 04:44:56,1.0,6,6.0,,SETTLEMENT,0.006000000000000005,0.10010010010010019,89,WIN,False,,,,YES
39,2026-06-15,2026-06-15 05:31:07,2026-06-15 05:44:59,KXETH15M-26JUN150545-45,15.55,15.556000000000001,0.006000000000000227,0.038585209003216894,1,NO,2026-06-15 05:42:59,0.999,6,5.994,2f04b7ff-ccb0-479c-9dad-1573e2462f41,True,2026-06-15 05:44:59,1.0,6,6.0,,SETTLEMENT,0.006000000000000005,0.10010010010010019,120,WIN,False,,,,NO
40,2026-06-15,2026-06-15 05:46:12,2026-06-15 05:59:55,KXETH15M-26JUN150600-00,15.56,15.566,0.006000000000000227,0.03856041131105545,1,YES,2026-06-15 05:58:56,0.999,6,5.994,cd9876d3-345c-4b7f-b0f3-38dac13522c4,True,2026-06-15 05:59:55,1.0,6,6.0,,SETTLEMENT,0.006000000000000005,0.10010010010010019,59,WIN,False,,,,YES
41,2026-06-15,2026-06-15 06:01:08,2026-06-15 06:15:00,KXETH15M-26JUN150615-15,15.57,15.576,0.006000000000000227,0.03853564547206312,1,YES,2026-06-15 06:13:03,0.999,6,5.994,18d6b792-9d9d-44f3-ab7f-2bbf93ed70e3,True,2026-06-15 06:15:00,1.0,6,6.0,,SETTLEMENT,0.006000000000000005,0.10010010010010019,117,WIN,False,,,,YES
42,2026-06-15,2026-06-15 06:16:07,2026-06-15 06:29:57,KXETH15M-26JUN150630-30,15.58,15.586,0.006000000000000227,0.03851091142490518,1,YES,2026-06-15 06:29:01,0.999,6,5.994,49b82d6a-5758-4fcf-b68e-fdab47c247e9,True,2026-06-15 06:29:57,1.0,6,6.0,,SETTLEMENT,0.006000000000000005,0.10010010010010019,56,WIN,False,,,,YES
43,2026-06-15,2026-06-15 06:31:14,2026-06-15 06:44:55,KXETH15M-26JUN150645-45,15.59,15.596,0.006000000000000227,0.03848620910840428,1,YES,2026-06-15 06:43:28,0.999,6,5.994,7ede3fbb-bee4-476d-a2ff-91162f4375d2,True,2026-06-15 06:44:55,1.0,6,6.0,,SETTLEMENT,0.006000000000000005,0.10010010010010019,87,WIN,False,,,,YES
44,2026-06-15,2026-06-15 06:46:13,2026-06-15 06:59:57,KXETH15M-26JUN150700-00,15.6,15.606,0.006000000000000227,0.03846153846153992,1,YES,2026-06-15 06:57:42,0.999,6,5.994,26c53966-2dc6-46d0-aaf3-3e3b32181c5f,True,2026-06-15 06:59:57,1.0,6,6.0,,SETTLEMENT,0.006000000000000005,0.10010010010010019,135,WIN,False,,,,YES
45,2026-06-15,2026-06-15 07:01:09,2026-06-15 07:14:56,KXETH15M-26JUN150715-15,15.61,15.616,0.006000000000000227,0.03843689942344797,1,YES,2026-06-15 07:13:10,0.999,6,5.994,fcc1fe05-2bb9-4ab6-978d-127c54c52274,True,2026-06-15 07:14:56,1.0,6,6.0,,SETTLEMENT,0.006000000000000005,0.10010010010010019,106,WIN,False,,,,YES
46,2026-06-15,2026-06-15 07:16:13,2026-06-15 07:29:57,KXETH15M-26JUN150730-30,15.63,15.636000000000001,0.006000000000000227,0.038387715930903565,1,YES,2026-06-15 07:28:23,0.999,6,5.994,0952e6e3-b310-4871-933a-0e58a13e9bd5,True,2026-06-15 07:29:57,1.0,6,6.0,,SETTLEMENT,0.006000000000000005,0.10010010010010019,94,WIN,False,,,,YES
47,2026-06-15,2026-06-15 07:31:08,2026-06-15 07:44:59,KXETH15M-26JUN150745-45,15.64,15.646,0.006000000000000227,0.03836317135550018,1,YES,2026-06-15 07:44:00,0.999,6,5.994,c5af3185-ede2-45a1-8cdf-c1bb502b8bc3,True,2026-06-15 07:44:59,1.0,6,6.0,,SETTLEMENT,0.006000000000000005,0.10010010010010019,59,WIN,False,,,,YES
51,2026-06-15,2026-06-15 08:31:06,2026-06-15 08:44:55,KXETH15M-26JUN150845-45,15.66,15.666,0.006000000000000227,0.03831417624521218,1,YES,2026-06-15 08:43:21,0.999,6,5.994,a5be409a-52a1-49f7-ac04-c5b0b1bf6321,True,2026-06-15 08:44:55,1.0,6,6.0,,SETTLEMENT,0.006000000000000005,0.10010010010010019,94,WIN,False,,,,YES
52,2026-06-15,2026-06-15 08:46:14,2026-06-15 08:59:55,KXETH15M-26JUN150900-00,15.67,15.676,0.006000000000000227,0.03828972559030139,1,YES,2026-06-15 08:59:10,0.999,6,5.994,afbc37bb-871a-4136-8113-5edf49a8a9e5,True,2026-06-15 08:59:55,1.0,6,6.0,,SETTLEMENT,0.006000000000000005,0.10010010010010019,45,WIN,False,,,,YES
53,2026-06-15,2026-06-15 09:01:04,2026-06-15 09:14:55,KXETH15M-26JUN150915-15,15.68,15.686,0.006000000000000227,0.03826530612245043,1,YES,2026-06-15 09:13:45,0.999,6,5.994,f0e54c0c-5798-4d0a-a634-3471e130b314,True,2026-06-15 09:14:55,1.0,6,6.0,,SETTLEMENT,0.006000000000000005,0.10010010010010019,70,WIN,False,,,,YES
54,2026-06-15,2026-06-15 09:16:09,2026-06-15 09:30:00,KXETH15M-26JUN150930-30,15.69,15.696,0.006000000000000227,0.03824091778202822,1,YES,2026-06-15 09:28:57,0.999,6,5.994,dfe0f0d3-5f5d-4a2b-82c7-807bb5ec2963,True,2026-06-15 09:30:00,1.0,6,6.0,,SETTLEMENT,0.006000000000000005,0.10010010010010019,63,WIN,False,,,,YES
55,2026-06-15,2026-06-15 09:31:09,2026-06-15 09:44:59,KXETH15M-26JUN150945-45,15.7,15.706,0.006000000000000227,0.03821656050955559,1,NO,2026-06-15 09:43:37,0.999,6,5.994,98763146-1228-4253-8d6c-70704da9aa85,True,2026-06-15 09:44:59,1.0,6,6.0,,SETTLEMENT,0.006000000000000005,0.10010010010010019,82,WIN,False,,,,NO
1,2026-06-15,2026-06-15 10:09:38,2026-06-15 10:14:56,KXETH15M-26JUN151015-15,15.71,15.716000000000001,0.006000000000000227,0.03819223424570482,1,NO,2026-06-15 10:14:11,0.999,6,5.994,2b96fc6c-f34e-47b8-b855-6758edf003d3,True,2026-06-15 10:14:56,1.0,6,6.0,,SETTLEMENT,0.006000000000000005,0.10010010010010019,45,WIN,False,,,,NO
2,2026-06-15,2026-06-15 10:16:08,2026-06-15 10:30:00,KXETH15M-26JUN151030-30,15.73,15.736,0.006000000000000227,0.03814367450731232,1,YES,2026-06-15 10:29:30,0.999,6,5.994,90ab13e9-02f0-4c12-bbae-56192c849331,True,2026-06-15 10:30:00,1.0,6,6.0,,SETTLEMENT,0.006000000000000005,0.10010010010010019,30,WIN,False,,,,YES
3,2026-06-15,2026-06-15 10:31:13,2026-06-15 10:44:58,KXETH15M-26JUN151045-45,15.78,15.786,0.006000000000000227,0.03802281368821437,1,YES,2026-06-15 10:44:35,0.999,6,5.994,5e7620c5-37d7-492f-9da7-59d6eab38d4b,True,2026-06-15 10:44:58,1.0,6,6.0,,SETTLEMENT,0.006000000000000005,0.10010010010010019,23,WIN,False,,,,YES
4,2026-06-15,2026-06-15 10:46:14,2026-06-15 10:59:58,KXETH15M-26JUN151100-00,15.79,15.814,0.02400000000000091,0.15199493350222235,1,YES,2026-06-15 10:58:57,0.996,6,5.976,00eeca7f-edb9-4509-b0ce-5b356057a612,True,2026-06-15 10:59:58,1.0,6,6.0,,SETTLEMENT,0.02400000000000002,0.40160642570281163,61,WIN,False,,,,YES
5,2026-06-15,2026-06-15 11:01:08,2026-06-15 11:14:59,KXETH15M-26JUN151115-15,15.82,15.826,0.006000000000000227,0.037926675094818126,1,YES,2026-06-15 11:14:22,0.999,6,5.994,83a0579a-80c5-4b2f-8f7d-c14f4b054bb5,True,2026-06-15 11:14:59,1.0,6,6.0,,SETTLEMENT,0.006000000000000005,0.10010010010010019,37,WIN,False,,,,YES
7,2026-06-15,2026-06-15 11:31:06,2026-06-15 11:44:56,KXETH15M-26JUN151145-45,15.82,15.826,0.006000000000000227,0.037926675094818126,1,YES,2026-06-15 11:43:27,0.999,6,5.994,0899b382-ee24-4e65-8274-7f43a9336feb,True,2026-06-15 11:44:56,1.0,6,6.0,,SETTLEMENT,0.006000000000000005,0.10010010010010019,89,WIN,False,,,,YES
8,2026-06-15,2026-06-15 11:46:09,2026-06-15 11:59:57,KXETH15M-26JUN151200-00,15.83,15.836,0.006000000000000227,0.03790271636134067,1,YES,2026-06-15 11:57:51,0.999,6,5.994,16b8549f-facc-4942-81ac-1e65cae2384f,True,2026-06-15 11:59:57,1.0,6,6.0,,SETTLEMENT,0.006000000000000005,0.10010010010010019,126,WIN,False,,,,YES
9,2026-06-15,2026-06-15 12:01:08,2026-06-15 12:14:59,KXETH15M-26JUN151215-15,15.84,15.846,0.006000000000000227,0.037878787878789316,1,YES,2026-06-15 12:14:34,0.999,6,5.994,290c3d83-d2d5-4ac8-8e6c-05192782f6dc,True,2026-06-15 12:14:59,1.0,6,6.0,,SETTLEMENT,0.006000000000000005,0.10010010010010019,25,WIN,False,,,,YES
10,2026-06-15,2026-06-15 12:16:14,2026-06-15 12:30:00,KXETH15M-26JUN151230-30,15.85,15.862,0.012000000000000455,0.0757097791798136,1,NO,2026-06-15 12:27:59,0.9979999999999999,6,5.9879999999999995,75afc16a-a024-408e-ba86-553befc6ba2d,True,2026-06-15 12:30:00,1.0,6,6.0,,SETTLEMENT,0.012000000000000677,0.20040080160321772,121,WIN,False,,,,NO
11,2026-06-15,2026-06-15 12:31:08,2026-06-15 12:44:58,KXETH15M-26JUN151245-45,15.86,15.866,0.006000000000000227,0.03783102143758025,1,YES,2026-06-15 12:44:02,0.999,6,5.994,813cc9a4-71e0-444e-89d7-8f3e3655872c,True,2026-06-15 12:44:58,1.0,6,6.0,,SETTLEMENT,0.006000000000000005,0.10010010010010019,56,WIN,False,,,,YES
13,2026-06-15,2026-06-15 13:01:03,2026-06-15 13:14:58,KXETH15M-26JUN151315-15,15.87,15.876,0.006000000000000227,0.037807183364840756,1,NO,2026-06-15 13:12:41,0.999,6,5.994,de34a89e-a4aa-4990-bb6f-986bf96efb4a,True,2026-06-15 13:14:58,1.0,6,6.0,,SETTLEMENT,0.006000000000000005,0.10010010010010019,137,WIN,False,,,,NO
15,2026-06-15,2026-06-15 13:31:02,2026-06-15 13:44:59,KXETH15M-26JUN151345-45,15.89,15.896,0.006000000000000227,0.0377595972309643,1,YES,2026-06-15 13:44:17,0.999,6,5.994,e13c022d-bb3c-46b4-83c1-ec7c7442afe9,True,2026-06-15 13:44:59,1.0,6,6.0,,SETTLEMENT,0.006000000000000005,0.10010010010010019,42,WIN,False,,,,YES
16,2026-06-15,2026-06-15 13:46:12,2026-06-15 13:59:58,KXETH15M-26JUN151400-00,15.9,15.906,0.006000000000000227,0.0377358490566052,1,NO,2026-06-15 13:58:40,0.999,6,5.994,cce0627c-fd82-455a-8007-45ed31205961,True,2026-06-15 13:59:58,1.0,6,6.0,,SETTLEMENT,0.006000000000000005,0.10010010010010019,78,WIN,False,,,,NO
17,2026-06-15,2026-06-15 14:01:08,2026-06-15 14:14:59,KXETH15M-26JUN151415-15,15.91,15.916,0.006000000000000227,0.037712130735387976,1,YES,2026-06-15 14:14:34,0.999,6,5.994,d901c464-32f3-423a-8662-74e49b9edc4e,True,2026-06-15 14:14:59,1.0,6,6.0,,SETTLEMENT,0.006000000000000005,0.10010010010010019,25,WIN,False,,,,YES
18,2026-06-15,2026-06-15 14:16:07,2026-06-15 14:29:59,KXETH15M-26JUN151430-30,15.92,15.926,0.006000000000000227,0.0376884422110567,1,NO,2026-06-15 14:29:34,0.999,6,5.994,5b0ed9f8-1436-46da-95cd-f5e099839d58,True,2026-06-15 14:29:59,1.0,6,6.0,,SETTLEMENT,0.006000000000000005,0.10010010010010019,25,WIN,False,,,,NO
19,2026-06-15,2026-06-15 14:31:12,2026-06-15 14:44:59,KXETH15M-26JUN151445-45,15.94,15.946,0.006000000000000227,0.037641154328734175,1,YES,2026-06-15 14:44:33,0.999,6,5.994,0d3d1016-b469-48cf-91de-434c11f9010e,True,2026-06-15 14:44:59,1.0,6,6.0,,SETTLEMENT,0.006000000000000005,0.10010010010010019,26,WIN,False,,,,YES
20,2026-06-15,2026-06-15 14:46:12,2026-06-15 14:59:55,KXETH15M-26JUN151500-00,15.94,15.946,0.006000000000000227,0.037641154328734175,1,NO,2026-06-15 14:59:15,0.999,6,5.994,b7613599-1b05-4092-8409-ecfbbe299847,True,2026-06-15 14:59:55,1.0,6,6.0,,SETTLEMENT,0.006000000000000005,0.10010010010010019,40,WIN,False,,,,NO
21,2026-06-15,2026-06-15 15:01:08,2026-06-15 15:14:57,KXETH15M-26JUN151515-15,15.95,15.956,0.006000000000000227,0.0376175548589356,1,YES,2026-06-15 15:13:36,0.999,6,5.994,050da02d-d1e4-4067-b845-2c989e0a896e,True,2026-06-15 15:14:57,1.0,6,6.0,,SETTLEMENT,0.006000000000000005,0.10010010010010019,81,WIN,False,,,,YES
22,2026-06-15,2026-06-15 15:16:08,2026-06-15 15:29:59,KXETH15M-26JUN151530-30,15.96,15.966000000000001,0.006000000000000227,0.037593984962407435,1,NO,2026-06-15 15:28:32,0.999,6,5.994,cdfe9f9e-37e1-47f3-98c2-4634a3f3d2df,True,2026-06-15 15:29:59,1.0,6,6.0,,SETTLEMENT,0.006000000000000005,0.10010010010010019,87,WIN,False,,,,NO
23,2026-06-15,2026-06-15 15:31:07,2026-06-15 15:44:58,KXETH15M-26JUN151545-45,15.98,15.986,0.006000000000000227,0.03754693366708528,1,YES,2026-06-15 15:42:55,0.999,6,5.994,91a69541-5e68-4cf2-a941-09c91f3162de,True,2026-06-15 15:44:58,1.0,6,6.0,,SETTLEMENT,0.006000000000000005,0.10010010010010019,123,WIN,False,,,,YES
24,2026-06-15,2026-06-15 15:46:08,2026-06-15 15:59:56,KXETH15M-26JUN151600-00,15.99,15.996,0.006000000000000227,0.03752345215759992,1,NO,2026-06-15 15:57:59,0.999,6,5.994,b8f9faa0-30c4-4846-8db2-8d680388cc42,True,2026-06-15 15:59:56,1.0,6,6.0,,SETTLEMENT,0.006000000000000005,0.10010010010010019,117,WIN,False,,,,NO
25,2026-06-15,2026-06-15 16:01:09,2026-06-15 16:14:55,KXETH15M-26JUN151615-15,16.0,16.006,0.006000000000000227,0.03750000000000142,1,YES,2026-06-15 16:13:19,0.999,6,5.994,b6c2a3b5-fe7c-4341-ac24-7319c0e0a81d,True,2026-06-15 16:14:55,1.0,6,6.0,,SETTLEMENT,0.006000000000000005,0.10010010010010019,96,WIN,False,,,,YES
1,2026-06-15,2026-06-15 17:07:57,2026-06-15 17:14:57,KXETH15M-26JUN151715-15,16.01,16.022000000000002,0.012000000000000455,0.07495315427857872,1,YES,2026-06-15 17:13:21,0.9979999999999999,6,5.9879999999999995,333668b6-f245-4346-bf5b-db233475a967,True,2026-06-15 17:14:57,1.0,6,6.0,,SETTLEMENT,0.012000000000000677,0.20040080160321772,96,WIN,False,,,,YES
2,2026-06-15,2026-06-15 17:16:14,2026-06-15 17:29:58,KXETH15M-26JUN151730-30,16.02,16.026,0.006000000000000227,0.037453183520600675,1,NO,2026-06-15 17:28:44,0.999,6,5.994,d162d163-1247-4806-8d04-79884aa562ed,True,2026-06-15 17:29:58,1.0,6,6.0,,SETTLEMENT,0.006000000000000005,0.10010010010010019,74,WIN,False,,,,NO
3,2026-06-15,2026-06-15 17:31:09,2026-06-15 17:44:59,KXETH15M-26JUN151745-45,16.04,16.046,0.006000000000000227,0.03740648379052511,1,YES,2026-06-15 17:44:32,0.999,6,5.994,c8ed85cf-71e6-4a83-8498-6bb0699d7f8a,True,2026-06-15 17:44:59,1.0,6,6.0,,SETTLEMENT,0.006000000000000005,0.10010010010010019,27,WIN,False,,,,YES
4,2026-06-15,2026-06-15 17:46:08,2026-06-15 17:59:59,KXETH15M-26JUN151800-00,16.04,16.046,0.006000000000000227,0.03740648379052511,1,NO,2026-06-15 17:58:24,0.999,6,5.994,dcc8eebf-cbad-4d04-9296-a23866261635,True,2026-06-15 17:59:59,1.0,6,6.0,,SETTLEMENT,0.006000000000000005,0.10010010010010019,95,WIN,False,,,,NO
5,2026-06-15,2026-06-15 18:01:14,2026-06-15 18:14:59,KXETH15M-26JUN151815-15,16.07,16.076,0.006000000000000227,0.03733665214685891,1,NO,2026-06-15 18:14:29,0.999,6,5.994,6f3af55a-1ef3-40eb-9e9b-ba2363245974,True,2026-06-15 18:14:59,1.0,6,6.0,,SETTLEMENT,0.006000000000000005,0.10010010010010019,30,WIN,False,,,,NO
6,2026-06-15,2026-06-15 18:16:14,2026-06-15 18:29:57,KXETH15M-26JUN151830-30,16.08,16.086,0.006000000000000227,0.037313432835822315,1,NO,2026-06-15 18:27:54,0.999,6,5.994,a78a1528-2294-4cef-8dc4-2bcd33328e95,True,2026-06-15 18:29:57,1.0,6,6.0,,SETTLEMENT,0.006000000000000005,0.10010010010010019,123,WIN,False,,,,NO
7,2026-06-15,2026-06-15 18:31:14,2026-06-15 18:44:35,KXETH15M-26JUN151845-45,16.09,16.036,-0.053999999999998494,-0.33561218147917027,1,YES,2026-06-15 18:44:32,0.999,6,5.994,736bf13b-f00d-40e3-844a-de33c3920745,True,2026-06-15 18:44:35,0.9899999999999999,6,5.9399999999999995,6b3f33b5-7901-4934-8f60-580d71f7f625,MANUAL_STOP_LOSS,-0.054000000000000714,-0.9009009009009129,3,LOSS,False,,,,
8,2026-06-15,2026-06-15 18:46:02,2026-06-15 18:59:59,KXETH15M-26JUN151900-00,16.04,16.046,0.006000000000000227,0.03740648379052511,1,NO,2026-06-15 18:59:21,0.999,6,5.994,314283e5-152d-48b0-8bae-a3a4ffc1e949,True,2026-06-15 18:59:59,1.0,6,6.0,,SETTLEMENT,0.006000000000000005,0.10010010010010019,38,WIN,False,,,,NO
12,2026-06-15,2026-06-15 19:46:02,2026-06-15 19:59:59,KXETH15M-26JUN152000-00,16.07,16.076,0.006000000000000227,0.03733665214685891,1,YES,2026-06-15 19:58:00,0.999,6,5.994,572c5af3-ddf2-4b74-aadd-e34dc3f4ed71,True,2026-06-15 19:59:59,1.0,6,6.0,,SETTLEMENT,0.006000000000000005,0.10010010010010019,119,WIN,False,,,,YES
13,2026-06-15,2026-06-15 20:01:10,2026-06-15 20:14:55,KXETH15M-26JUN152015-15,16.08,16.086,0.006000000000000227,0.037313432835822315,1,YES,2026-06-15 20:14:19,0.999,6,5.994,5ce5107a-d6cd-4948-a0a1-c5095fc3e528,True,2026-06-15 20:14:55,1.0,6,6.0,,SETTLEMENT,0.006000000000000005,0.10010010010010019,36,WIN,False,,,,YES
14,2026-06-15,2026-06-15 20:16:08,2026-06-15 20:29:58,KXETH15M-26JUN152030-30,16.09,16.096,0.006000000000000227,0.037290242386576924,1,NO,2026-06-15 20:28:49,0.999,6,5.994,665a06e4-1acb-4ae9-9153-c44f5cad88d2,True,2026-06-15 20:29:58,1.0,6,6.0,,SETTLEMENT,0.006000000000000005,0.10010010010010019,69,WIN,False,,,,NO
16,2026-06-15,2026-06-15 20:46:02,2026-06-15 20:59:57,KXETH15M-26JUN152100-00,17.25,17.256,0.006000000000000227,0.03478260869565349,1,NO,2026-06-15 20:57:51,0.999,6,5.994,6c8b308d-0ccc-403d-b84c-8deb6a5aa49a,True,2026-06-15 20:59:57,1.0,6,6.0,,SETTLEMENT,0.006000000000000005,0.10010010010010019,126,WIN,False,,,,NO
17,2026-06-15,2026-06-15 21:01:09,2026-06-15 21:14:55,KXETH15M-26JUN152115-15,17.26,17.266000000000002,0.006000000000000227,0.03476245654693063,1,YES,2026-06-15 21:14:00,0.999,6,5.994,dec077c1-7fe3-459c-a2fc-a0cfe78f126b,True,2026-06-15 21:14:55,1.0,6,6.0,,SETTLEMENT,0.006000000000000005,0.10010010010010019,55,WIN,False,,,,YES
18,2026-06-15,2026-06-15 21:16:08,2026-06-15 21:29:56,KXETH15M-26JUN152130-30,17.27,17.276,0.006000000000000227,0.03474232773595962,1,YES,2026-06-15 21:28:34,0.999,6,5.994,a4fa385c-8e9b-4421-8458-e3652f9e887d,True,2026-06-15 21:29:56,1.0,6,6.0,,SETTLEMENT,0.006000000000000005,0.10010010010010019,82,WIN,False,,,,YES
19,2026-06-15,2026-06-15 21:31:09,2026-06-15 21:44:58,KXETH15M-26JUN152145-45,17.28,17.286,0.006000000000000227,0.034722222222223535,1,NO,2026-06-15 21:44:34,0.999,6,5.994,48db92de-62fe-4668-a75f-12c8e909be90,True,2026-06-15 21:44:58,1.0,6,6.0,,SETTLEMENT,0.006000000000000005,0.10010010010010019,24,WIN,False,,,,NO
20,2026-06-15,2026-06-15 21:46:14,2026-06-15 21:59:57,KXETH15M-26JUN152200-00,17.29,17.296,0.006000000000000227,0.03470213996529918,1,NO,2026-06-15 21:58:18,0.999,6,5.994,4b8c6b01-1c3a-4405-9e9a-e1aa1ecda2ae,True,2026-06-15 21:59:57,1.0,6,6.0,,SETTLEMENT,0.006000000000000005,0.10010010010010019,99,WIN,False,,,,NO
21,2026-06-15,2026-06-15 22:01:09,2026-06-15 22:14:59,KXETH15M-26JUN152215-15,17.3,17.306,0.006000000000000227,0.0346820809248568,1,NO,2026-06-15 22:12:53,0.999,6,5.994,8137f152-0cea-4d6f-939c-5b572cfa16da,True,2026-06-15 22:14:59,1.0,6,6.0,,SETTLEMENT,0.006000000000000005,0.10010010010010019,126,WIN,False,,,,NO
22,2026-06-15,2026-06-15 22:16:09,2026-06-15 22:29:56,KXETH15M-26JUN152230-30,17.31,17.322,0.012000000000000455,0.06932409012131979,1,NO,2026-06-15 22:28:16,0.9979999999999999,6,5.9879999999999995,c48c8210-5926-45e0-a7bb-b50b6112d3a6,True,2026-06-15 22:29:56,1.0,6,6.0,,SETTLEMENT,0.012000000000000677,0.20040080160321772,100,WIN,False,,,,NO
24,2026-06-15,2026-06-15 22:46:02,2026-06-15 22:59:57,KXETH15M-26JUN152300-00,17.34,17.346,0.006000000000000227,0.03460207612456878,1,NO,2026-06-15 22:58:48,0.999,6,5.994,844a7ea8-df7d-41d8-ae6d-24d7e6cd7d0a,True,2026-06-15 22:59:57,1.0,6,6.0,,SETTLEMENT,0.006000000000000005,0.10010010010010019,69,WIN,False,,,,NO
25,2026-06-15,2026-06-15 23:01:09,2026-06-15 23:14:57,KXETH15M-26JUN152315-15,17.35,17.356,0.006000000000000227,0.034582132564842806,1,YES,2026-06-15 23:13:46,0.999,6,5.994,a65a7a76-b8fe-4297-840e-d068ecf95927,True,2026-06-15 23:14:57,1.0,6,6.0,,SETTLEMENT,0.006000000000000005,0.10010010010010019,71,WIN,False,,,,YES
26,2026-06-15,2026-06-15 23:16:03,2026-06-15 23:29:57,KXETH15M-26JUN152330-30,17.36,17.366,0.006000000000000227,0.034562211981568135,1,YES,2026-06-15 23:29:09,0.999,6,5.994,622cef8a-d44f-4cdc-b486-599ca8c9aa68,True,2026-06-15 23:29:57,1.0,6,6.0,,SETTLEMENT,0.006000000000000005,0.10010010010010019,48,WIN,False,,,,YES
27,2026-06-15,2026-06-15 23:31:15,2026-06-15 23:44:59,KXETH15M-26JUN152345-45,17.37,17.376,0.006000000000000227,0.034542314335061754,1,YES,2026-06-15 23:44:53,0.999,6,5.994,85b97076-b204-44a5-8281-f0acb23dd745,True,2026-06-15 23:44:59,1.0,6,6.0,,SETTLEMENT,0.006000000000000005,0.10010010010010019,6,WIN,False,,,,YES
28,2026-06-15,2026-06-15 23:46:14,2026-06-15 23:59:58,KXETH15M-26JUN160000-00,17.38,17.392,0.012000000000000455,0.06904487917146407,1,NO,2026-06-15 23:59:13,0.9979999999999999,6,5.9879999999999995,a7de7f64-87d4-4ee8-bf22-3d54de99ae55,True,2026-06-15 23:59:58,1.0,6,6.0,,SETTLEMENT,0.012000000000000677,0.20040080160321772,45,WIN,False,,,,NO
29,2026-06-16,2026-06-16 00:01:14,2026-06-16 00:14:56,KXETH15M-26JUN160015-15,17.4,17.412,0.012000000000000455,0.06896551724138193,1,NO,2026-06-16 00:14:02,0.9979999999999999,6,5.9879999999999995,9f0017f7-dea0-4f81-b9fe-dee81b589100,True,2026-06-16 00:14:56,1.0,6,6.0,,SETTLEMENT,0.012000000000000677,0.20040080160321772,54,WIN,False,,,,NO
30,2026-06-16,2026-06-16 00:16:08,2026-06-16 00:29:58,KXETH15M-26JUN160030-30,17.41,17.416,0.006000000000000227,0.03446295232625059,1,NO,2026-06-16 00:28:06,0.999,6,5.994,1414787f-fae4-461a-80e4-fed64f8a3079,True,2026-06-16 00:29:58,1.0,6,6.0,,SETTLEMENT,0.006000000000000005,0.10010010010010019,112,WIN,False,,,,NO
31,2026-06-16,2026-06-16 00:31:09,2026-06-16 00:44:59,KXETH15M-26JUN160045-45,17.42,17.426000000000002,0.006000000000000227,0.03444316877152828,1,NO,2026-06-16 00:44:03,0.999,6,5.994,2dcae118-5399-4d7f-b929-53a5d45ea9b4,True,2026-06-16 00:44:59,1.0,6,6.0,,SETTLEMENT,0.006000000000000005,0.10010010010010019,56,WIN,False,,,,NO
33,2026-06-16,2026-06-16 01:01:04,2026-06-16 01:14:59,KXETH15M-26JUN160115-15,17.44,17.446,0.006000000000000227,0.03440366972477195,1,YES,2026-06-16 01:13:26,0.999,6,5.994,1db4ecbb-26dd-493b-aba8-38db1639d06a,True,2026-06-16 01:14:59,1.0,6,6.0,,SETTLEMENT,0.006000000000000005,0.10010010010010019,93,WIN,False,,,,YES
34,2026-06-16,2026-06-16 01:16:08,2026-06-16 01:29:56,KXETH15M-26JUN160130-30,17.45,17.462,0.012000000000000455,0.0687679083094582,1,NO,2026-06-16 01:29:35,0.9979999999999999,6,5.9879999999999995,bfc0ba70-2dba-4231-9c8e-e01770ba6e3c,True,2026-06-16 01:29:56,1.0,6,6.0,,SETTLEMENT,0.012000000000000677,0.20040080160321772,21,WIN,False,,,,NO
37,2026-06-16,2026-06-16 02:01:02,2026-06-16 02:14:57,KXETH15M-26JUN160215-15,17.47,17.482,0.012000000000000455,0.06868918145392361,1,YES,2026-06-16 02:13:08,0.9979999999999999,6,5.9879999999999995,94f4a6b3-2a31-4419-8796-6393cb20cd58,True,2026-06-16 02:14:57,1.0,6,6.0,,SETTLEMENT,0.012000000000000677,0.20040080160321772,109,WIN,False,,,,YES
38,2026-06-16,2026-06-16 02:16:08,2026-06-16 02:29:57,KXETH15M-26JUN160230-30,17.49,17.497,0.0070000000000014495,0.040022870211557746,1,YES,2026-06-16 02:29:00,0.999,7,6.993,28c64e7c-0764-4eea-bdb0-89c8522e66e5,True,2026-06-16 02:29:57,1.0,7,7.0,,SETTLEMENT,0.007000000000000006,0.10010010010010019,57,WIN,False,,,,YES
39,2026-06-16,2026-06-16 02:31:10,2026-06-16 02:44:57,KXETH15M-26JUN160245-45,17.5,17.506999999999998,0.006999999999997897,0.03999999999998798,1,YES,2026-06-16 02:43:14,0.999,7,6.993,b7cd77af-07f7-49aa-ab84-db51128f09f7,True,2026-06-16 02:44:57,1.0,7,7.0,,SETTLEMENT,0.007000000000000006,0.10010010010010019,103,WIN,False,,,,YES
40,2026-06-16,2026-06-16 02:46:09,2026-06-16 02:59:55,KXETH15M-26JUN160300-00,17.52,17.527,0.0070000000000014495,0.039954337899551655,1,YES,2026-06-16 02:59:29,0.999,7,6.993,c40a9049-3544-48ad-9f31-64416d60b153,True,2026-06-16 02:59:55,1.0,7,7.0,,SETTLEMENT,0.007000000000000006,0.10010010010010019,26,WIN,False,,,,YES
41,2026-06-16,2026-06-16 03:01:08,2026-06-16 03:14:59,KXETH15M-26JUN160315-15,17.52,17.527,0.0070000000000014495,0.039954337899551655,1,NO,2026-06-16 03:14:02,0.999,7,6.993,c8b3cf16-6e2a-4556-8ddd-49b9caf216a1,True,2026-06-16 03:14:59,1.0,7,7.0,,SETTLEMENT,0.007000000000000006,0.10010010010010019,57,WIN,False,,,,NO
42,2026-06-16,2026-06-16 03:16:08,2026-06-16 03:29:59,KXETH15M-26JUN160330-30,17.54,17.546999999999997,0.006999999999997897,0.03990877993157296,1,YES,2026-06-16 03:28:23,0.999,7,6.993,2858a747-5cc4-4041-bca6-efdd96d4da23,True,2026-06-16 03:29:59,1.0,7,7.0,,SETTLEMENT,0.007000000000000006,0.10010010010010019,96,WIN,False,,,,YES
43,2026-06-16,2026-06-16 03:31:08,2026-06-16 03:44:59,KXETH15M-26JUN160345-45,17.57,17.576999999999998,0.006999999999997897,0.03984063745018723,1,NO,2026-06-16 03:44:33,0.999,7,6.993,8c081fdb-a4f5-4603-8f2e-1bd97536a900,True,2026-06-16 03:44:59,1.0,7,7.0,,SETTLEMENT,0.007000000000000006,0.10010010010010019,26,WIN,False,,,,NO
45,2026-06-16,2026-06-16 04:01:02,2026-06-16 04:14:57,KXETH15M-26JUN160415-15,17.58,17.586999999999996,0.006999999999997897,0.03981797497154663,1,YES,2026-06-16 04:13:15,0.999,7,6.993,11d42073-dfa5-4f52-9d6e-2749270f685f,True,2026-06-16 04:14:57,1.0,7,7.0,,SETTLEMENT,0.007000000000000006,0.10010010010010019,102,WIN,False,,,,YES
46,2026-06-16,2026-06-16 04:16:13,2026-06-16 04:29:55,KXETH15M-26JUN160430-30,17.59,17.597,0.0070000000000014495,0.03979533826038346,1,YES,2026-06-16 04:28:14,0.999,7,6.993,0eea325b-23dc-487c-a801-e12737088928,True,2026-06-16 04:29:55,1.0,7,7.0,,SETTLEMENT,0.007000000000000006,0.10010010010010019,101,WIN,False,,,,YES
47,2026-06-16,2026-06-16 04:31:16,2026-06-16 04:44:57,KXETH15M-26JUN160445-45,17.61,17.616999999999997,0.006999999999997897,0.03975014196478079,1,YES,2026-06-16 04:43:59,0.999,7,6.993,58a89f3f-4f43-410a-92b4-903082101c14,True,2026-06-16 04:44:57,1.0,7,7.0,,SETTLEMENT,0.007000000000000006,0.10010010010010019,58,WIN,False,,,,YES
48,2026-06-16,2026-06-16 04:46:14,2026-06-16 04:59:59,KXETH15M-26JUN160500-00,17.62,17.627000000000002,0.0070000000000014495,0.039727582292857264,1,YES,2026-06-16 04:57:40,0.999,7,6.993,f3a4c54a-6585-47e7-9a7b-bd07b2170a3a,True,2026-06-16 04:59:59,1.0,7,7.0,,SETTLEMENT,0.007000000000000006,0.10010010010010019,139,WIN,False,,,,YES
49,2026-06-16,2026-06-16 05:01:13,2026-06-16 05:14:58,KXETH15M-26JUN160515-15,17.64,17.647,0.006999999999997897,0.03968253968252776,1,NO,2026-06-16 05:14:07,0.999,7,6.993,d4c7a427-4763-409d-a5da-78bd32e54d09,True,2026-06-16 05:14:58,1.0,7,7.0,,SETTLEMENT,0.007000000000000006,0.10010010010010019,51,WIN,False,,,,NO
50,2026-06-16,2026-06-16 05:16:14,2026-06-16 05:29:57,KXETH15M-26JUN160530-30,17.65,17.656999999999996,0.006999999999997897,0.03966005665721189,1,NO,2026-06-16 05:27:42,0.999,7,6.993,1c2309c3-6f81-4988-9d08-cae24c1f645a,True,2026-06-16 05:29:57,1.0,7,7.0,,SETTLEMENT,0.007000000000000006,0.10010010010010019,135,WIN,False,,,,NO
52,2026-06-16,2026-06-16 05:46:02,2026-06-16 05:59:55,KXETH15M-26JUN160600-00,17.67,17.677,0.006999999999997897,0.03961516694962024,1,NO,2026-06-16 05:58:49,0.999,7,6.993,b6712a16-ec95-422f-b12a-2c3e457db3b5,True,2026-06-16 05:59:55,1.0,7,7.0,,SETTLEMENT,0.007000000000000006,0.10010010010010019,66,WIN,False,,,,NO
54,2026-06-16,2026-06-16 06:16:02,2026-06-16 06:30:00,KXETH15M-26JUN160630-30,17.69,17.697000000000003,0.0070000000000014495,0.0395703787450619,1,YES,2026-06-16 06:27:59,0.999,7,6.993,3370d10c-33d2-42af-8d47-aa1eeef68482,True,2026-06-16 06:30:00,1.0,7,7.0,,SETTLEMENT,0.007000000000000006,0.10010010010010019,121,WIN,False,,,,YES
55,2026-06-16,2026-06-16 06:31:08,2026-06-16 06:44:59,KXETH15M-26JUN160645-45,17.7,17.707,0.0070000000000014495,0.03954802259887825,1,NO,2026-06-16 06:43:57,0.999,7,6.993,a186da4f-a332-4088-9276-063b22e3c000,True,2026-06-16 06:44:59,1.0,7,7.0,,SETTLEMENT,0.007000000000000006,0.10010010010010019,62,WIN,False,,,,NO
56,2026-06-16,2026-06-16 06:46:13,2026-06-16 06:59:57,KXETH15M-26JUN160700-00,17.71,17.717,0.006999999999997897,0.039525691699592864,1,NO,2026-06-16 06:59:19,0.999,7,6.993,e9c20d4d-0137-497c-a015-2fcc7b5f98e6,True,2026-06-16 06:59:57,1.0,7,7.0,,SETTLEMENT,0.007000000000000006,0.10010010010010019,38,WIN,False,,,,NO
57,2026-06-16,2026-06-16 07:01:03,2026-06-16 07:14:55,KXETH15M-26JUN160715-15,17.73,17.737000000000002,0.0070000000000014495,0.039481105470961356,1,YES,2026-06-16 07:14:26,0.999,7,6.993,02a66eb8-464e-42d8-af35-3f5baa0b9851,True,2026-06-16 07:14:55,1.0,7,7.0,,SETTLEMENT,0.007000000000000006,0.10010010010010019,29,WIN,False,,,,YES
58,2026-06-16,2026-06-16 07:16:14,2026-06-16 07:29:58,KXETH15M-26JUN160730-30,17.74,17.747,0.0070000000000014495,0.039458850056377955,1,NO,2026-06-16 07:29:17,0.999,7,6.993,75231195-7c35-4164-900f-b16772232ab5,True,2026-06-16 07:29:58,1.0,7,7.0,,SETTLEMENT,0.007000000000000006,0.10010010010010019,41,WIN,False,,,,NO
59,2026-06-16,2026-06-16 07:31:14,2026-06-16 07:44:59,KXETH15M-26JUN160745-45,17.75,17.756999999999998,0.006999999999997897,0.03943661971829801,1,YES,2026-06-16 07:44:13,0.999,7,6.993,2cae2f2c-126d-4212-a19d-0b3737d05a50,True,2026-06-16 07:44:59,1.0,7,7.0,,SETTLEMENT,0.007000000000000006,0.10010010010010019,46,WIN,False,,,,YES
60,2026-06-16,2026-06-16 07:46:09,2026-06-16 07:59:57,KXETH15M-26JUN160800-00,17.76,17.767000000000003,0.0070000000000014495,0.039414414414422574,1,YES,2026-06-16 07:58:29,0.999,7,6.993,dcd59843-99c5-41d0-91c4-2a049f2ecdae,True,2026-06-16 07:59:57,1.0,7,7.0,,SETTLEMENT,0.007000000000000006,0.10010010010010019,88,WIN,False,,,,YES
61,2026-06-16,2026-06-16 08:01:08,2026-06-16 08:14:57,KXETH15M-26JUN160815-15,17.77,17.777,0.0070000000000014495,0.03939223410242797,1,YES,2026-06-16 08:12:59,0.999,7,6.993,5f8abfdb-7331-487d-ae0c-a32b214baa16,True,2026-06-16 08:14:57,1.0,7,7.0,,SETTLEMENT,0.007000000000000006,0.10010010010010019,118,WIN,False,,,,YES
62,2026-06-16,2026-06-16 08:16:14,2026-06-16 08:29:55,KXETH15M-26JUN160830-30,17.78,17.787,0.006999999999997897,0.03937007874014565,1,YES,2026-06-16 08:28:58,0.999,7,6.993,d1438df8-957c-4b50-9229-397635bff445,True,2026-06-16 08:29:55,1.0,7,7.0,,SETTLEMENT,0.007000000000000006,0.10010010010010019,57,WIN,False,,,,YES
63,2026-06-16,2026-06-16 08:31:08,2026-06-16 08:44:58,KXETH15M-26JUN160845-45,17.8,17.807000000000002,0.0070000000000014495,0.03932584269663736,1,NO,2026-06-16 08:43:59,0.999,7,6.993,d4149439-3295-4115-8772-3181e19ba364,True,2026-06-16 08:44:58,1.0,7,7.0,,SETTLEMENT,0.007000000000000006,0.10010010010010019,59,WIN,False,,,,NO
64,2026-06-16,2026-06-16 08:46:13,2026-06-16 08:59:58,KXETH15M-26JUN160900-00,17.81,17.817,0.0070000000000014495,0.0393037619315073,1,NO,2026-06-16 08:58:58,0.999,7,6.993,9ee3501f-5f9f-4369-bdd5-147c0e2caa88,True,2026-06-16 08:59:58,1.0,7,7.0,,SETTLEMENT,0.007000000000000006,0.10010010010010019,60,WIN,False,,,,NO
65,2026-06-16,2026-06-16 09:01:08,2026-06-16 09:14:56,KXETH15M-26JUN160915-15,17.82,17.826999999999998,0.006999999999997897,0.03928170594836081,1,NO,2026-06-16 09:12:41,0.999,7,6.993,125016c3-6694-470a-81e0-d72b5a40b2c0,True,2026-06-16 09:14:56,1.0,7,7.0,,SETTLEMENT,0.007000000000000006,0.10010010010010019,135,WIN,False,,,,NO
66,2026-06-16,2026-06-16 09:16:09,2026-06-16 09:29:55,KXETH15M-26JUN160930-30,17.84,17.847,0.0070000000000014495,0.039237668161443105,1,YES,2026-06-16 09:29:29,0.999,7,6.993,8c739fd0-1a18-49f7-adb2-73fff86c910c,True,2026-06-16 09:29:55,1.0,7,7.0,,SETTLEMENT,0.007000000000000006,0.10010010010010019,26,WIN,False,,,,YES
1,2026-06-16,2026-06-16 10:03:46,2026-06-16 10:14:57,KXETH15M-26JUN161015-15,17.88,17.887,0.0070000000000014495,0.03914988814318484,1,NO,2026-06-16 10:14:18,0.999,7,6.993,a964376e-07f1-46e0-a0e7-bd3863fbfeb6,True,2026-06-16 10:14:57,1.0,7,7.0,,SETTLEMENT,0.007000000000000006,0.10010010010010019,39,WIN,False,,,,NO
2,2026-06-16,2026-06-16 10:16:08,2026-06-16 10:29:55,KXETH15M-26JUN161030-30,17.89,17.897,0.006999999999997897,0.03912800447176018,1,NO,2026-06-16 10:27:41,0.999,7,6.993,5d796f02-d5b9-446a-9907-bfb624d9d7da,True,2026-06-16 10:29:55,1.0,7,7.0,,SETTLEMENT,0.007000000000000006,0.10010010010010019,134,WIN,False,,,,NO
3,2026-06-16,2026-06-16 10:31:03,2026-06-16 10:44:59,KXETH15M-26JUN161045-45,17.9,17.906999999999996,0.006999999999997897,0.0391061452513849,1,YES,2026-06-16 10:44:13,0.999,7,6.993,d720d728-93b8-4a43-9ded-d4168d2d1d49,True,2026-06-16 10:44:59,1.0,7,7.0,,SETTLEMENT,0.007000000000000006,0.10010010010010019,46,WIN,False,,,,YES
5,2026-06-16,2026-06-16 11:01:02,2026-06-16 11:14:59,KXETH15M-26JUN161115-15,17.92,17.927,0.006999999999997897,0.03906249999998826,1,YES,2026-06-16 11:13:42,0.999,7,6.993,0f56758d-10a5-4e9e-995c-cb982ae38b94,True,2026-06-16 11:14:59,1.0,7,7.0,,SETTLEMENT,0.007000000000000006,0.10010010010010019,77,WIN,False,,,,YES
1,2026-06-16,2026-06-16 11:22:16,2026-06-16 11:29:57,KXETH15M-26JUN161130-30,17.93,17.937,0.0070000000000014495,0.03904071388734774,1,NO,2026-06-16 11:28:03,0.9989999999999999,7,6.992999999999999,ac829116-460c-4d82-becf-a7ae0ae17cb2,True,2026-06-16 11:29:57,1.0,7,7.0,,SETTLEMENT,0.007000000000000783,0.1001001001001113,114,WIN,False,,,,NO
2,2026-06-16,2026-06-16 11:31:08,2026-06-16 11:44:55,KXETH15M-26JUN161145-45,17.95,17.957,0.0070000000000014495,0.038997214484687744,1,YES,2026-06-16 11:44:24,0.999,7,6.993,82234747-33c6-4dd2-bc9e-f321fdefc2ad,True,2026-06-16 11:44:55,1.0,7,7.0,,SETTLEMENT,0.007000000000000006,0.10010010010010019,31,WIN,False,,,,YES
3,2026-06-16,2026-06-16 11:46:13,2026-06-16 11:59:56,KXETH15M-26JUN161200-00,17.96,17.967,0.006999999999997897,0.038975501113574035,1,YES,2026-06-16 11:58:00,0.999,7,6.993,4bf15ccc-ebfc-4b76-a884-4fed513612a0,True,2026-06-16 11:59:56,1.0,7,7.0,,SETTLEMENT,0.007000000000000006,0.10010010010010019,116,WIN,False,,,,YES
4,2026-06-16,2026-06-16 12:01:03,2026-06-16 12:15:00,KXETH15M-26JUN161215-15,17.97,17.976999999999997,0.006999999999997897,0.038953811908725086,1,NO,2026-06-16 12:13:45,0.999,7,6.993,94ad99bd-9185-4c9e-aa34-5b62d1d910b4,True,2026-06-16 12:15:00,1.0,7,7.0,,SETTLEMENT,0.007000000000000006,0.10010010010010019,75,WIN,False,,,,NO
6,2026-06-16,2026-06-16 12:31:06,2026-06-16 12:44:59,KXETH15M-26JUN161245-45,17.99,17.997,0.0070000000000014495,0.03891050583658393,1,YES,2026-06-16 12:44:20,0.999,7,6.993,f47b8c72-e387-4ddd-879f-ae758fe4480f,True,2026-06-16 12:44:59,1.0,7,7.0,,SETTLEMENT,0.007000000000000006,0.10010010010010019,39,WIN,False,,,,YES
7,2026-06-16,2026-06-16 12:46:08,2026-06-16 12:59:59,KXETH15M-26JUN161300-00,18.01,18.017000000000003,0.0070000000000014495,0.03886729594670433,1,NO,2026-06-16 12:59:12,0.999,7,6.993,9cd31b0d-4a18-4774-833c-b71c72ba7582,True,2026-06-16 12:59:59,1.0,7,7.0,,SETTLEMENT,0.007000000000000006,0.10010010010010019,47,WIN,False,,,,NO
8,2026-06-16,2026-06-16 13:01:14,2026-06-16 13:14:58,KXETH15M-26JUN161315-15,18.02,18.027,0.0070000000000014495,0.03884572697004134,1,YES,2026-06-16 13:13:58,0.999,7,6.993,96e76973-95d3-4a37-8bd9-9d3f076afd15,True,2026-06-16 13:14:58,1.0,7,7.0,,SETTLEMENT,0.007000000000000006,0.10010010010010019,60,WIN,False,,,,YES
9,2026-06-16,2026-06-16 13:16:13,2026-06-16 13:29:55,KXETH15M-26JUN161330-30,18.03,18.037000000000003,0.0070000000000014495,0.038824181919031885,1,YES,2026-06-16 13:29:17,0.9989999999999999,7,6.992999999999999,f84021df-a213-44a3-8cf2-23d2159ac907,True,2026-06-16 13:29:55,1.0,7,7.0,,SETTLEMENT,0.007000000000000783,0.1001001001001113,38,WIN,False,,,,YES
10,2026-06-16,2026-06-16 13:31:14,2026-06-16 13:44:58,KXETH15M-26JUN161345-45,18.05,18.057000000000002,0.0070000000000014495,0.03878116343491108,1,YES,2026-06-16 13:43:51,0.999,7,6.993,14201d4e-fd0d-41b9-b359-05d92b073b56,True,2026-06-16 13:44:58,1.0,7,7.0,,SETTLEMENT,0.007000000000000006,0.10010010010010019,67,WIN,False,,,,YES
13,2026-06-16,2026-06-16 14:16:02,2026-06-16 14:29:55,KXETH15M-26JUN161430-30,19.57,19.576999999999998,0.006999999999997897,0.03576903423606488,1,NO,2026-06-16 14:27:48,0.999,7,6.993,38bdf2eb-35b2-4323-a681-ada54c747823,True,2026-06-16 14:29:55,1.0,7,7.0,,SETTLEMENT,0.007000000000000006,0.10010010010010019,127,WIN,False,,,,NO
14,2026-06-16,2026-06-16 14:31:08,2026-06-16 14:44:55,KXETH15M-26JUN161445-45,19.59,19.597,0.0070000000000014495,0.03573251659010439,1,YES,2026-06-16 14:44:24,0.999,7,6.993,77270800-e00f-4f45-8c90-5965a53ddadc,True,2026-06-16 14:44:55,1.0,7,7.0,,SETTLEMENT,0.007000000000000006,0.10010010010010019,31,WIN,False,,,,YES
15,2026-06-16,2026-06-16 14:46:14,2026-06-16 14:59:56,KXETH15M-26JUN161500-00,19.6,19.607,0.006999999999997897,0.03571428571427498,1,YES,2026-06-16 14:58:00,0.999,7,6.993,63ca3c9d-19a4-49b5-aa90-9c124a957a36,True,2026-06-16 14:59:56,1.0,7,7.0,,SETTLEMENT,0.007000000000000006,0.10010010010010019,116,WIN,False,,,,YES
3,2026-06-16,2026-06-16 16:16:07,2026-06-16 16:29:59,KXETH15M-26JUN161630-30,19.62,19.627000000000002,0.0070000000000014495,0.03567787971458435,1,NO,2026-06-16 16:28:49,0.999,7,6.993,ad088d0b-200d-4e15-96fd-9b5d910b0f0f,True,2026-06-16 16:29:59,1.0,7,7.0,,SETTLEMENT,0.007000000000000006,0.10010010010010019,70,WIN,False,,,,NO
4,2026-06-16,2026-06-16 16:31:08,2026-06-16 16:45:00,KXETH15M-26JUN161645-45,19.63,19.637,0.0070000000000014495,0.035659704533884104,1,YES,2026-06-16 16:42:41,0.999,7,6.993,adc91b2d-b746-418a-bbf8-dc435eb9f28c,True,2026-06-16 16:45:00,1.0,7,7.0,,SETTLEMENT,0.007000000000000006,0.10010010010010019,139,WIN,False,,,,YES
6,2026-06-16,2026-06-16 17:01:03,2026-06-16 17:14:58,KXETH15M-26JUN161715-15,19.65,19.656999999999996,0.006999999999997897,0.035623409669200495,1,YES,2026-06-16 17:13:53,0.999,7,6.993,97cfb662-0b5c-4c87-80de-dc4fb07ed741,True,2026-06-16 17:14:58,1.0,7,7.0,,SETTLEMENT,0.007000000000000006,0.10010010010010019,65,WIN,False,,,,YES
7,2026-06-16,2026-06-16 17:16:08,2026-06-16 17:29:59,KXETH15M-26JUN161730-30,19.67,19.675,0.004999999999999005,0.025419420437208975,1,NO,2026-06-16 17:28:05,0.999,5,4.995,6d85ce30-951c-4e23-929e-7af677f1e4dc,True,2026-06-16 17:29:59,1.0,5,5.0,,SETTLEMENT,0.0050000000000000044,0.10010010010010019,114,WIN,False,,,,NO
8,2026-06-16,2026-06-16 17:31:08,2026-06-16 17:44:59,KXETH15M-26JUN161745-45,19.68,19.694,0.013999999999999346,0.0711382113821105,1,YES,2026-06-16 17:44:35,0.998,7,6.986,f7dcb97b-a6da-4a78-8046-59be167bac97,True,2026-06-16 17:44:59,1.0,7,7.0,,SETTLEMENT,0.014000000000000012,0.2004008016032066,24,WIN,False,,,,YES
9,2026-06-16,2026-06-16 17:46:13,2026-06-16 18:00:07,KXETH15M-26JUN161800-00,19.7,19.707,0.0070000000000014495,0.03553299492386523,1,YES,2026-06-16 17:58:55,0.999,7,6.993,016b68a3-1d40-4dbc-875e-b26691c6b98e,True,2026-06-16 18:00:07,1.0,7,7.0,,SETTLEMENT,0.007000000000000006,0.10010010010010019,72,WIN,False,,,,YES
10,2026-06-16,2026-06-16 18:01:10,2026-06-16 18:15:03,KXETH15M-26JUN161815-15,19.71,19.724,0.013999999999999346,0.07102993404362935,1,YES,2026-06-16 18:13:33,0.998,7,6.986,5c5babde-c63d-417e-8299-80489d5854d2,True,2026-06-16 18:15:03,1.0,7,7.0,,SETTLEMENT,0.014000000000000012,0.2004008016032066,90,WIN,False,,,,YES
12,2026-06-16,2026-06-16 18:31:02,2026-06-16 18:45:00,KXETH15M-26JUN161845-45,20.05,20.058,0.007999999999999119,0.03990024937655421,1,NO,2026-06-16 18:44:03,0.999,8,7.992,3b2aa0ad-15e8-4814-a464-c956a1e8269b,True,2026-06-16 18:45:00,1.0,8,8.0,,SETTLEMENT,0.008000000000000007,0.10010010010010019,57,WIN,False,,,,NO
13,2026-06-16,2026-06-16 18:46:08,2026-06-16 18:59:55,KXETH15M-26JUN161900-00,20.07,20.078,0.007999999999999119,0.03986048829097718,1,YES,2026-06-16 18:58:21,0.999,8,7.992,7dc4a8a2-256d-4f60-abd5-b9db18daf755,True,2026-06-16 18:59:55,1.0,8,8.0,,SETTLEMENT,0.008000000000000007,0.10010010010010019,94,WIN,False,,,,YES
16,2026-06-16,2026-06-16 19:31:02,2026-06-16 19:44:55,KXETH15M-26JUN161945-45,20.76,20.768,0.007999999999999119,0.03853564547205741,1,NO,2026-06-16 19:44:05,0.999,8,7.992,3b7c1ad1-7387-4271-b131-f491bd236ecb,True,2026-06-16 19:44:55,1.0,8,8.0,,SETTLEMENT,0.008000000000000007,0.10010010010010019,50,WIN,False,,,,NO
17,2026-06-16,2026-06-16 19:46:14,2026-06-16 19:59:55,KXETH15M-26JUN162000-00,20.77,20.778,0.007999999999999119,0.038517091959552816,1,NO,2026-06-16 19:59:15,0.999,8,7.992,b83de7ba-3f35-45ec-ba17-d3200ae548ef,True,2026-06-16 19:59:55,1.0,8,8.0,,SETTLEMENT,0.008000000000000007,0.10010010010010019,40,WIN,False,,,,NO
18,2026-06-16,2026-06-16 20:01:14,2026-06-16 20:15:00,KXETH15M-26JUN162015-15,20.78,20.788,0.007999999999999119,0.03849855630413435,1,YES,2026-06-16 20:13:25,0.999,8,7.992,05b56968-ee62-4b62-a048-5f69b93e1b3a,True,2026-06-16 20:15:00,1.0,8,8.0,,SETTLEMENT,0.008000000000000007,0.10010010010010019,95,WIN,False,,,,YES
19,2026-06-16,2026-06-16 20:16:13,2026-06-16 20:29:58,KXETH15M-26JUN162030-30,4.8,4.801,0.001000000000000334,0.020833333333340292,1,NO,2026-06-16 20:29:13,0.999,1,0.999,6716724b-8352-45ed-8ada-43f101bb9046,True,2026-06-16 20:29:58,1.0,1,1.0,,SETTLEMENT,0.0010000000000000009,0.10010010010010019,45,WIN,False,,,,NO
20,2026-06-16,2026-06-16 20:31:08,2026-06-16 20:44:59,KXETH15M-26JUN162045-45,20.8,20.808,0.007999999999999119,0.038461538461534224,1,YES,2026-06-16 20:43:14,0.999,8,7.992,27e96abc-af23-4667-9cd7-262fabcdc794,True,2026-06-16 20:44:59,1.0,8,8.0,,SETTLEMENT,0.008000000000000007,0.10010010010010019,105,WIN,False,,,,YES
21,2026-06-16,2026-06-16 20:46:09,2026-06-16 20:59:59,KXETH15M-26JUN162100-00,20.82,20.828,0.007999999999999119,0.03842459173870854,1,NO,2026-06-16 20:58:48,0.999,8,7.992,70235be4-1a99-4147-a13b-9d3b5a402837,True,2026-06-16 20:59:59,1.0,8,8.0,,SETTLEMENT,0.008000000000000007,0.10010010010010019,71,WIN,False,,,,NO
22,2026-06-16,2026-06-16 21:01:03,2026-06-16 21:15:00,KXETH15M-26JUN162115-15,20.83,20.837999999999997,0.007999999999999119,0.038406144983193086,1,NO,2026-06-16 21:14:29,0.999,8,7.992,f027efa2-ef29-4905-9a4a-ce0f5b4ba634,True,2026-06-16 21:15:00,1.0,8,8.0,,SETTLEMENT,0.008000000000000007,0.10010010010010019,31,WIN,False,,,,NO
24,2026-06-16,2026-06-16 21:31:02,2026-06-16 21:44:55,KXETH15M-26JUN162145-45,21.24,21.247999999999998,0.007999999999999119,0.03766478342749115,1,YES,2026-06-16 21:43:44,0.999,8,7.992,47c7a4ff-a680-440d-b4f7-dad435c0b780,True,2026-06-16 21:44:55,1.0,8,8.0,,SETTLEMENT,0.008000000000000007,0.10010010010010019,71,WIN,False,,,,YES
25,2026-06-16,2026-06-16 21:46:14,2026-06-16 21:59:57,KXETH15M-26JUN162200-00,21.26,21.268,0.007999999999999119,0.03762935089369294,1,YES,2026-06-16 21:58:12,0.999,8,7.992,78265bc8-5f7b-4bcd-ada1-04fefb98ca13,True,2026-06-16 21:59:57,1.0,8,8.0,,SETTLEMENT,0.008000000000000007,0.10010010010010019,105,WIN,False,,,,YES
27,2026-06-16,2026-06-16 22:16:06,2026-06-16 22:29:58,KXETH15M-26JUN162230-30,21.28,21.287,0.006999999999997897,0.03289473684209538,1,YES,2026-06-16 22:27:59,0.999,7,6.993,447d4eef-7287-4621-961a-88773846992e,True,2026-06-16 22:29:58,1.0,7,7.0,,SETTLEMENT,0.007000000000000006,0.10010010010010019,119,WIN,False,,,,YES
28,2026-06-16,2026-06-16 22:31:09,2026-06-16 22:44:57,KXETH15M-26JUN162245-45,21.29,21.305999999999997,0.015999999999998238,0.07515265382808003,1,NO,2026-06-16 22:42:44,0.998,8,7.984,6d77133c-48fc-47af-bfe3-9da84074b1ad,True,2026-06-16 22:44:57,1.0,8,8.0,,SETTLEMENT,0.016000000000000014,0.20040080160320656,133,WIN,False,,,,NO
29,2026-06-16,2026-06-16 22:46:08,2026-06-16 22:59:59,KXETH15M-26JUN162300-00,21.32,21.328,0.007999999999999119,0.03752345215759437,1,YES,2026-06-16 22:59:41,0.999,8,7.992,823d85d1-a906-4f64-9283-2f5c4edb503b,True,2026-06-16 22:59:59,1.0,8,8.0,,SETTLEMENT,0.008000000000000007,0.10010010010010019,18,WIN,False,,,,YES
30,2026-06-16,2026-06-16 23:01:20,2026-06-16 23:14:57,KXETH15M-26JUN162315-15,21.33,21.337999999999997,0.007999999999999119,0.03750586029066629,1,NO,2026-06-16 23:13:38,0.999,8,7.992,947ff53c-f15f-4f9d-98c6-c5ab31faeaeb,True,2026-06-16 23:14:57,1.0,8,8.0,,SETTLEMENT,0.008000000000000007,0.10010010010010019,79,WIN,False,,,,NO
31,2026-06-16,2026-06-16 23:16:14,2026-06-16 23:29:59,KXETH15M-26JUN162330-30,21.35,21.358,0.007999999999999119,0.03747072599531203,1,NO,2026-06-16 23:29:21,0.999,8,7.992,3463de16-1354-4fa6-b1d0-52110cf1e717,True,2026-06-16 23:29:59,1.0,8,8.0,,SETTLEMENT,0.008000000000000007,0.10010010010010019,38,WIN,False,,,,NO
32,2026-06-16,2026-06-16 23:31:14,2026-06-16 23:44:55,KXETH15M-26JUN162345-45,21.36,21.368,0.007999999999999119,0.037453183520595124,1,YES,2026-06-16 23:42:44,0.999,8,7.992,5469fef0-27a8-4c30-8bb1-b217957e37dd,True,2026-06-16 23:44:55,1.0,8,8.0,,SETTLEMENT,0.008000000000000007,0.10010010010010019,131,WIN,False,,,,YES
35,2026-06-17,2026-06-17 00:16:02,2026-06-17 00:29:59,KXETH15M-26JUN170030-30,21.36,21.368,0.007999999999999119,0.037453183520595124,1,YES,2026-06-17 00:29:26,0.999,8,7.992,bcbaa78c-71e9-47b7-bcc3-4c2c158c5f5c,True,2026-06-17 00:29:59,1.0,8,8.0,,SETTLEMENT,0.008000000000000007,0.10010010010010019,33,WIN,False,,,,YES
36,2026-06-17,2026-06-17 00:31:08,2026-06-17 00:44:58,KXETH15M-26JUN170045-45,21.38,21.387999999999998,0.007999999999999119,0.037418147801679694,1,YES,2026-06-17 00:44:29,0.999,8,7.992,bfc9236f-e970-4df6-8ccf-edc99a5edf44,True,2026-06-17 00:44:58,1.0,8,8.0,,SETTLEMENT,0.008000000000000007,0.10010010010010019,29,WIN,False,,,,YES
37,2026-06-17,2026-06-17 00:46:15,2026-06-17 00:59:58,KXETH15M-26JUN170100-00,21.39,21.398,0.007999999999999119,0.03740065451144983,1,NO,2026-06-17 00:59:29,0.999,8,7.992,ca3cc2c1-d494-4465-9c38-2a36e421387d,True,2026-06-17 00:59:58,1.0,8,8.0,,SETTLEMENT,0.008000000000000007,0.10010010010010019,29,WIN,False,,,,NO
38,2026-06-17,2026-06-17 01:01:16,2026-06-17 01:14:55,KXETH15M-26JUN170115-15,21.41,21.418,0.007999999999999119,0.03736571695468995,1,NO,2026-06-17 01:14:01,0.999,8,7.992,8d2fcc39-f070-4f5e-a58e-953cda162e91,True,2026-06-17 01:14:55,1.0,8,8.0,,SETTLEMENT,0.008000000000000007,0.10010010010010019,54,WIN,False,,,,NO
39,2026-06-17,2026-06-17 01:16:14,2026-06-17 01:29:55,KXETH15M-26JUN170130-30,21.42,21.428,0.007999999999999119,0.037348272642386174,1,YES,2026-06-17 01:29:24,0.999,8,7.992,2ba251de-934a-4034-8464-9a8def05eae7,True,2026-06-17 01:29:55,1.0,8,8.0,,SETTLEMENT,0.008000000000000007,0.10010010010010019,31,WIN,False,,,,YES
40,2026-06-17,2026-06-17 01:31:13,2026-06-17 01:44:59,KXETH15M-26JUN170145-45,21.44,21.448,0.007999999999999119,0.037313432835816784,1,YES,2026-06-17 01:43:11,0.999,8,7.992,569708a0-860f-4426-a422-485294a53bf3,True,2026-06-17 01:44:59,1.0,8,8.0,,SETTLEMENT,0.008000000000000007,0.10010010010010019,108,WIN,False,,,,YES
41,2026-06-17,2026-06-17 01:46:14,2026-06-17 01:59:57,KXETH15M-26JUN170200-00,21.45,21.458,0.007999999999999119,0.037296037296033195,1,NO,2026-06-17 01:57:47,0.999,8,7.992,8c8799c6-c4a1-41c3-bb67-0c1596d18974,True,2026-06-17 01:59:57,1.0,8,8.0,,SETTLEMENT,0.008000000000000007,0.10010010010010019,130,WIN,False,,,,NO
42,2026-06-17,2026-06-17 02:01:09,2026-06-17 02:14:57,KXETH15M-26JUN170215-15,21.47,21.477999999999998,0.007999999999999119,0.03726129482999124,1,YES,2026-06-17 02:13:36,0.999,8,7.992,4f39ab82-22d7-40b7-834d-f5762f10f86a,True,2026-06-17 02:14:57,1.0,8,8.0,,SETTLEMENT,0.008000000000000007,0.10010010010010019,81,WIN,False,,,,YES
43,2026-06-17,2026-06-17 02:16:14,2026-06-17 02:29:57,KXETH15M-26JUN170230-30,21.48,21.488,0.007999999999999119,0.03724394785846889,1,NO,2026-06-17 02:27:59,0.999,8,7.992,6481494a-7a0f-4901-824a-8eb72de50702,True,2026-06-17 02:29:57,1.0,8,8.0,,SETTLEMENT,0.008000000000000007,0.10010010010010019,118,WIN,False,,,,NO
44,2026-06-17,2026-06-17 02:31:08,2026-06-17 02:44:56,KXETH15M-26JUN170245-45,21.5,21.508,0.007999999999999119,0.037209302325577294,1,NO,2026-06-17 02:44:28,0.999,8,7.992,b42b7c08-3e5d-4601-b450-23842b7486e7,True,2026-06-17 02:44:56,1.0,8,8.0,,SETTLEMENT,0.008000000000000007,0.10010010010010019,28,WIN,False,,,,NO
45,2026-06-17,2026-06-17 02:46:13,2026-06-17 02:59:56,KXETH15M-26JUN170300-00,21.53,21.538,0.007999999999999119,0.03715745471434797,1,YES,2026-06-17 02:58:49,0.999,8,7.992,4f231260-b934-4033-8c34-30284f88f40c,True,2026-06-17 02:59:56,1.0,8,8.0,,SETTLEMENT,0.008000000000000007,0.10010010010010019,67,WIN,False,,,,YES
46,2026-06-17,2026-06-17 03:01:08,2026-06-17 03:14:58,KXETH15M-26JUN170315-15,21.55,21.558,0.007999999999999119,0.03712296983758292,1,YES,2026-06-17 03:14:12,0.999,8,7.992,61a75a91-4fd8-445e-9745-4e14ae8a92b4,True,2026-06-17 03:14:58,1.0,8,8.0,,SETTLEMENT,0.008000000000000007,0.10010010010010019,46,WIN,False,,,,YES
47,2026-06-17,2026-06-17 03:16:08,2026-06-17 03:30:01,KXETH15M-26JUN170330-30,21.57,21.578,0.007999999999999119,0.03708854891051979,1,NO,2026-06-17 03:27:41,0.999,8,7.992,bc7c097b-365e-4db4-bc3a-32cbf1d5d6ef,True,2026-06-17 03:30:01,1.0,8,8.0,,SETTLEMENT,0.008000000000000007,0.10010010010010019,140,WIN,False,,,,NO
48,2026-06-17,2026-06-17 03:31:09,2026-06-17 03:44:58,KXETH15M-26JUN170345-45,21.59,21.598,0.007999999999999119,0.037054191755438254,1,YES,2026-06-17 03:43:04,0.999,8,7.992,d9a2c1f4-1a6e-4143-800a-25187f287e4b,True,2026-06-17 03:44:58,1.0,8,8.0,,SETTLEMENT,0.008000000000000007,0.10010010010010019,114,WIN,False,,,,YES
49,2026-06-17,2026-06-17 03:46:13,2026-06-17 03:59:56,KXETH15M-26JUN170400-00,21.59,21.598,0.007999999999999119,0.037054191755438254,1,NO,2026-06-17 03:59:17,0.999,8,7.992,b81812ac-b2db-4fe4-983d-f45778cedb8b,True,2026-06-17 03:59:56,1.0,8,8.0,,SETTLEMENT,0.008000000000000007,0.10010010010010019,39,WIN,False,,,,NO
50,2026-06-17,2026-06-17 04:01:09,2026-06-17 04:14:58,KXETH15M-26JUN170415-15,21.6,21.608,0.007999999999999119,0.037037037037032955,1,NO,2026-06-17 04:14:02,0.999,8,7.992,f4663bbd-8d86-487d-a7a1-03d48c3e08fc,True,2026-06-17 04:14:58,1.0,8,8.0,,SETTLEMENT,0.008000000000000007,0.10010010010010019,56,WIN,False,,,,NO
51,2026-06-17,2026-06-17 04:16:14,2026-06-17 04:29:56,KXETH15M-26JUN170430-30,21.61,21.618,0.007999999999999119,0.03701989819527589,1,NO,2026-06-17 04:28:52,0.999,8,7.992,155b80b5-95b7-4ba5-9bbc-ffc41816b8fe,True,2026-06-17 04:29:56,1.0,8,8.0,,SETTLEMENT,0.008000000000000007,0.10010010010010019,64,WIN,False,,,,NO
52,2026-06-17,2026-06-17 04:31:08,2026-06-17 04:44:58,KXETH15M-26JUN170445-45,21.62,21.628,0.007999999999999119,0.03700277520813653,1,NO,2026-06-17 04:42:41,0.999,8,7.992,a06df726-0b6b-46d4-b6f3-6431cb10d5e2,True,2026-06-17 04:44:58,1.0,8,8.0,,SETTLEMENT,0.008000000000000007,0.10010010010010019,137,WIN,False,,,,NO
53,2026-06-17,2026-06-17 04:46:14,2026-06-17 05:00:02,KXETH15M-26JUN170500-00,21.64,21.648,0.007999999999999119,0.0369685767097926,1,YES,2026-06-17 04:59:31,0.999,8,7.992,a7a38432-2e03-4c7d-ab77-f10590e27da3,True,2026-06-17 05:00:02,1.0,8,8.0,,SETTLEMENT,0.008000000000000007,0.10010010010010019,31,WIN,False,,,,YES
54,2026-06-17,2026-06-17 05:01:05,2026-06-17 05:14:57,KXETH15M-26JUN170515-15,21.65,21.657999999999998,0.007999999999999119,0.036951501154730344,1,YES,2026-06-17 05:13:22,0.999,8,7.992,724d6454-66e0-45c1-bc4b-270a07662ed7,True,2026-06-17 05:14:57,1.0,8,8.0,,SETTLEMENT,0.008000000000000007,0.10010010010010019,95,WIN,False,,,,YES
55,2026-06-17,2026-06-17 05:16:08,2026-06-17 05:29:55,KXETH15M-26JUN170530-30,21.67,21.678,0.007999999999999119,0.036917397323484626,1,YES,2026-06-17 05:27:51,0.999,8,7.992,beb9a003-e331-49fd-82e3-be90f8390f73,True,2026-06-17 05:29:55,1.0,8,8.0,,SETTLEMENT,0.008000000000000007,0.10010010010010019,124,WIN,False,,,,YES
61,2026-06-17,2026-06-17 06:46:02,2026-06-17 06:59:55,KXETH15M-26JUN170700-00,21.74,21.747999999999998,0.007999999999999119,0.03679852805887359,1,NO,2026-06-17 06:58:50,0.999,8,7.992,704f2724-8975-4fbc-b1c6-18611f20afbd,True,2026-06-17 06:59:55,1.0,8,8.0,,SETTLEMENT,0.008000000000000007,0.10010010010010019,65,WIN,False,,,,NO
62,2026-06-17,2026-06-17 07:01:08,2026-06-17 07:14:58,KXETH15M-26JUN170715-15,21.76,21.768,0.007999999999999119,0.03676470588234889,1,NO,2026-06-17 07:13:59,0.999,8,7.992,bb81b868-6834-474d-bc20-92f7c217ecd5,True,2026-06-17 07:14:58,1.0,8,8.0,,SETTLEMENT,0.008000000000000007,0.10010010010010019,59,WIN,False,,,,NO
63,2026-06-17,2026-06-17 07:16:08,2026-06-17 07:30:00,KXETH15M-26JUN170730-30,21.77,21.778,0.007999999999999119,0.036747818098296366,1,YES,2026-06-17 07:29:15,0.999,8,7.992,9661bc93-01cd-4ea3-b037-235fed700c78,True,2026-06-17 07:30:00,1.0,8,8.0,,SETTLEMENT,0.008000000000000007,0.10010010010010019,45,WIN,False,,,,YES
64,2026-06-17,2026-06-17 07:31:07,2026-06-17 07:44:59,KXETH15M-26JUN170745-45,21.79,21.798,0.007999999999999119,0.03671408903166186,1,NO,2026-06-17 07:44:18,0.999,8,7.992,6a9a4913-5da5-48e7-b0d7-1e0cc04d0c73,True,2026-06-17 07:44:59,1.0,8,8.0,,SETTLEMENT,0.008000000000000007,0.10010010010010019,41,WIN,False,,,,NO
67,2026-06-17,2026-06-17 08:16:02,2026-06-17 08:29:56,KXETH15M-26JUN170830-30,21.82,21.828,0.007999999999999119,0.036663611365715484,1,NO,2026-06-17 08:28:01,0.999,8,7.992,820b870b-f465-4d3d-ae4d-ea5e433ad2ea,True,2026-06-17 08:29:56,1.0,8,8.0,,SETTLEMENT,0.008000000000000007,0.10010010010010019,115,WIN,False,,,,NO
68,2026-06-17,2026-06-17 08:31:08,2026-06-17 08:45:00,KXETH15M-26JUN170845-45,21.83,21.837999999999997,0.007999999999999119,0.036646816307829226,1,YES,2026-06-17 08:42:58,0.999,8,7.992,cfc6ba8b-4791-4d4b-b22e-25dfe8c0dcee,True,2026-06-17 08:45:00,1.0,8,8.0,,SETTLEMENT,0.008000000000000007,0.10010010010010019,122,WIN,False,,,,YES
69,2026-06-17,2026-06-17 08:46:08,2026-06-17 08:59:58,KXETH15M-26JUN170900-00,21.85,21.866,0.015999999999998238,0.07322654462241757,1,YES,2026-06-17 08:58:14,0.998,8,7.984,4781610e-a0b6-40e7-b9c2-06cbc4d1a283,True,2026-06-17 08:59:58,1.0,8,8.0,,SETTLEMENT,0.016000000000000014,0.20040080160320656,104,WIN,False,,,,YES
70,2026-06-17,2026-06-17 09:01:09,2026-06-17 09:15:00,KXETH15M-26JUN170915-15,21.87,21.878,0.007999999999999119,0.03657978966620539,1,YES,2026-06-17 09:14:05,0.999,8,7.992,cc18360b-e879-4ae2-bc91-6a23e5815b61,True,2026-06-17 09:15:00,1.0,8,8.0,,SETTLEMENT,0.008000000000000007,0.10010010010010019,55,WIN,False,,,,YES
71,2026-06-17,2026-06-17 09:16:07,2026-06-17 09:29:57,KXETH15M-26JUN170930-30,21.89,21.898,0.007999999999999119,0.036546368204655635,1,NO,2026-06-17 09:28:33,0.999,8,7.992,39d90ea0-8bb6-4f19-813b-6c3bab3e1179,True,2026-06-17 09:29:57,1.0,8,8.0,,SETTLEMENT,0.008000000000000007,0.10010010010010019,84,WIN,False,,,,NO
72,2026-06-17,2026-06-17 09:31:13,2026-06-17 09:45:00,KXETH15M-26JUN170945-45,21.9,21.907999999999998,0.007999999999999119,0.036529680365292784,1,YES,2026-06-17 09:42:55,0.999,8,7.992,8c845caf-6b5f-4d7c-bbd2-f3311e4b5c39,True,2026-06-17 09:45:00,1.0,8,8.0,,SETTLEMENT,0.008000000000000007,0.10010010010010019,125,WIN,False,,,,YES
73,2026-06-17,2026-06-17 09:46:08,2026-06-17 09:59:59,KXETH15M-26JUN171000-00,21.92,21.928,0.007999999999999119,0.036496350364959476,1,NO,2026-06-17 09:59:02,0.999,8,7.992,d6b193e8-e7f8-4de2-9dad-1019f554ef70,True,2026-06-17 09:59:59,1.0,8,8.0,,SETTLEMENT,0.008000000000000007,0.10010010010010019,57,WIN,False,,,,NO
2,2026-06-17,2026-06-17 10:31:02,2026-06-17 10:44:56,KXETH15M-26JUN171045-45,22.22,22.227999999999998,0.007999999999999119,0.03600360036003204,1,YES,2026-06-17 10:43:59,0.999,8,7.992,d2a2a8ed-84bb-4bd5-94ac-d4c27e2d26fd,True,2026-06-17 10:44:56,1.0,8,8.0,,SETTLEMENT,0.008000000000000007,0.10010010010010019,57,WIN,False,,,,YES
5,2026-06-17,2026-06-17 11:16:02,2026-06-17 11:29:59,KXETH15M-26JUN171130-30,21.36,21.368,0.007999999999999119,0.037453183520595124,1,YES,2026-06-17 11:28:35,0.999,8,7.992,70335399-3df8-4a8e-b3ab-2689962767c0,True,2026-06-17 11:29:59,1.0,8,8.0,,SETTLEMENT,0.008000000000000007,0.10010010010010019,84,WIN,False,,,,YES
6,2026-06-17,2026-06-17 11:31:13,2026-06-17 11:44:56,KXETH15M-26JUN171145-45,21.38,21.387999999999998,0.007999999999999119,0.037418147801679694,1,YES,2026-06-17 11:43:21,0.999,8,7.992,8340d53b-7067-469f-a0ed-1b379ec28d13,True,2026-06-17 11:44:56,1.0,8,8.0,,SETTLEMENT,0.008000000000000007,0.10010010010010019,95,WIN,False,,,,YES
7,2026-06-17,2026-06-17 11:46:13,2026-06-17 11:59:58,KXETH15M-26JUN171200-00,21.39,21.398,0.007999999999999119,0.03740065451144983,1,YES,2026-06-17 11:57:46,0.999,8,7.992,7ea874ba-d8e4-4cae-8d1e-a2ba008b6fe6,True,2026-06-17 11:59:58,1.0,8,8.0,,SETTLEMENT,0.008000000000000007,0.10010010010010019,132,WIN,False,,,,YES
8,2026-06-17,2026-06-17 12:01:08,2026-06-17 12:14:55,KXETH15M-26JUN171215-15,21.41,21.418,0.007999999999999119,0.03736571695468995,1,YES,2026-06-17 12:14:17,0.999,8,7.992,9b0f777d-a145-4498-abdf-fc38222d6683,True,2026-06-17 12:14:55,1.0,8,8.0,,SETTLEMENT,0.008000000000000007,0.10010010010010019,38,WIN,False,,,,YES
9,2026-06-17,2026-06-17 12:16:08,2026-06-17 12:29:56,KXETH15M-26JUN171230-30,21.42,21.428,0.007999999999999119,0.037348272642386174,1,YES,2026-06-17 12:28:02,0.999,8,7.992,2f02ddce-148f-4ed6-bea3-8c31bbc59211,True,2026-06-17 12:29:56,1.0,8,8.0,,SETTLEMENT,0.008000000000000007,0.10010010010010019,114,WIN,False,,,,YES
10,2026-06-17,2026-06-17 12:31:07,2026-06-17 12:45:00,KXETH15M-26JUN171245-45,21.44,21.448,0.007999999999999119,0.037313432835816784,1,NO,2026-06-17 12:43:02,0.999,8,7.992,67110136-0de4-4159-8c4a-bbf0ce6d1291,True,2026-06-17 12:45:00,1.0,8,8.0,,SETTLEMENT,0.008000000000000007,0.10010010010010019,118,WIN,False,,,,NO
11,2026-06-17,2026-06-17 12:46:07,2026-06-17 12:59:59,KXETH15M-26JUN171300-00,21.46,21.468,0.007999999999999119,0.03727865796830903,1,NO,2026-06-17 12:59:00,0.999,8,7.992,f02e2a27-6c02-4a59-9695-fad91a40d4fe,True,2026-06-17 12:59:59,1.0,8,8.0,,SETTLEMENT,0.008000000000000007,0.10010010010010019,59,WIN,False,,,,NO
12,2026-06-17,2026-06-17 13:01:09,2026-06-17 13:14:58,KXETH15M-26JUN171315-15,21.47,21.477999999999998,0.007999999999999119,0.03726129482999124,1,YES,2026-06-17 13:14:34,0.999,8,7.992,32ee30f3-17fb-4307-80bc-32fdce80bb8f,True,2026-06-17 13:14:58,1.0,8,8.0,,SETTLEMENT,0.008000000000000007,0.10010010010010019,24,WIN,False,,,,YES
13,2026-06-17,2026-06-17 13:16:13,2026-06-17 13:29:56,KXETH15M-26JUN171330-30,21.49,21.497999999999998,0.007999999999999119,0.03722661703117319,1,YES,2026-06-17 13:28:38,0.999,8,7.992,8bd97839-209d-427e-9780-ea852864af24,True,2026-06-17 13:29:56,1.0,8,8.0,,SETTLEMENT,0.008000000000000007,0.10010010010010019,78,WIN,False,,,,YES
15,2026-06-17,2026-06-17 13:46:02,2026-06-17 13:59:57,KXETH15M-26JUN171400-00,22.0,22.008,0.007999999999999119,0.03636363636363236,1,YES,2026-06-17 13:57:54,0.999,8,7.992,061b6acf-d347-4c63-8099-fbd1d6b9459b,True,2026-06-17 13:59:57,1.0,8,8.0,,SETTLEMENT,0.008000000000000007,0.10010010010010019,123,WIN,False,,,,YES
16,2026-06-17,2026-06-17 14:01:08,2026-06-17 14:15:00,KXETH15M-26JUN171415-15,22.01,22.018,0.007999999999999119,0.03634711494774701,1,NO,2026-06-17 14:12:52,0.999,8,7.992,0abf461f-74ae-4ae7-978b-892e879d9f12,True,2026-06-17 14:15:00,1.0,8,8.0,,SETTLEMENT,0.008000000000000007,0.10010010010010019,128,WIN,False,,,,NO
20,2026-06-17,2026-06-17 15:01:07,2026-06-17 15:14:55,KXETH15M-26JUN171515-15,2.8,2.8009999999999997,0.0009999999999998899,0.035714285714281785,1,YES,2026-06-17 15:14:33,0.999,1,0.999,a94dda38-2e03-4895-973e-40aa87c3687b,True,2026-06-17 15:14:55,1.0,1,1.0,,SETTLEMENT,0.0010000000000000009,0.10010010010010019,22,WIN,False,,,,YES
1,2026-06-17,2026-06-17 20:22:40,2026-06-17 20:29:55,KXETH15M-26JUN172030-30,24.18,24.189,0.009000000000000341,0.03722084367245798,1,NO,2026-06-17 20:29:28,0.999,9,8.991,69fad9c2-36d5-4311-a8e1-7fbe301b2783,True,2026-06-17 20:29:55,1.0,9,9.0,,SETTLEMENT,0.009000000000000008,0.10010010010010019,27,WIN,False,,,,NO
3,2026-06-17,2026-06-17 20:46:02,2026-06-17 20:59:59,KXETH15M-26JUN172100-00,24.19,24.199,0.009000000000000341,0.037205456800332125,1,NO,2026-06-17 20:58:51,0.999,9,8.991,ed655e15-af70-4534-990d-8fee414ce0a4,True,2026-06-17 20:59:59,1.0,9,9.0,,SETTLEMENT,0.009000000000000008,0.10010010010010019,68,WIN,False,,,,NO
7,2026-06-17,2026-06-17 21:46:03,2026-06-17 21:59:56,KXETH15M-26JUN172200-00,25.34,25.35,0.010000000000001563,0.03946329913181359,1,NO,2026-06-17 21:57:43,0.999,10,9.99,71b25373-684f-4601-8f1d-b13dd5dec4c6,True,2026-06-17 21:59:56,1.0,10,10.0,,SETTLEMENT,0.010000000000000009,0.10010010010010019,133,WIN,False,,,,NO
9,2026-06-17,2026-06-17 22:16:02,2026-06-17 22:29:57,KXETH15M-26JUN172230-30,25.36,25.369999999999997,0.00999999999999801,0.039432176656143576,1,YES,2026-06-17 22:28:51,0.999,10,9.99,73b9e507-9c2a-44b8-a017-d519041fa280,True,2026-06-17 22:29:57,1.0,10,10.0,,SETTLEMENT,0.010000000000000009,0.10010010010010019,66,WIN,False,,,,YES
11,2026-06-17,2026-06-17 22:46:03,2026-06-17 23:00:00,KXETH15M-26JUN172300-00,25.4,25.409999999999997,0.00999999999999801,0.03937007874014965,1,NO,2026-06-17 22:59:11,0.999,10,9.99,ed0299fc-72e0-4232-9a5e-f7648c20c8db,True,2026-06-17 23:00:00,1.0,10,10.0,,SETTLEMENT,0.010000000000000009,0.10010010010010019,49,WIN,False,,,,NO
12,2026-06-17,2026-06-17 23:01:11,2026-06-17 23:14:59,KXETH15M-26JUN172315-15,25.42,25.43,0.00999999999999801,0.03933910306844221,1,NO,2026-06-17 23:12:43,0.999,10,9.99,ac1ef1b9-3703-46b2-8281-b7f0639bcc0f,True,2026-06-17 23:14:59,1.0,10,10.0,,SETTLEMENT,0.010000000000000009,0.10010010010010019,136,WIN,False,,,,NO
13,2026-06-17,2026-06-17 23:16:09,2026-06-17 23:29:58,KXETH15M-26JUN172330-30,25.44,25.48,0.03999999999999915,0.15723270440251236,1,NO,2026-06-17 23:27:43,0.9960000000000001,10,9.96,a59dde3c-64d0-4af8-8007-32aee5124b10,True,2026-06-17 23:29:58,1.0,10,10.0,,SETTLEMENT,0.039999999999998925,0.4016064257028005,135,WIN,False,,,,NO
14,2026-06-17,2026-06-17 23:31:18,2026-06-17 23:44:57,KXETH15M-26JUN172345-45,25.49,25.499,0.009000000000000341,0.035307963907416015,1,NO,2026-06-17 23:43:45,0.999,9,8.991,2195f6f5-4115-4d24-9bef-db73379fb98f,True,2026-06-17 23:44:57,1.0,9,9.0,,SETTLEMENT,0.009000000000000008,0.10010010010010019,72,WIN,False,,,,NO
15,2026-06-17,2026-06-17 23:46:09,2026-06-17 23:59:58,KXETH15M-26JUN180000-00,25.51,25.520000000000003,0.010000000000001563,0.03920031360251495,1,YES,2026-06-17 23:58:51,0.999,10,9.99,1e2344dd-c567-4de9-826d-97b9915547aa,True,2026-06-17 23:59:58,1.0,10,10.0,,SETTLEMENT,0.010000000000000009,0.10010010010010019,67,WIN,False,,,,YES
16,2026-06-18,2026-06-18 00:01:14,2026-06-18 00:14:59,KXETH15M-26JUN180015-15,25.52,25.6,0.08000000000000185,0.31347962382445865,1,NO,2026-06-18 00:12:41,0.992,10,9.92,45505855-58de-479c-b83f-d1488ce27639,True,2026-06-18 00:14:59,1.0,10,10.0,,SETTLEMENT,0.08000000000000007,0.8064516129032264,138,WIN,False,,,,NO
18,2026-06-18,2026-06-18 00:31:02,2026-06-18 00:44:56,KXETH15M-26JUN180045-45,25.61,25.619999999999997,0.00999999999999801,0.039047247169066816,1,NO,2026-06-18 00:44:47,0.999,10,9.99,5e72d81a-8990-46c8-9b74-10697a9d9708,True,2026-06-18 00:44:56,1.0,10,10.0,,SETTLEMENT,0.010000000000000009,0.10010010010010019,9,WIN,False,,,,NO
20,2026-06-18,2026-06-18 01:01:01,2026-06-18 01:14:58,KXETH15M-26JUN180115-15,25.64,25.65,0.00999999999999801,0.03900156006239473,1,NO,2026-06-18 01:14:03,0.999,10,9.99,502b58dc-31fa-4929-9cd5-c4b57c214aec,True,2026-06-18 01:14:58,1.0,10,10.0,,SETTLEMENT,0.010000000000000009,0.10010010010010019,55,WIN,False,,,,NO
23,2026-06-18,2026-06-18 01:46:03,2026-06-18 01:59:57,KXETH15M-26JUN180200-00,25.66,25.67,0.010000000000001563,0.03897116134061404,1,YES,2026-06-18 01:59:23,0.999,10,9.99,9cdaebc7-99b6-41b0-bcb9-15b2aa82ca5b,True,2026-06-18 01:59:57,1.0,10,10.0,,SETTLEMENT,0.010000000000000009,0.10010010010010019,34,WIN,False,,,,YES
362,2026-06-18,2026-06-18 05:16:03,2026-06-18 05:29:59,KXETH15M-26JUN180530-30,25.68,25.689999999999998,0.00999999999999801,0.038940809968839606,1,NO,2026-06-18 05:29:33,0.999,10,9.99,686f48b9-3b3d-41cd-ab59-dd4663ae3204,True,2026-06-18 05:29:59,1.0,10,10.0,,SETTLEMENT,0.010000000000000009,0.10010010010010019,26,WIN,False,,,,NO
363,2026-06-18,2026-06-18 05:31:14,2026-06-18 05:44:56,KXETH15M-26JUN180545-45,25.7,25.71,0.010000000000001563,0.03891050583658196,1,YES,2026-06-18 05:44:28,0.999,10,9.99,5976d470-268f-49b4-a617-7bb133857b9c,True,2026-06-18 05:44:56,1.0,10,10.0,,SETTLEMENT,0.010000000000000009,0.10010010010010019,28,WIN,False,,,,YES
368,2026-06-18,2026-06-18 06:46:03,2026-06-18 06:59:58,KXETH15M-26JUN180700-00,25.76,25.770000000000003,0.010000000000001563,0.03881987577640358,1,YES,2026-06-18 06:57:49,0.999,10,9.99,9608c3f7-97e5-49dc-8923-44af8dc6cb5d,True,2026-06-18 06:59:58,1.0,10,10.0,,SETTLEMENT,0.010000000000000009,0.10010010010010019,129,WIN,False,,,,YES
369,2026-06-18,2026-06-18 07:01:09,2026-06-18 07:14:57,KXETH15M-26JUN180715-15,25.78,25.8,0.019999999999999574,0.0775795190069805,1,NO,2026-06-18 07:13:58,0.998,10,9.98,d0d5725b-1bd3-4011-b624-78cc14cf9c76,True,2026-06-18 07:14:57,1.0,10,10.0,,SETTLEMENT,0.020000000000000018,0.20040080160320656,59,WIN,False,,,,NO
371,2026-06-18,2026-06-18 07:31:03,2026-06-18 07:44:56,KXETH15M-26JUN180745-45,25.81,25.82,0.010000000000001563,0.038744672607522526,1,NO,2026-06-18 07:43:32,0.999,10,9.99,d0eebd0c-dda6-4de7-9c0d-277e73f5cb8f,True,2026-06-18 07:44:56,1.0,10,10.0,,SETTLEMENT,0.010000000000000009,0.10010010010010019,84,WIN,False,,,,NO
373,2026-06-18,2026-06-18 08:01:03,2026-06-18 08:14:59,KXETH15M-26JUN180815-15,25.84,25.849,0.009000000000000341,0.03482972136223042,1,YES,2026-06-18 08:13:46,0.999,9,8.991,d1d5ba1a-7930-48f7-941e-c1e3611935a1,True,2026-06-18 08:14:59,1.0,9,9.0,,SETTLEMENT,0.009000000000000008,0.10010010010010019,73,WIN,False,,,,YES
374,2026-06-18,2026-06-18 08:16:08,2026-06-18 08:29:58,KXETH15M-26JUN180830-30,25.85,25.86,0.00999999999999801,0.038684719535775666,1,YES,2026-06-18 08:28:48,0.999,10,9.99,4b97041b-f62c-49a1-b86a-948395e8dde0,True,2026-06-18 08:29:58,1.0,10,10.0,,SETTLEMENT,0.010000000000000009,0.10010010010010019,70,WIN,False,,,,YES
375,2026-06-18,2026-06-18 08:31:14,2026-06-18 08:44:58,KXETH15M-26JUN180845-45,25.87,25.880000000000003,0.010000000000001563,0.0386548125241653,1,NO,2026-06-18 08:44:40,0.999,10,9.99,24ec4bd4-6bdf-4f43-ae44-315d426fe5ce,True,2026-06-18 08:44:58,1.0,10,10.0,,SETTLEMENT,0.010000000000000009,0.10010010010010019,18,WIN,False,,,,NO
376,2026-06-18,2026-06-18 08:46:14,2026-06-18 08:59:55,KXETH15M-26JUN180900-00,25.89,25.9,0.00999999999999801,0.03862495171880266,1,YES,2026-06-18 08:59:13,0.999,10,9.99,500d6d3f-9148-4937-95dc-e9678aac313e,True,2026-06-18 08:59:55,1.0,10,10.0,,SETTLEMENT,0.010000000000000009,0.10010010010010019,42,WIN,False,,,,YES
1,2026-06-18,2026-06-18 10:21:54,2026-06-18 10:29:57,KXETH15M-26JUN181030-30,27.06,27.07,0.010000000000001563,0.03695491500370127,1,YES,2026-06-18 10:29:37,0.999,10,9.99,b7595ce4-fdd1-4fbd-b450-3fd984ea337c,True,2026-06-18 10:29:57,1.0,10,10.0,,SETTLEMENT,0.010000000000000009,0.10010010010010019,20,WIN,False,,,,YES
4,2026-06-18,2026-06-18 11:01:03,2026-06-18 11:14:58,KXETH15M-26JUN181115-15,27.09,27.1,0.010000000000001563,0.036913990402368264,1,NO,2026-06-18 11:14:33,0.999,10,9.99,a10bedd1-cf59-4ede-822c-f6c1e5a30008,True,2026-06-18 11:14:58,1.0,10,10.0,,SETTLEMENT,0.010000000000000009,0.10010010010010019,25,WIN,False,,,,NO
8,2026-06-18,2026-06-18 11:32:06,2026-06-18 11:44:56,KXETH15M-26JUN181145-45,27.12,27.130000000000003,0.010000000000001563,0.03687315634218865,1,NO,2026-06-18 11:42:42,0.999,10,9.99,f4e65c3f-1a06-4c35-898b-88374e71c256,True,2026-06-18 11:44:56,1.0,10,10.0,,SETTLEMENT,0.010000000000000009,0.10010010010010019,134,WIN,False,,,,NO
9,2026-06-18,2026-06-18 11:46:09,2026-06-18 11:59:55,KXETH15M-26JUN181200-00,27.14,27.15,0.00999999999999801,0.0368459837877598,1,NO,2026-06-18 11:57:44,0.999,10,9.99,00ad8334-66c0-4a34-b237-05d15ca60840,True,2026-06-18 11:59:55,1.0,10,10.0,,SETTLEMENT,0.010000000000000009,0.10010010010010019,131,WIN,False,,,,NO
10,2026-06-18,2026-06-18 12:01:13,2026-06-18 12:14:56,KXETH15M-26JUN181215-15,27.16,27.17,0.010000000000001563,0.036818851251846696,1,YES,2026-06-18 12:13:28,0.999,10,9.99,466286e3-b9c0-4433-bc6c-94541a14dfb8,True,2026-06-18 12:14:56,1.0,10,10.0,,SETTLEMENT,0.010000000000000009,0.10010010010010019,88,WIN,False,,,,YES
4,2026-06-18,2026-06-18 13:01:03,2026-06-18 13:14:55,KXETH15M-26JUN181315-15,27.21,27.22,0.00999999999999801,0.03675119441381114,1,NO,2026-06-18 13:13:44,0.999,10,9.99,b1979e88-2248-4aa3-bc07-2e5405543d71,True,2026-06-18 13:14:55,1.0,10,10.0,,SETTLEMENT,0.010000000000000009,0.10010010010010019,71,WIN,False,,,,NO
5,2026-06-18,2026-06-18 13:16:14,2026-06-18 13:29:58,KXETH15M-26JUN181330-30,27.22,27.229999999999997,0.00999999999999801,0.03673769287288027,1,NO,2026-06-18 13:27:41,0.999,10,9.99,8cf8992f-b444-4168-ad53-6c31490b459f,True,2026-06-18 13:29:58,1.0,10,10.0,,SETTLEMENT,0.010000000000000009,0.10010010010010019,137,WIN,False,,,,NO
